[2025-06-17T16:14:28.573+0000] {manager.py:469} INFO - Processing files using up to 1 processes at a time 
[2025-06-17T16:14:28.574+0000] {manager.py:470} INFO - Process each file at most once every 30 seconds
[2025-06-17T16:14:28.575+0000] {manager.py:471} INFO - Checking for new files in /opt/airflow/dags every 300 seconds
[2025-06-17T16:14:28.576+0000] {manager.py:738} INFO - Searching for files in /opt/airflow/dags
[2025-06-17T16:14:28.604+0000] {manager.py:741} INFO - There are 1 files in /opt/airflow/dags
[2025-06-17T16:14:30.056+0000] {manager.py:879} INFO - 
================================================================================
DAG File Processing Stats

File Path                                  PID    Runtime      # DAGs    # Errors  Last Runtime    Last Run
-----------------------------------------  -----  ---------  --------  ----------  --------------  -------------------
/opt/airflow/dags/weather_to_kafka_dag.py                           1           0  1.21s           2025-06-17T16:14:30
================================================================================
[2025-06-17T16:15:01.576+0000] {manager.py:879} INFO - 
================================================================================
DAG File Processing Stats

File Path                                  PID    Runtime      # DAGs    # Errors  Last Runtime    Last Run
-----------------------------------------  -----  ---------  --------  ----------  --------------  -------------------
/opt/airflow/dags/weather_to_kafka_dag.py                           1           0  0.51s           2025-06-17T16:15:01
================================================================================
[2025-06-17T16:15:33.282+0000] {manager.py:879} INFO - 
================================================================================
DAG File Processing Stats

File Path                                  PID    Runtime      # DAGs    # Errors  Last Runtime    Last Run
-----------------------------------------  -----  ---------  --------  ----------  --------------  -------------------
/opt/airflow/dags/weather_to_kafka_dag.py                           1           0  0.51s           2025-06-17T16:15:33
================================================================================
[2025-06-17T16:16:04.934+0000] {manager.py:879} INFO - 
================================================================================
DAG File Processing Stats

File Path                                  PID    Runtime      # DAGs    # Errors  Last Runtime    Last Run
-----------------------------------------  -----  ---------  --------  ----------  --------------  -------------------
/opt/airflow/dags/weather_to_kafka_dag.py                           1           0  0.51s           2025-06-17T16:16:04
================================================================================
[2025-06-17T16:16:35.609+0000] {manager.py:879} INFO - 
================================================================================
DAG File Processing Stats

File Path                                  PID    Runtime      # DAGs    # Errors  Last Runtime    Last Run
-----------------------------------------  -----  ---------  --------  ----------  --------------  -------------------
/opt/airflow/dags/weather_to_kafka_dag.py                           1           0  0.51s           2025-06-17T16:16:35
================================================================================
[2025-06-17T16:17:06.665+0000] {manager.py:879} INFO - 
================================================================================
DAG File Processing Stats

File Path                                  PID    Runtime      # DAGs    # Errors  Last Runtime    Last Run
-----------------------------------------  -----  ---------  --------  ----------  --------------  -------------------
/opt/airflow/dags/weather_to_kafka_dag.py                           1           0  0.51s           2025-06-17T16:17:06
================================================================================
[2025-06-17T16:17:37.802+0000] {manager.py:879} INFO - 
================================================================================
DAG File Processing Stats

File Path                                  PID    Runtime      # DAGs    # Errors  Last Runtime    Last Run
-----------------------------------------  -----  ---------  --------  ----------  --------------  -------------------
/opt/airflow/dags/weather_to_kafka_dag.py                           1           0  0.52s           2025-06-17T16:17:37
================================================================================
[2025-06-17T16:18:08.466+0000] {manager.py:879} INFO - 
================================================================================
DAG File Processing Stats

File Path                                  PID    Runtime      # DAGs    # Errors  Last Runtime    Last Run
-----------------------------------------  -----  ---------  --------  ----------  --------------  -------------------
/opt/airflow/dags/weather_to_kafka_dag.py                           1           0  0.51s           2025-06-17T16:18:08
================================================================================
[2025-06-17T16:18:39.377+0000] {manager.py:879} INFO - 
================================================================================
DAG File Processing Stats

File Path                                  PID    Runtime      # DAGs    # Errors  Last Runtime    Last Run
-----------------------------------------  -----  ---------  --------  ----------  --------------  -------------------
/opt/airflow/dags/weather_to_kafka_dag.py                           1           0  0.52s           2025-06-17T16:18:39
================================================================================
[2025-06-17T16:19:10.880+0000] {manager.py:879} INFO - 
================================================================================
DAG File Processing Stats

File Path                                  PID    Runtime      # DAGs    # Errors  Last Runtime    Last Run
-----------------------------------------  -----  ---------  --------  ----------  --------------  -------------------
/opt/airflow/dags/weather_to_kafka_dag.py                           1           0  0.61s           2025-06-17T16:19:10
================================================================================
[2025-06-17T16:19:29.185+0000] {manager.py:738} INFO - Searching for files in /opt/airflow/dags
[2025-06-17T16:19:29.331+0000] {manager.py:741} INFO - There are 1 files in /opt/airflow/dags
[2025-06-17T16:19:42.868+0000] {manager.py:879} INFO - 
================================================================================
DAG File Processing Stats

File Path                                  PID    Runtime      # DAGs    # Errors  Last Runtime    Last Run
-----------------------------------------  -----  ---------  --------  ----------  --------------  -------------------
/opt/airflow/dags/weather_to_kafka_dag.py                           1           0  0.51s           2025-06-17T16:19:42
================================================================================
[2025-06-17T16:20:12.877+0000] {manager.py:879} INFO - 
================================================================================
DAG File Processing Stats

File Path                                  PID    Runtime      # DAGs    # Errors  Last Runtime    Last Run
-----------------------------------------  -----  ---------  --------  ----------  --------------  -------------------
/opt/airflow/dags/weather_to_kafka_dag.py                           1           0  0.51s           2025-06-17T16:19:42
================================================================================
[2025-06-17T16:20:43.797+0000] {manager.py:879} INFO - 
================================================================================
DAG File Processing Stats

File Path                                  PID    Runtime      # DAGs    # Errors  Last Runtime    Last Run
-----------------------------------------  -----  ---------  --------  ----------  --------------  -------------------
/opt/airflow/dags/weather_to_kafka_dag.py                           1           0  0.51s           2025-06-17T16:20:14
================================================================================
[2025-06-17T16:21:14.741+0000] {manager.py:879} INFO - 
================================================================================
DAG File Processing Stats

File Path                                  PID    Runtime      # DAGs    # Errors  Last Runtime    Last Run
-----------------------------------------  -----  ---------  --------  ----------  --------------  -------------------
/opt/airflow/dags/weather_to_kafka_dag.py                           1           0  0.52s           2025-06-17T16:20:45
================================================================================
[2025-06-17T16:21:45.416+0000] {manager.py:879} INFO - 
================================================================================
DAG File Processing Stats

File Path                                  PID    Runtime      # DAGs    # Errors  Last Runtime    Last Run
-----------------------------------------  -----  ---------  --------  ----------  --------------  -------------------
/opt/airflow/dags/weather_to_kafka_dag.py                           1           0  0.61s           2025-06-17T16:21:16
================================================================================
[2025-06-17T16:22:16.125+0000] {manager.py:879} INFO - 
================================================================================
DAG File Processing Stats

File Path                                  PID    Runtime      # DAGs    # Errors  Last Runtime    Last Run
-----------------------------------------  -----  ---------  --------  ----------  --------------  -------------------
/opt/airflow/dags/weather_to_kafka_dag.py                           1           0  0.51s           2025-06-17T16:21:47
================================================================================
[2025-06-17T16:22:46.494+0000] {manager.py:879} INFO - 
================================================================================
DAG File Processing Stats

File Path                                  PID    Runtime      # DAGs    # Errors  Last Runtime    Last Run
-----------------------------------------  -----  ---------  --------  ----------  --------------  -------------------
/opt/airflow/dags/weather_to_kafka_dag.py                           1           0  0.51s           2025-06-17T16:22:17
================================================================================
[2025-06-17T16:23:16.934+0000] {manager.py:879} INFO - 
================================================================================
DAG File Processing Stats

File Path                                  PID    Runtime      # DAGs    # Errors  Last Runtime    Last Run
-----------------------------------------  -----  ---------  --------  ----------  --------------  -------------------
/opt/airflow/dags/weather_to_kafka_dag.py                           1           0  0.41s           2025-06-17T16:22:49
================================================================================
[2025-06-17T16:23:48.204+0000] {manager.py:879} INFO - 
================================================================================
DAG File Processing Stats

File Path                                  PID    Runtime      # DAGs    # Errors  Last Runtime    Last Run
-----------------------------------------  -----  ---------  --------  ----------  --------------  -------------------
/opt/airflow/dags/weather_to_kafka_dag.py                           1           0  0.63s           2025-06-17T16:23:20
================================================================================
[2025-06-17T16:24:18.600+0000] {manager.py:879} INFO - 
================================================================================
DAG File Processing Stats

File Path                                  PID    Runtime      # DAGs    # Errors  Last Runtime    Last Run
-----------------------------------------  -----  ---------  --------  ----------  --------------  -------------------
/opt/airflow/dags/weather_to_kafka_dag.py                           1           0  0.61s           2025-06-17T16:23:51
================================================================================
[2025-06-17T16:24:30.562+0000] {manager.py:738} INFO - Searching for files in /opt/airflow/dags
[2025-06-17T16:24:30.618+0000] {manager.py:741} INFO - There are 1 files in /opt/airflow/dags
[2025-06-17T16:24:49.645+0000] {manager.py:879} INFO - 
================================================================================
DAG File Processing Stats

File Path                                  PID    Runtime      # DAGs    # Errors  Last Runtime    Last Run
-----------------------------------------  -----  ---------  --------  ----------  --------------  -------------------
/opt/airflow/dags/weather_to_kafka_dag.py                           1           0  0.62s           2025-06-17T16:24:22
================================================================================
[2025-06-17T16:25:20.423+0000] {manager.py:879} INFO - 
================================================================================
DAG File Processing Stats

File Path                                  PID    Runtime      # DAGs    # Errors  Last Runtime    Last Run
-----------------------------------------  -----  ---------  --------  ----------  --------------  -------------------
/opt/airflow/dags/weather_to_kafka_dag.py                           1           0  0.41s           2025-06-17T16:24:53
================================================================================
[2025-06-17T16:25:50.956+0000] {manager.py:879} INFO - 
================================================================================
DAG File Processing Stats

File Path                                  PID    Runtime      # DAGs    # Errors  Last Runtime    Last Run
-----------------------------------------  -----  ---------  --------  ----------  --------------  -------------------
/opt/airflow/dags/weather_to_kafka_dag.py                           1           0  0.62s           2025-06-17T16:25:25
================================================================================
[2025-06-17T16:26:21.512+0000] {manager.py:879} INFO - 
================================================================================
DAG File Processing Stats

File Path                                  PID    Runtime      # DAGs    # Errors  Last Runtime    Last Run
-----------------------------------------  -----  ---------  --------  ----------  --------------  -------------------
/opt/airflow/dags/weather_to_kafka_dag.py                           1           0  0.52s           2025-06-17T16:25:56
================================================================================
[2025-06-17T16:26:51.780+0000] {manager.py:879} INFO - 
================================================================================
DAG File Processing Stats

File Path                                  PID    Runtime      # DAGs    # Errors  Last Runtime    Last Run
-----------------------------------------  -----  ---------  --------  ----------  --------------  -------------------
/opt/airflow/dags/weather_to_kafka_dag.py                           1           0  0.52s           2025-06-17T16:26:27
================================================================================
[2025-06-17T16:27:22.256+0000] {manager.py:879} INFO - 
================================================================================
DAG File Processing Stats

File Path                                  PID    Runtime      # DAGs    # Errors  Last Runtime    Last Run
-----------------------------------------  -----  ---------  --------  ----------  --------------  -------------------
/opt/airflow/dags/weather_to_kafka_dag.py                           1           0  0.62s           2025-06-17T16:26:58
================================================================================
[2025-06-17T16:27:53.252+0000] {manager.py:879} INFO - 
================================================================================
DAG File Processing Stats

File Path                                  PID    Runtime      # DAGs    # Errors  Last Runtime    Last Run
-----------------------------------------  -----  ---------  --------  ----------  --------------  -------------------
/opt/airflow/dags/weather_to_kafka_dag.py                           1           0  0.51s           2025-06-17T16:27:29
================================================================================
[2025-06-17T16:28:23.341+0000] {manager.py:879} INFO - 
================================================================================
DAG File Processing Stats

File Path                                  PID    Runtime      # DAGs    # Errors  Last Runtime    Last Run
-----------------------------------------  -----  ---------  --------  ----------  --------------  -------------------
/opt/airflow/dags/weather_to_kafka_dag.py                           1           0  0.53s           2025-06-17T16:28:00
================================================================================
[2025-06-17T16:28:53.776+0000] {manager.py:879} INFO - 
================================================================================
DAG File Processing Stats

File Path                                  PID    Runtime      # DAGs    # Errors  Last Runtime    Last Run
-----------------------------------------  -----  ---------  --------  ----------  --------------  -------------------
/opt/airflow/dags/weather_to_kafka_dag.py                           1           0  0.93s           2025-06-17T16:28:32
================================================================================
[2025-06-17T16:29:25.100+0000] {manager.py:879} INFO - 
================================================================================
DAG File Processing Stats

File Path                                  PID    Runtime      # DAGs    # Errors  Last Runtime    Last Run
-----------------------------------------  -----  ---------  --------  ----------  --------------  -------------------
/opt/airflow/dags/weather_to_kafka_dag.py                           1           0  0.52s           2025-06-17T16:29:03
================================================================================
[2025-06-17T16:29:30.700+0000] {manager.py:738} INFO - Searching for files in /opt/airflow/dags
[2025-06-17T16:29:30.781+0000] {manager.py:741} INFO - There are 1 files in /opt/airflow/dags
[2025-06-17T16:29:55.539+0000] {manager.py:879} INFO - 
================================================================================
DAG File Processing Stats

File Path                                  PID    Runtime      # DAGs    # Errors  Last Runtime    Last Run
-----------------------------------------  -----  ---------  --------  ----------  --------------  -------------------
/opt/airflow/dags/weather_to_kafka_dag.py                           1           0  0.42s           2025-06-17T16:29:34
================================================================================
[2025-06-17T16:30:25.563+0000] {manager.py:879} INFO - 
================================================================================
DAG File Processing Stats

File Path                                  PID    Runtime      # DAGs    # Errors  Last Runtime    Last Run
-----------------------------------------  -----  ---------  --------  ----------  --------------  -------------------
/opt/airflow/dags/weather_to_kafka_dag.py                           1           0  0.51s           2025-06-17T16:30:04
================================================================================
[2025-06-17T16:30:56.353+0000] {manager.py:879} INFO - 
================================================================================
DAG File Processing Stats

File Path                                  PID    Runtime      # DAGs    # Errors  Last Runtime    Last Run
-----------------------------------------  -----  ---------  --------  ----------  --------------  -------------------
/opt/airflow/dags/weather_to_kafka_dag.py                           1           0  0.52s           2025-06-17T16:30:35
================================================================================
[2025-06-17T16:31:27.167+0000] {manager.py:879} INFO - 
================================================================================
DAG File Processing Stats

File Path                                  PID    Runtime      # DAGs    # Errors  Last Runtime    Last Run
-----------------------------------------  -----  ---------  --------  ----------  --------------  -------------------
/opt/airflow/dags/weather_to_kafka_dag.py                           1           0  0.52s           2025-06-17T16:31:06
================================================================================
[2025-06-17T16:31:57.429+0000] {manager.py:879} INFO - 
================================================================================
DAG File Processing Stats

File Path                                  PID    Runtime      # DAGs    # Errors  Last Runtime    Last Run
-----------------------------------------  -----  ---------  --------  ----------  --------------  -------------------
/opt/airflow/dags/weather_to_kafka_dag.py                           1           0  0.51s           2025-06-17T16:31:37
================================================================================
[2025-06-17T16:32:28.429+0000] {manager.py:879} INFO - 
================================================================================
DAG File Processing Stats

File Path                                  PID    Runtime      # DAGs    # Errors  Last Runtime    Last Run
-----------------------------------------  -----  ---------  --------  ----------  --------------  -------------------
/opt/airflow/dags/weather_to_kafka_dag.py                           1           0  0.52s           2025-06-17T16:32:08
================================================================================
[2025-06-17T16:32:58.869+0000] {manager.py:879} INFO - 
================================================================================
DAG File Processing Stats

File Path                                  PID    Runtime      # DAGs    # Errors  Last Runtime    Last Run
-----------------------------------------  -----  ---------  --------  ----------  --------------  -------------------
/opt/airflow/dags/weather_to_kafka_dag.py                           1           0  0.51s           2025-06-17T16:32:39
================================================================================
[2025-06-17T16:33:29.577+0000] {manager.py:879} INFO - 
================================================================================
DAG File Processing Stats

File Path                                  PID    Runtime      # DAGs    # Errors  Last Runtime    Last Run
-----------------------------------------  -----  ---------  --------  ----------  --------------  -------------------
/opt/airflow/dags/weather_to_kafka_dag.py                           1           0  0.52s           2025-06-17T16:33:10
================================================================================
[2025-06-17T16:34:00.643+0000] {manager.py:879} INFO - 
================================================================================
DAG File Processing Stats

File Path                                  PID    Runtime      # DAGs    # Errors  Last Runtime    Last Run
-----------------------------------------  -----  ---------  --------  ----------  --------------  -------------------
/opt/airflow/dags/weather_to_kafka_dag.py                           1           0  0.62s           2025-06-17T16:33:41
================================================================================
[2025-06-17T16:34:30.699+0000] {manager.py:879} INFO - 
================================================================================
DAG File Processing Stats

File Path                                  PID    Runtime      # DAGs    # Errors  Last Runtime    Last Run
-----------------------------------------  -----  ---------  --------  ----------  --------------  -------------------
/opt/airflow/dags/weather_to_kafka_dag.py                           1           0  0.31s           2025-06-17T16:34:12
================================================================================
[2025-06-17T16:34:31.822+0000] {manager.py:738} INFO - Searching for files in /opt/airflow/dags
[2025-06-17T16:34:31.859+0000] {manager.py:741} INFO - There are 1 files in /opt/airflow/dags
[2025-06-17T16:35:01.851+0000] {manager.py:879} INFO - 
================================================================================
DAG File Processing Stats

File Path                                  PID    Runtime      # DAGs    # Errors  Last Runtime    Last Run
-----------------------------------------  -----  ---------  --------  ----------  --------------  -------------------
/opt/airflow/dags/weather_to_kafka_dag.py                           1           0  0.31s           2025-06-17T16:34:43
================================================================================
[2025-06-17T16:35:33.129+0000] {manager.py:879} INFO - 
================================================================================
DAG File Processing Stats

File Path                                  PID    Runtime      # DAGs    # Errors  Last Runtime    Last Run
-----------------------------------------  -----  ---------  --------  ----------  --------------  -------------------
/opt/airflow/dags/weather_to_kafka_dag.py                           1           0  0.31s           2025-06-17T16:35:13
================================================================================
[2025-06-17T16:36:04.184+0000] {manager.py:879} INFO - 
================================================================================
DAG File Processing Stats

File Path                                  PID    Runtime      # DAGs    # Errors  Last Runtime    Last Run
-----------------------------------------  -----  ---------  --------  ----------  --------------  -------------------
/opt/airflow/dags/weather_to_kafka_dag.py                           1           0  0.31s           2025-06-17T16:35:44
================================================================================
[2025-06-17T16:36:34.320+0000] {manager.py:879} INFO - 
================================================================================
DAG File Processing Stats

File Path                                  PID    Runtime      # DAGs    # Errors  Last Runtime    Last Run
-----------------------------------------  -----  ---------  --------  ----------  --------------  -------------------
/opt/airflow/dags/weather_to_kafka_dag.py                           1           0  0.31s           2025-06-17T16:36:14
================================================================================
[2025-06-17T16:37:05.199+0000] {manager.py:879} INFO - 
================================================================================
DAG File Processing Stats

File Path                                  PID    Runtime      # DAGs    # Errors  Last Runtime    Last Run
-----------------------------------------  -----  ---------  --------  ----------  --------------  -------------------
/opt/airflow/dags/weather_to_kafka_dag.py                           1           0  0.31s           2025-06-17T16:36:45
================================================================================
[2025-06-17T16:37:35.287+0000] {manager.py:879} INFO - 
================================================================================
DAG File Processing Stats

File Path                                  PID    Runtime      # DAGs    # Errors  Last Runtime    Last Run
-----------------------------------------  -----  ---------  --------  ----------  --------------  -------------------
/opt/airflow/dags/weather_to_kafka_dag.py                           1           0  0.31s           2025-06-17T16:37:16
================================================================================
[2025-06-17T16:38:05.971+0000] {manager.py:879} INFO - 
================================================================================
DAG File Processing Stats

File Path                                  PID    Runtime      # DAGs    # Errors  Last Runtime    Last Run
-----------------------------------------  -----  ---------  --------  ----------  --------------  -------------------
/opt/airflow/dags/weather_to_kafka_dag.py                           1           0  0.31s           2025-06-17T16:37:46
================================================================================
[2025-06-17T16:38:36.525+0000] {manager.py:879} INFO - 
================================================================================
DAG File Processing Stats

File Path                                  PID    Runtime      # DAGs    # Errors  Last Runtime    Last Run
-----------------------------------------  -----  ---------  --------  ----------  --------------  -------------------
/opt/airflow/dags/weather_to_kafka_dag.py                           1           0  0.31s           2025-06-17T16:38:17
================================================================================
[2025-06-17T16:39:06.921+0000] {manager.py:879} INFO - 
================================================================================
DAG File Processing Stats

File Path                                  PID    Runtime      # DAGs    # Errors  Last Runtime    Last Run
-----------------------------------------  -----  ---------  --------  ----------  --------------  -------------------
/opt/airflow/dags/weather_to_kafka_dag.py                           1           0  0.31s           2025-06-17T16:38:47
================================================================================
[2025-06-17T16:39:31.979+0000] {manager.py:738} INFO - Searching for files in /opt/airflow/dags
[2025-06-17T16:39:32.042+0000] {manager.py:741} INFO - There are 1 files in /opt/airflow/dags
[2025-06-17T16:39:37.162+0000] {manager.py:879} INFO - 
================================================================================
DAG File Processing Stats

File Path                                  PID    Runtime      # DAGs    # Errors  Last Runtime    Last Run
-----------------------------------------  -----  ---------  --------  ----------  --------------  -------------------
/opt/airflow/dags/weather_to_kafka_dag.py                           1           0  0.31s           2025-06-17T16:39:18
================================================================================
[2025-06-17T16:40:08.197+0000] {manager.py:879} INFO - 
================================================================================
DAG File Processing Stats

File Path                                  PID    Runtime      # DAGs    # Errors  Last Runtime    Last Run
-----------------------------------------  -----  ---------  --------  ----------  --------------  -------------------
/opt/airflow/dags/weather_to_kafka_dag.py                           1           0  0.31s           2025-06-17T16:39:48
================================================================================
[2025-06-17T16:40:39.215+0000] {manager.py:879} INFO - 
================================================================================
DAG File Processing Stats

File Path                                  PID    Runtime      # DAGs    # Errors  Last Runtime    Last Run
-----------------------------------------  -----  ---------  --------  ----------  --------------  -------------------
/opt/airflow/dags/weather_to_kafka_dag.py                           1           0  0.31s           2025-06-17T16:40:19
================================================================================
[2025-06-17T16:41:10.081+0000] {manager.py:879} INFO - 
================================================================================
DAG File Processing Stats

File Path                                  PID    Runtime      # DAGs    # Errors  Last Runtime    Last Run
-----------------------------------------  -----  ---------  --------  ----------  --------------  -------------------
/opt/airflow/dags/weather_to_kafka_dag.py                           1           0  0.31s           2025-06-17T16:40:49
================================================================================
[2025-06-17T16:41:40.107+0000] {manager.py:879} INFO - 
================================================================================
DAG File Processing Stats

File Path                                  PID    Runtime      # DAGs    # Errors  Last Runtime    Last Run
-----------------------------------------  -----  ---------  --------  ----------  --------------  -------------------
/opt/airflow/dags/weather_to_kafka_dag.py                           1           0  0.31s           2025-06-17T16:41:20
================================================================================
[2025-06-17T16:42:10.718+0000] {manager.py:879} INFO - 
================================================================================
DAG File Processing Stats

File Path                                  PID    Runtime      # DAGs    # Errors  Last Runtime    Last Run
-----------------------------------------  -----  ---------  --------  ----------  --------------  -------------------
/opt/airflow/dags/weather_to_kafka_dag.py                           1           0  0.31s           2025-06-17T16:41:51
================================================================================
[2025-06-17T16:42:41.758+0000] {manager.py:879} INFO - 
================================================================================
DAG File Processing Stats

File Path                                  PID    Runtime      # DAGs    # Errors  Last Runtime    Last Run
-----------------------------------------  -----  ---------  --------  ----------  --------------  -------------------
/opt/airflow/dags/weather_to_kafka_dag.py                           1           0  0.30s           2025-06-17T16:42:21
================================================================================
[2025-06-17T16:43:11.762+0000] {manager.py:879} INFO - 
================================================================================
DAG File Processing Stats

File Path                                  PID    Runtime      # DAGs    # Errors  Last Runtime    Last Run
-----------------------------------------  -----  ---------  --------  ----------  --------------  -------------------
/opt/airflow/dags/weather_to_kafka_dag.py                           1           0  0.31s           2025-06-17T16:42:52
================================================================================
[2025-06-17T16:48:13.189+0000] {manager.py:469} INFO - Processing files using up to 1 processes at a time 
[2025-06-17T16:48:13.190+0000] {manager.py:470} INFO - Process each file at most once every 30 seconds
[2025-06-17T16:48:13.190+0000] {manager.py:471} INFO - Checking for new files in /opt/airflow/dags every 300 seconds
[2025-06-17T16:48:13.192+0000] {manager.py:738} INFO - Searching for files in /opt/airflow/dags
[2025-06-17T16:48:13.225+0000] {manager.py:741} INFO - There are 1 files in /opt/airflow/dags
[2025-06-17T16:48:13.781+0000] {manager.py:879} INFO - 
================================================================================
DAG File Processing Stats

File Path                                  PID    Runtime      # DAGs    # Errors  Last Runtime    Last Run
-----------------------------------------  -----  ---------  --------  ----------  --------------  -------------------
/opt/airflow/dags/weather_to_kafka_dag.py                           1           0  0.41s           2025-06-17T16:48:13
================================================================================
[2025-06-17T16:48:44.251+0000] {manager.py:879} INFO - 
================================================================================
DAG File Processing Stats

File Path                                  PID    Runtime      # DAGs    # Errors  Last Runtime    Last Run
-----------------------------------------  -----  ---------  --------  ----------  --------------  -------------------
/opt/airflow/dags/weather_to_kafka_dag.py                           1           0  0.30s           2025-06-17T16:48:44
================================================================================
[2025-06-17T16:49:15.453+0000] {manager.py:879} INFO - 
================================================================================
DAG File Processing Stats

File Path                                  PID    Runtime      # DAGs    # Errors  Last Runtime    Last Run
-----------------------------------------  -----  ---------  --------  ----------  --------------  -------------------
/opt/airflow/dags/weather_to_kafka_dag.py                           1           0  0.31s           2025-06-17T16:49:15
================================================================================
[2025-06-17T16:49:46.691+0000] {manager.py:879} INFO - 
================================================================================
DAG File Processing Stats

File Path                                  PID    Runtime      # DAGs    # Errors  Last Runtime    Last Run
-----------------------------------------  -----  ---------  --------  ----------  --------------  -------------------
/opt/airflow/dags/weather_to_kafka_dag.py                           1           0  0.21s           2025-06-17T16:49:46
================================================================================
[2025-06-17T16:50:17.170+0000] {manager.py:879} INFO - 
================================================================================
DAG File Processing Stats

File Path                                  PID    Runtime      # DAGs    # Errors  Last Runtime    Last Run
-----------------------------------------  -----  ---------  --------  ----------  --------------  -------------------
/opt/airflow/dags/weather_to_kafka_dag.py                           1           0  0.31s           2025-06-17T16:50:17
================================================================================
[2025-06-17T16:50:47.466+0000] {manager.py:879} INFO - 
================================================================================
DAG File Processing Stats

File Path                                  PID    Runtime      # DAGs    # Errors  Last Runtime    Last Run
-----------------------------------------  -----  ---------  --------  ----------  --------------  -------------------
/opt/airflow/dags/weather_to_kafka_dag.py                           1           0  0.21s           2025-06-17T16:50:47
================================================================================
[2025-06-17T16:51:17.736+0000] {manager.py:879} INFO - 
================================================================================
DAG File Processing Stats

File Path                                  PID    Runtime      # DAGs    # Errors  Last Runtime    Last Run
-----------------------------------------  -----  ---------  --------  ----------  --------------  -------------------
/opt/airflow/dags/weather_to_kafka_dag.py                           1           0  0.21s           2025-06-17T16:51:17
================================================================================
[2025-06-17T16:51:48.197+0000] {manager.py:879} INFO - 
================================================================================
DAG File Processing Stats

File Path                                  PID    Runtime      # DAGs    # Errors  Last Runtime    Last Run
-----------------------------------------  -----  ---------  --------  ----------  --------------  -------------------
/opt/airflow/dags/weather_to_kafka_dag.py                           1           0  0.31s           2025-06-17T16:51:48
================================================================================
[2025-06-17T16:52:18.695+0000] {manager.py:879} INFO - 
================================================================================
DAG File Processing Stats

File Path                                  PID    Runtime      # DAGs    # Errors  Last Runtime    Last Run
-----------------------------------------  -----  ---------  --------  ----------  --------------  -------------------
/opt/airflow/dags/weather_to_kafka_dag.py                           1           0  0.31s           2025-06-17T16:52:18
================================================================================
[2025-06-17T16:52:49.546+0000] {manager.py:879} INFO - 
================================================================================
DAG File Processing Stats

File Path                                  PID    Runtime      # DAGs    # Errors  Last Runtime    Last Run
-----------------------------------------  -----  ---------  --------  ----------  --------------  -------------------
/opt/airflow/dags/weather_to_kafka_dag.py                           1           0  0.31s           2025-06-17T16:52:49
================================================================================
[2025-06-17T16:53:13.213+0000] {manager.py:738} INFO - Searching for files in /opt/airflow/dags
[2025-06-17T16:53:13.241+0000] {manager.py:741} INFO - There are 1 files in /opt/airflow/dags
[2025-06-17T16:53:20.494+0000] {manager.py:879} INFO - 
================================================================================
DAG File Processing Stats

File Path                                  PID    Runtime      # DAGs    # Errors  Last Runtime    Last Run
-----------------------------------------  -----  ---------  --------  ----------  --------------  -------------------
/opt/airflow/dags/weather_to_kafka_dag.py                           1           0  0.31s           2025-06-17T16:53:20
================================================================================
[2025-06-17T16:53:51.384+0000] {manager.py:879} INFO - 
================================================================================
DAG File Processing Stats

File Path                                  PID    Runtime      # DAGs    # Errors  Last Runtime    Last Run
-----------------------------------------  -----  ---------  --------  ----------  --------------  -------------------
/opt/airflow/dags/weather_to_kafka_dag.py                           1           0  0.31s           2025-06-17T16:53:51
================================================================================
[2025-06-17T16:54:22.262+0000] {manager.py:879} INFO - 
================================================================================
DAG File Processing Stats

File Path                                  PID    Runtime      # DAGs    # Errors  Last Runtime    Last Run
-----------------------------------------  -----  ---------  --------  ----------  --------------  -------------------
/opt/airflow/dags/weather_to_kafka_dag.py                           1           0  0.21s           2025-06-17T16:54:22
================================================================================
[2025-06-17T16:54:53.509+0000] {manager.py:879} INFO - 
================================================================================
DAG File Processing Stats

File Path                                  PID    Runtime      # DAGs    # Errors  Last Runtime    Last Run
-----------------------------------------  -----  ---------  --------  ----------  --------------  -------------------
/opt/airflow/dags/weather_to_kafka_dag.py                           1           0  0.31s           2025-06-17T16:54:53
================================================================================
[2025-06-17T16:55:24.300+0000] {manager.py:879} INFO - 
================================================================================
DAG File Processing Stats

File Path                                  PID    Runtime      # DAGs    # Errors  Last Runtime    Last Run
-----------------------------------------  -----  ---------  --------  ----------  --------------  -------------------
/opt/airflow/dags/weather_to_kafka_dag.py                           1           0  0.30s           2025-06-17T16:55:24
================================================================================
[2025-06-17T16:55:55.329+0000] {manager.py:879} INFO - 
================================================================================
DAG File Processing Stats

File Path                                  PID    Runtime      # DAGs    # Errors  Last Runtime    Last Run
-----------------------------------------  -----  ---------  --------  ----------  --------------  -------------------
/opt/airflow/dags/weather_to_kafka_dag.py                           1           0  0.31s           2025-06-17T16:55:55
================================================================================
[2025-06-17T16:56:26.033+0000] {manager.py:879} INFO - 
================================================================================
DAG File Processing Stats

File Path                                  PID    Runtime      # DAGs    # Errors  Last Runtime    Last Run
-----------------------------------------  -----  ---------  --------  ----------  --------------  -------------------
/opt/airflow/dags/weather_to_kafka_dag.py                           1           0  0.31s           2025-06-17T16:56:26
================================================================================
[2025-06-17T16:56:56.966+0000] {manager.py:879} INFO - 
================================================================================
DAG File Processing Stats

File Path                                  PID    Runtime      # DAGs    # Errors  Last Runtime    Last Run
-----------------------------------------  -----  ---------  --------  ----------  --------------  -------------------
/opt/airflow/dags/weather_to_kafka_dag.py                           1           0  0.31s           2025-06-17T16:56:56
================================================================================
[2025-06-17T16:57:27.890+0000] {manager.py:879} INFO - 
================================================================================
DAG File Processing Stats

File Path                                  PID    Runtime      # DAGs    # Errors  Last Runtime    Last Run
-----------------------------------------  -----  ---------  --------  ----------  --------------  -------------------
/opt/airflow/dags/weather_to_kafka_dag.py                           1           0  0.31s           2025-06-17T16:57:27
================================================================================
[2025-06-17T16:57:58.504+0000] {manager.py:879} INFO - 
================================================================================
DAG File Processing Stats

File Path                                  PID    Runtime      # DAGs    # Errors  Last Runtime    Last Run
-----------------------------------------  -----  ---------  --------  ----------  --------------  -------------------
/opt/airflow/dags/weather_to_kafka_dag.py                           1           0  0.51s           2025-06-17T16:57:56
================================================================================
[2025-06-17T16:58:13.371+0000] {manager.py:738} INFO - Searching for files in /opt/airflow/dags
[2025-06-17T16:58:13.399+0000] {manager.py:741} INFO - There are 1 files in /opt/airflow/dags
[2025-06-17T16:58:29.537+0000] {manager.py:879} INFO - 
================================================================================
DAG File Processing Stats

File Path                                  PID    Runtime      # DAGs    # Errors  Last Runtime    Last Run
-----------------------------------------  -----  ---------  --------  ----------  --------------  -------------------
/opt/airflow/dags/weather_to_kafka_dag.py                           1           0  0.21s           2025-06-17T16:58:26
================================================================================
[2025-06-17T16:59:00.463+0000] {manager.py:879} INFO - 
================================================================================
DAG File Processing Stats

File Path                                  PID    Runtime      # DAGs    # Errors  Last Runtime    Last Run
-----------------------------------------  -----  ---------  --------  ----------  --------------  -------------------
/opt/airflow/dags/weather_to_kafka_dag.py                           1           0  0.20s           2025-06-17T16:58:57
================================================================================
[2025-06-17T16:59:31.328+0000] {manager.py:879} INFO - 
================================================================================
DAG File Processing Stats

File Path                                  PID    Runtime      # DAGs    # Errors  Last Runtime    Last Run
-----------------------------------------  -----  ---------  --------  ----------  --------------  -------------------
/opt/airflow/dags/weather_to_kafka_dag.py                           1           0  0.31s           2025-06-17T16:59:28
================================================================================
[2025-06-17T17:00:01.737+0000] {manager.py:879} INFO - 
================================================================================
DAG File Processing Stats

File Path                                  PID    Runtime      # DAGs    # Errors  Last Runtime    Last Run
-----------------------------------------  -----  ---------  --------  ----------  --------------  -------------------
/opt/airflow/dags/weather_to_kafka_dag.py                           1           0  0.31s           2025-06-17T16:59:59
================================================================================
[2025-06-17T17:00:32.116+0000] {manager.py:879} INFO - 
================================================================================
DAG File Processing Stats

File Path                                  PID    Runtime      # DAGs    # Errors  Last Runtime    Last Run
-----------------------------------------  -----  ---------  --------  ----------  --------------  -------------------
/opt/airflow/dags/weather_to_kafka_dag.py                           1           0  0.31s           2025-06-17T17:00:30
================================================================================
[2025-06-17T17:01:02.671+0000] {manager.py:879} INFO - 
================================================================================
DAG File Processing Stats

File Path                                  PID    Runtime      # DAGs    # Errors  Last Runtime    Last Run
-----------------------------------------  -----  ---------  --------  ----------  --------------  -------------------
/opt/airflow/dags/weather_to_kafka_dag.py                           1           0  0.30s           2025-06-17T17:01:01
================================================================================
[2025-06-17T17:01:32.876+0000] {manager.py:879} INFO - 
================================================================================
DAG File Processing Stats

File Path                                  PID    Runtime      # DAGs    # Errors  Last Runtime    Last Run
-----------------------------------------  -----  ---------  --------  ----------  --------------  -------------------
/opt/airflow/dags/weather_to_kafka_dag.py                           1           0  0.30s           2025-06-17T17:01:32
================================================================================
[2025-06-17T17:02:03.632+0000] {manager.py:879} INFO - 
================================================================================
DAG File Processing Stats

File Path                                  PID    Runtime      # DAGs    # Errors  Last Runtime    Last Run
-----------------------------------------  -----  ---------  --------  ----------  --------------  -------------------
/opt/airflow/dags/weather_to_kafka_dag.py                           1           0  0.22s           2025-06-17T17:02:03
================================================================================
[2025-06-17T17:02:34.236+0000] {manager.py:879} INFO - 
================================================================================
DAG File Processing Stats

File Path                                  PID    Runtime      # DAGs    # Errors  Last Runtime    Last Run
-----------------------------------------  -----  ---------  --------  ----------  --------------  -------------------
/opt/airflow/dags/weather_to_kafka_dag.py                           1           0  0.31s           2025-06-17T17:02:34
================================================================================
[2025-06-17T17:03:04.855+0000] {manager.py:879} INFO - 
================================================================================
DAG File Processing Stats

File Path                                  PID    Runtime      # DAGs    # Errors  Last Runtime    Last Run
-----------------------------------------  -----  ---------  --------  ----------  --------------  -------------------
/opt/airflow/dags/weather_to_kafka_dag.py                           1           0  0.31s           2025-06-17T17:03:04
================================================================================
[2025-06-17T17:03:13.427+0000] {manager.py:738} INFO - Searching for files in /opt/airflow/dags
[2025-06-17T17:03:13.450+0000] {manager.py:741} INFO - There are 1 files in /opt/airflow/dags
[2025-06-17T17:03:35.340+0000] {manager.py:879} INFO - 
================================================================================
DAG File Processing Stats

File Path                                  PID    Runtime      # DAGs    # Errors  Last Runtime    Last Run
-----------------------------------------  -----  ---------  --------  ----------  --------------  -------------------
/opt/airflow/dags/weather_to_kafka_dag.py                           1           0  0.31s           2025-06-17T17:03:35
================================================================================
[2025-06-17T17:04:05.820+0000] {manager.py:879} INFO - 
================================================================================
DAG File Processing Stats

File Path                                  PID    Runtime      # DAGs    # Errors  Last Runtime    Last Run
-----------------------------------------  -----  ---------  --------  ----------  --------------  -------------------
/opt/airflow/dags/weather_to_kafka_dag.py                           1           0  0.21s           2025-06-17T17:04:05
================================================================================
[2025-06-17T17:04:36.266+0000] {manager.py:879} INFO - 
================================================================================
DAG File Processing Stats

File Path                                  PID    Runtime      # DAGs    # Errors  Last Runtime    Last Run
-----------------------------------------  -----  ---------  --------  ----------  --------------  -------------------
/opt/airflow/dags/weather_to_kafka_dag.py                           1           0  0.32s           2025-06-17T17:04:36
================================================================================
[2025-06-17T17:05:06.961+0000] {manager.py:879} INFO - 
================================================================================
DAG File Processing Stats

File Path                                  PID    Runtime      # DAGs    # Errors  Last Runtime    Last Run
-----------------------------------------  -----  ---------  --------  ----------  --------------  -------------------
/opt/airflow/dags/weather_to_kafka_dag.py                           1           0  0.31s           2025-06-17T17:05:06
================================================================================
[2025-06-17T17:05:37.673+0000] {manager.py:879} INFO - 
================================================================================
DAG File Processing Stats

File Path                                  PID    Runtime      # DAGs    # Errors  Last Runtime    Last Run
-----------------------------------------  -----  ---------  --------  ----------  --------------  -------------------
/opt/airflow/dags/weather_to_kafka_dag.py                           1           0  0.30s           2025-06-17T17:05:37
================================================================================
[2025-06-17T17:06:08.215+0000] {manager.py:879} INFO - 
================================================================================
DAG File Processing Stats

File Path                                  PID    Runtime      # DAGs    # Errors  Last Runtime    Last Run
-----------------------------------------  -----  ---------  --------  ----------  --------------  -------------------
/opt/airflow/dags/weather_to_kafka_dag.py                           1           0  0.30s           2025-06-17T17:06:08
================================================================================
[2025-06-17T17:06:38.647+0000] {manager.py:879} INFO - 
================================================================================
DAG File Processing Stats

File Path                                  PID    Runtime      # DAGs    # Errors  Last Runtime    Last Run
-----------------------------------------  -----  ---------  --------  ----------  --------------  -------------------
/opt/airflow/dags/weather_to_kafka_dag.py                           1           0  0.21s           2025-06-17T17:06:38
================================================================================
[2025-06-17T17:07:09.090+0000] {manager.py:879} INFO - 
================================================================================
DAG File Processing Stats

File Path                                  PID    Runtime      # DAGs    # Errors  Last Runtime    Last Run
-----------------------------------------  -----  ---------  --------  ----------  --------------  -------------------
/opt/airflow/dags/weather_to_kafka_dag.py                           1           0  0.31s           2025-06-17T17:07:09
================================================================================
[2025-06-17T17:07:39.770+0000] {manager.py:879} INFO - 
================================================================================
DAG File Processing Stats

File Path                                  PID    Runtime      # DAGs    # Errors  Last Runtime    Last Run
-----------------------------------------  -----  ---------  --------  ----------  --------------  -------------------
/opt/airflow/dags/weather_to_kafka_dag.py                           1           0  0.30s           2025-06-17T17:07:39
================================================================================
[2025-06-17T17:08:10.320+0000] {manager.py:879} INFO - 
================================================================================
DAG File Processing Stats

File Path                                  PID    Runtime      # DAGs    # Errors  Last Runtime    Last Run
-----------------------------------------  -----  ---------  --------  ----------  --------------  -------------------
/opt/airflow/dags/weather_to_kafka_dag.py                           1           0  0.31s           2025-06-17T17:08:10
================================================================================
[2025-06-17T17:08:13.587+0000] {manager.py:738} INFO - Searching for files in /opt/airflow/dags
[2025-06-17T17:08:13.640+0000] {manager.py:741} INFO - There are 1 files in /opt/airflow/dags
[2025-06-17T17:08:40.819+0000] {manager.py:879} INFO - 
================================================================================
DAG File Processing Stats

File Path                                  PID    Runtime      # DAGs    # Errors  Last Runtime    Last Run
-----------------------------------------  -----  ---------  --------  ----------  --------------  -------------------
/opt/airflow/dags/weather_to_kafka_dag.py                           1           0  0.21s           2025-06-17T17:08:40
================================================================================
[2025-06-17T17:09:11.342+0000] {manager.py:879} INFO - 
================================================================================
DAG File Processing Stats

File Path                                  PID    Runtime      # DAGs    # Errors  Last Runtime    Last Run
-----------------------------------------  -----  ---------  --------  ----------  --------------  -------------------
/opt/airflow/dags/weather_to_kafka_dag.py                           1           0  0.31s           2025-06-17T17:09:11
================================================================================
[2025-06-17T17:09:41.836+0000] {manager.py:879} INFO - 
================================================================================
DAG File Processing Stats

File Path                                  PID    Runtime      # DAGs    # Errors  Last Runtime    Last Run
-----------------------------------------  -----  ---------  --------  ----------  --------------  -------------------
/opt/airflow/dags/weather_to_kafka_dag.py                           1           0  0.20s           2025-06-17T17:09:41
================================================================================
[2025-06-17T17:10:12.390+0000] {manager.py:879} INFO - 
================================================================================
DAG File Processing Stats

File Path                                  PID    Runtime      # DAGs    # Errors  Last Runtime    Last Run
-----------------------------------------  -----  ---------  --------  ----------  --------------  -------------------
/opt/airflow/dags/weather_to_kafka_dag.py                           1           0  0.30s           2025-06-17T17:10:12
================================================================================
[2025-06-17T17:10:42.723+0000] {manager.py:879} INFO - 
================================================================================
DAG File Processing Stats

File Path                                  PID    Runtime      # DAGs    # Errors  Last Runtime    Last Run
-----------------------------------------  -----  ---------  --------  ----------  --------------  -------------------
/opt/airflow/dags/weather_to_kafka_dag.py                           1           0  0.21s           2025-06-17T17:10:42
================================================================================
[2025-06-17T17:11:13.327+0000] {manager.py:879} INFO - 
================================================================================
DAG File Processing Stats

File Path                                  PID    Runtime      # DAGs    # Errors  Last Runtime    Last Run
-----------------------------------------  -----  ---------  --------  ----------  --------------  -------------------
/opt/airflow/dags/weather_to_kafka_dag.py                           1           0  0.31s           2025-06-17T17:11:13
================================================================================
[2025-06-17T17:11:43.862+0000] {manager.py:879} INFO - 
================================================================================
DAG File Processing Stats

File Path                                  PID    Runtime      # DAGs    # Errors  Last Runtime    Last Run
-----------------------------------------  -----  ---------  --------  ----------  --------------  -------------------
/opt/airflow/dags/weather_to_kafka_dag.py                           1           0  0.31s           2025-06-17T17:11:43
================================================================================
[2025-06-17T17:12:14.472+0000] {manager.py:879} INFO - 
================================================================================
DAG File Processing Stats

File Path                                  PID    Runtime      # DAGs    # Errors  Last Runtime    Last Run
-----------------------------------------  -----  ---------  --------  ----------  --------------  -------------------
/opt/airflow/dags/weather_to_kafka_dag.py                           1           0  0.31s           2025-06-17T17:12:14
================================================================================
[2025-06-17T17:12:45.118+0000] {manager.py:879} INFO - 
================================================================================
DAG File Processing Stats

File Path                                  PID    Runtime      # DAGs    # Errors  Last Runtime    Last Run
-----------------------------------------  -----  ---------  --------  ----------  --------------  -------------------
/opt/airflow/dags/weather_to_kafka_dag.py                           1           0  0.31s           2025-06-17T17:12:45
================================================================================
[2025-06-17T17:13:13.772+0000] {manager.py:738} INFO - Searching for files in /opt/airflow/dags
[2025-06-17T17:13:13.811+0000] {manager.py:741} INFO - There are 1 files in /opt/airflow/dags
[2025-06-17T17:13:15.733+0000] {manager.py:879} INFO - 
================================================================================
DAG File Processing Stats

File Path                                  PID    Runtime      # DAGs    # Errors  Last Runtime    Last Run
-----------------------------------------  -----  ---------  --------  ----------  --------------  -------------------
/opt/airflow/dags/weather_to_kafka_dag.py                           1           0  0.31s           2025-06-17T17:13:15
================================================================================
[2025-06-17T17:13:46.303+0000] {manager.py:879} INFO - 
================================================================================
DAG File Processing Stats

File Path                                  PID    Runtime      # DAGs    # Errors  Last Runtime    Last Run
-----------------------------------------  -----  ---------  --------  ----------  --------------  -------------------
/opt/airflow/dags/weather_to_kafka_dag.py                           1           0  0.31s           2025-06-17T17:13:46
================================================================================
[2025-06-17T17:14:16.659+0000] {manager.py:879} INFO - 
================================================================================
DAG File Processing Stats

File Path                                  PID    Runtime      # DAGs    # Errors  Last Runtime    Last Run
-----------------------------------------  -----  ---------  --------  ----------  --------------  -------------------
/opt/airflow/dags/weather_to_kafka_dag.py                           1           0  0.31s           2025-06-17T17:14:16
================================================================================
[2025-06-17T17:14:47.268+0000] {manager.py:879} INFO - 
================================================================================
DAG File Processing Stats

File Path                                  PID    Runtime      # DAGs    # Errors  Last Runtime    Last Run
-----------------------------------------  -----  ---------  --------  ----------  --------------  -------------------
/opt/airflow/dags/weather_to_kafka_dag.py                           1           0  0.31s           2025-06-17T17:14:47
================================================================================
[2025-06-17T17:15:17.915+0000] {manager.py:879} INFO - 
================================================================================
DAG File Processing Stats

File Path                                  PID    Runtime      # DAGs    # Errors  Last Runtime    Last Run
-----------------------------------------  -----  ---------  --------  ----------  --------------  -------------------
/opt/airflow/dags/weather_to_kafka_dag.py                           1           0  0.31s           2025-06-17T17:15:17
================================================================================
[2025-06-17T17:15:48.449+0000] {manager.py:879} INFO - 
================================================================================
DAG File Processing Stats

File Path                                  PID    Runtime      # DAGs    # Errors  Last Runtime    Last Run
-----------------------------------------  -----  ---------  --------  ----------  --------------  -------------------
/opt/airflow/dags/weather_to_kafka_dag.py                           1           0  0.21s           2025-06-17T17:15:48
================================================================================
[2025-06-17T17:16:18.974+0000] {manager.py:879} INFO - 
================================================================================
DAG File Processing Stats

File Path                                  PID    Runtime      # DAGs    # Errors  Last Runtime    Last Run
-----------------------------------------  -----  ---------  --------  ----------  --------------  -------------------
/opt/airflow/dags/weather_to_kafka_dag.py                           1           0  0.31s           2025-06-17T17:16:18
================================================================================
[2025-06-17T17:16:49.489+0000] {manager.py:879} INFO - 
================================================================================
DAG File Processing Stats

File Path                                  PID    Runtime      # DAGs    # Errors  Last Runtime    Last Run
-----------------------------------------  -----  ---------  --------  ----------  --------------  -------------------
/opt/airflow/dags/weather_to_kafka_dag.py                           1           0  0.31s           2025-06-17T17:16:49
================================================================================
[2025-06-17T17:17:20.025+0000] {manager.py:879} INFO - 
================================================================================
DAG File Processing Stats

File Path                                  PID    Runtime      # DAGs    # Errors  Last Runtime    Last Run
-----------------------------------------  -----  ---------  --------  ----------  --------------  -------------------
/opt/airflow/dags/weather_to_kafka_dag.py                           1           0  0.30s           2025-06-17T17:17:20
================================================================================
[2025-06-17T17:17:50.658+0000] {manager.py:879} INFO - 
================================================================================
DAG File Processing Stats

File Path                                  PID    Runtime      # DAGs    # Errors  Last Runtime    Last Run
-----------------------------------------  -----  ---------  --------  ----------  --------------  -------------------
/opt/airflow/dags/weather_to_kafka_dag.py                           1           0  0.31s           2025-06-17T17:17:50
================================================================================
[2025-06-17T17:18:13.953+0000] {manager.py:738} INFO - Searching for files in /opt/airflow/dags
[2025-06-17T17:18:14.034+0000] {manager.py:741} INFO - There are 1 files in /opt/airflow/dags
[2025-06-17T17:18:21.039+0000] {manager.py:879} INFO - 
================================================================================
DAG File Processing Stats

File Path                                  PID    Runtime      # DAGs    # Errors  Last Runtime    Last Run
-----------------------------------------  -----  ---------  --------  ----------  --------------  -------------------
/opt/airflow/dags/weather_to_kafka_dag.py                           1           0  0.31s           2025-06-17T17:18:21
================================================================================
[2025-06-17T17:18:51.566+0000] {manager.py:879} INFO - 
================================================================================
DAG File Processing Stats

File Path                                  PID    Runtime      # DAGs    # Errors  Last Runtime    Last Run
-----------------------------------------  -----  ---------  --------  ----------  --------------  -------------------
/opt/airflow/dags/weather_to_kafka_dag.py                           1           0  0.30s           2025-06-17T17:18:51
================================================================================
[2025-06-17T17:19:21.826+0000] {manager.py:879} INFO - 
================================================================================
DAG File Processing Stats

File Path                                  PID    Runtime      # DAGs    # Errors  Last Runtime    Last Run
-----------------------------------------  -----  ---------  --------  ----------  --------------  -------------------
/opt/airflow/dags/weather_to_kafka_dag.py                           1           0  0.41s           2025-06-17T17:19:03
================================================================================
[2025-06-17T17:19:52.113+0000] {manager.py:879} INFO - 
================================================================================
DAG File Processing Stats

File Path                                  PID    Runtime      # DAGs    # Errors  Last Runtime    Last Run
-----------------------------------------  -----  ---------  --------  ----------  --------------  -------------------
/opt/airflow/dags/weather_to_kafka_dag.py                           1           0  0.31s           2025-06-17T17:19:33
================================================================================
[2025-06-17T17:20:22.222+0000] {manager.py:879} INFO - 
================================================================================
DAG File Processing Stats

File Path                                  PID    Runtime      # DAGs    # Errors  Last Runtime    Last Run
-----------------------------------------  -----  ---------  --------  ----------  --------------  -------------------
/opt/airflow/dags/weather_to_kafka_dag.py                           1           0  0.31s           2025-06-17T17:20:04
================================================================================
[2025-06-17T17:20:52.563+0000] {manager.py:879} INFO - 
================================================================================
DAG File Processing Stats

File Path                                  PID    Runtime      # DAGs    # Errors  Last Runtime    Last Run
-----------------------------------------  -----  ---------  --------  ----------  --------------  -------------------
/opt/airflow/dags/weather_to_kafka_dag.py                           1           0  0.31s           2025-06-17T17:20:34
================================================================================
[2025-06-17T17:21:22.816+0000] {manager.py:879} INFO - 
================================================================================
DAG File Processing Stats

File Path                                  PID    Runtime      # DAGs    # Errors  Last Runtime    Last Run
-----------------------------------------  -----  ---------  --------  ----------  --------------  -------------------
/opt/airflow/dags/weather_to_kafka_dag.py                           1           0  0.31s           2025-06-17T17:21:04
================================================================================
[2025-06-17T17:21:53.195+0000] {manager.py:879} INFO - 
================================================================================
DAG File Processing Stats

File Path                                  PID    Runtime      # DAGs    # Errors  Last Runtime    Last Run
-----------------------------------------  -----  ---------  --------  ----------  --------------  -------------------
/opt/airflow/dags/weather_to_kafka_dag.py                           1           0  0.20s           2025-06-17T17:21:35
================================================================================
[2025-06-17T17:22:23.485+0000] {manager.py:879} INFO - 
================================================================================
DAG File Processing Stats

File Path                                  PID    Runtime      # DAGs    # Errors  Last Runtime    Last Run
-----------------------------------------  -----  ---------  --------  ----------  --------------  -------------------
/opt/airflow/dags/weather_to_kafka_dag.py                           1           0  0.31s           2025-06-17T17:22:05
================================================================================
[2025-06-17T17:22:53.717+0000] {manager.py:879} INFO - 
================================================================================
DAG File Processing Stats

File Path                                  PID    Runtime      # DAGs    # Errors  Last Runtime    Last Run
-----------------------------------------  -----  ---------  --------  ----------  --------------  -------------------
/opt/airflow/dags/weather_to_kafka_dag.py                           1           0  0.31s           2025-06-17T17:22:36
================================================================================
[2025-06-17T17:23:14.130+0000] {manager.py:738} INFO - Searching for files in /opt/airflow/dags
[2025-06-17T17:23:14.153+0000] {manager.py:741} INFO - There are 1 files in /opt/airflow/dags
[2025-06-17T17:23:23.978+0000] {manager.py:879} INFO - 
================================================================================
DAG File Processing Stats

File Path                                  PID    Runtime      # DAGs    # Errors  Last Runtime    Last Run
-----------------------------------------  -----  ---------  --------  ----------  --------------  -------------------
/opt/airflow/dags/weather_to_kafka_dag.py                           1           0  0.30s           2025-06-17T17:23:07
================================================================================
[2025-06-17T17:23:54.241+0000] {manager.py:879} INFO - 
================================================================================
DAG File Processing Stats

File Path                                  PID    Runtime      # DAGs    # Errors  Last Runtime    Last Run
-----------------------------------------  -----  ---------  --------  ----------  --------------  -------------------
/opt/airflow/dags/weather_to_kafka_dag.py                           1           0  0.31s           2025-06-17T17:23:38
================================================================================
[2025-06-17T17:24:24.614+0000] {manager.py:879} INFO - 
================================================================================
DAG File Processing Stats

File Path                                  PID    Runtime      # DAGs    # Errors  Last Runtime    Last Run
-----------------------------------------  -----  ---------  --------  ----------  --------------  -------------------
/opt/airflow/dags/weather_to_kafka_dag.py                           1           0  0.31s           2025-06-17T17:24:09
================================================================================
[2025-06-17T17:24:55.070+0000] {manager.py:879} INFO - 
================================================================================
DAG File Processing Stats

File Path                                  PID    Runtime      # DAGs    # Errors  Last Runtime    Last Run
-----------------------------------------  -----  ---------  --------  ----------  --------------  -------------------
/opt/airflow/dags/weather_to_kafka_dag.py                           1           0  0.31s           2025-06-17T17:24:39
================================================================================
[2025-06-17T17:25:25.662+0000] {manager.py:879} INFO - 
================================================================================
DAG File Processing Stats

File Path                                  PID    Runtime      # DAGs    # Errors  Last Runtime    Last Run
-----------------------------------------  -----  ---------  --------  ----------  --------------  -------------------
/opt/airflow/dags/weather_to_kafka_dag.py                           1           0  0.31s           2025-06-17T17:25:10
================================================================================
[2025-06-17T17:25:56.157+0000] {manager.py:879} INFO - 
================================================================================
DAG File Processing Stats

File Path                                  PID    Runtime      # DAGs    # Errors  Last Runtime    Last Run
-----------------------------------------  -----  ---------  --------  ----------  --------------  -------------------
/opt/airflow/dags/weather_to_kafka_dag.py                           1           0  0.30s           2025-06-17T17:25:41
================================================================================
[2025-06-17T17:26:26.334+0000] {manager.py:879} INFO - 
================================================================================
DAG File Processing Stats

File Path                                  PID    Runtime      # DAGs    # Errors  Last Runtime    Last Run
-----------------------------------------  -----  ---------  --------  ----------  --------------  -------------------
/opt/airflow/dags/weather_to_kafka_dag.py                           1           0  0.30s           2025-06-17T17:26:11
================================================================================
[2025-06-17T17:26:57.258+0000] {manager.py:879} INFO - 
================================================================================
DAG File Processing Stats

File Path                                  PID    Runtime      # DAGs    # Errors  Last Runtime    Last Run
-----------------------------------------  -----  ---------  --------  ----------  --------------  -------------------
/opt/airflow/dags/weather_to_kafka_dag.py                           1           0  0.31s           2025-06-17T17:26:42
================================================================================
[2025-06-17T17:27:28.017+0000] {manager.py:879} INFO - 
================================================================================
DAG File Processing Stats

File Path                                  PID    Runtime      # DAGs    # Errors  Last Runtime    Last Run
-----------------------------------------  -----  ---------  --------  ----------  --------------  -------------------
/opt/airflow/dags/weather_to_kafka_dag.py                           1           0  0.31s           2025-06-17T17:27:12
================================================================================
[2025-06-17T17:27:58.033+0000] {manager.py:879} INFO - 
================================================================================
DAG File Processing Stats

File Path                                  PID    Runtime      # DAGs    # Errors  Last Runtime    Last Run
-----------------------------------------  -----  ---------  --------  ----------  --------------  -------------------
/opt/airflow/dags/weather_to_kafka_dag.py                           1           0  0.41s           2025-06-17T17:27:43
================================================================================
[2025-06-17T17:28:14.289+0000] {manager.py:738} INFO - Searching for files in /opt/airflow/dags
[2025-06-17T17:28:14.316+0000] {manager.py:741} INFO - There are 1 files in /opt/airflow/dags
[2025-06-17T17:28:29.015+0000] {manager.py:879} INFO - 
================================================================================
DAG File Processing Stats

File Path                                  PID    Runtime      # DAGs    # Errors  Last Runtime    Last Run
-----------------------------------------  -----  ---------  --------  ----------  --------------  -------------------
/opt/airflow/dags/weather_to_kafka_dag.py                           1           0  0.31s           2025-06-17T17:28:13
================================================================================
[2025-06-17T17:28:59.487+0000] {manager.py:879} INFO - 
================================================================================
DAG File Processing Stats

File Path                                  PID    Runtime      # DAGs    # Errors  Last Runtime    Last Run
-----------------------------------------  -----  ---------  --------  ----------  --------------  -------------------
/opt/airflow/dags/weather_to_kafka_dag.py                           1           0  0.31s           2025-06-17T17:28:44
================================================================================
[2025-06-17T17:29:29.756+0000] {manager.py:879} INFO - 
================================================================================
DAG File Processing Stats

File Path                                  PID    Runtime      # DAGs    # Errors  Last Runtime    Last Run
-----------------------------------------  -----  ---------  --------  ----------  --------------  -------------------
/opt/airflow/dags/weather_to_kafka_dag.py                           1           0  0.30s           2025-06-17T17:29:14
================================================================================
[2025-06-17T17:29:59.858+0000] {manager.py:879} INFO - 
================================================================================
DAG File Processing Stats

File Path                                  PID    Runtime      # DAGs    # Errors  Last Runtime    Last Run
-----------------------------------------  -----  ---------  --------  ----------  --------------  -------------------
/opt/airflow/dags/weather_to_kafka_dag.py                           1           0  0.30s           2025-06-17T17:29:45
================================================================================
[2025-06-17T17:30:30.115+0000] {manager.py:879} INFO - 
================================================================================
DAG File Processing Stats

File Path                                  PID    Runtime      # DAGs    # Errors  Last Runtime    Last Run
-----------------------------------------  -----  ---------  --------  ----------  --------------  -------------------
/opt/airflow/dags/weather_to_kafka_dag.py                           1           0  0.31s           2025-06-17T17:30:15
================================================================================
[2025-06-17T17:31:00.679+0000] {manager.py:879} INFO - 
================================================================================
DAG File Processing Stats

File Path                                  PID    Runtime      # DAGs    # Errors  Last Runtime    Last Run
-----------------------------------------  -----  ---------  --------  ----------  --------------  -------------------
/opt/airflow/dags/weather_to_kafka_dag.py                           1           0  0.31s           2025-06-17T17:30:46
================================================================================
[2025-06-17T17:31:31.085+0000] {manager.py:879} INFO - 
================================================================================
DAG File Processing Stats

File Path                                  PID    Runtime      # DAGs    # Errors  Last Runtime    Last Run
-----------------------------------------  -----  ---------  --------  ----------  --------------  -------------------
/opt/airflow/dags/weather_to_kafka_dag.py                           1           0  0.31s           2025-06-17T17:31:17
================================================================================
[2025-06-17T17:32:01.447+0000] {manager.py:879} INFO - 
================================================================================
DAG File Processing Stats

File Path                                  PID    Runtime      # DAGs    # Errors  Last Runtime    Last Run
-----------------------------------------  -----  ---------  --------  ----------  --------------  -------------------
/opt/airflow/dags/weather_to_kafka_dag.py                           1           0  0.31s           2025-06-17T17:31:47
================================================================================
[2025-06-17T17:32:32.334+0000] {manager.py:879} INFO - 
================================================================================
DAG File Processing Stats

File Path                                  PID    Runtime      # DAGs    # Errors  Last Runtime    Last Run
-----------------------------------------  -----  ---------  --------  ----------  --------------  -------------------
/opt/airflow/dags/weather_to_kafka_dag.py                           1           0  0.31s           2025-06-17T17:32:18
================================================================================
[2025-06-17T17:33:02.354+0000] {manager.py:879} INFO - 
================================================================================
DAG File Processing Stats

File Path                                  PID    Runtime      # DAGs    # Errors  Last Runtime    Last Run
-----------------------------------------  -----  ---------  --------  ----------  --------------  -------------------
/opt/airflow/dags/weather_to_kafka_dag.py                           1           0  0.21s           2025-06-17T17:32:48
================================================================================
[2025-06-17T17:33:14.472+0000] {manager.py:738} INFO - Searching for files in /opt/airflow/dags
[2025-06-17T17:33:14.534+0000] {manager.py:741} INFO - There are 1 files in /opt/airflow/dags
[2025-06-17T17:33:33.180+0000] {manager.py:879} INFO - 
================================================================================
DAG File Processing Stats

File Path                                  PID    Runtime      # DAGs    # Errors  Last Runtime    Last Run
-----------------------------------------  -----  ---------  --------  ----------  --------------  -------------------
/opt/airflow/dags/weather_to_kafka_dag.py                           1           0  0.31s           2025-06-17T17:33:19
================================================================================
[2025-06-17T17:34:03.324+0000] {manager.py:879} INFO - 
================================================================================
DAG File Processing Stats

File Path                                  PID    Runtime      # DAGs    # Errors  Last Runtime    Last Run
-----------------------------------------  -----  ---------  --------  ----------  --------------  -------------------
/opt/airflow/dags/weather_to_kafka_dag.py                           1           0  0.31s           2025-06-17T17:33:49
================================================================================
[2025-06-17T17:34:34.168+0000] {manager.py:879} INFO - 
================================================================================
DAG File Processing Stats

File Path                                  PID    Runtime      # DAGs    # Errors  Last Runtime    Last Run
-----------------------------------------  -----  ---------  --------  ----------  --------------  -------------------
/opt/airflow/dags/weather_to_kafka_dag.py                           1           0  0.21s           2025-06-17T17:34:20
================================================================================
[2025-06-17T17:35:07.516+0000] {manager.py:879} INFO - 
================================================================================
DAG File Processing Stats

File Path                                  PID    Runtime      # DAGs    # Errors  Last Runtime    Last Run
-----------------------------------------  -----  ---------  --------  ----------  --------------  -------------------
/opt/airflow/dags/weather_to_kafka_dag.py                           1           0  0.31s           2025-06-17T17:34:50
================================================================================
[2025-06-17T17:35:37.882+0000] {manager.py:879} INFO - 
================================================================================
DAG File Processing Stats

File Path                                  PID    Runtime      # DAGs    # Errors  Last Runtime    Last Run
-----------------------------------------  -----  ---------  --------  ----------  --------------  -------------------
/opt/airflow/dags/weather_to_kafka_dag.py                           1           0  0.82s           2025-06-17T17:35:22
================================================================================
[2025-06-17T17:36:13.313+0000] {manager.py:879} INFO - 
================================================================================
DAG File Processing Stats

File Path                                  PID    Runtime      # DAGs    # Errors  Last Runtime    Last Run
-----------------------------------------  -----  ---------  --------  ----------  --------------  -------------------
/opt/airflow/dags/weather_to_kafka_dag.py                           1           0  0.61s           2025-06-17T17:35:53
================================================================================
[2025-06-17T17:36:43.547+0000] {manager.py:879} INFO - 
================================================================================
DAG File Processing Stats

File Path                                  PID    Runtime      # DAGs    # Errors  Last Runtime    Last Run
-----------------------------------------  -----  ---------  --------  ----------  --------------  -------------------
/opt/airflow/dags/weather_to_kafka_dag.py                           1           0  0.31s           2025-06-17T17:36:23
================================================================================
[2025-06-17T17:37:13.962+0000] {manager.py:879} INFO - 
================================================================================
DAG File Processing Stats

File Path                                  PID    Runtime      # DAGs    # Errors  Last Runtime    Last Run
-----------------------------------------  -----  ---------  --------  ----------  --------------  -------------------
/opt/airflow/dags/weather_to_kafka_dag.py                           1           0  0.31s           2025-06-17T17:36:55
================================================================================
[2025-06-17T17:37:44.080+0000] {manager.py:879} INFO - 
================================================================================
DAG File Processing Stats

File Path                                  PID    Runtime      # DAGs    # Errors  Last Runtime    Last Run
-----------------------------------------  -----  ---------  --------  ----------  --------------  -------------------
/opt/airflow/dags/weather_to_kafka_dag.py                           1           0  0.31s           2025-06-17T17:37:25
================================================================================
[2025-06-17T17:38:14.691+0000] {manager.py:738} INFO - Searching for files in /opt/airflow/dags
[2025-06-17T17:38:14.718+0000] {manager.py:741} INFO - There are 1 files in /opt/airflow/dags
[2025-06-17T17:38:14.766+0000] {manager.py:879} INFO - 
================================================================================
DAG File Processing Stats

File Path                                  PID    Runtime      # DAGs    # Errors  Last Runtime    Last Run
-----------------------------------------  -----  ---------  --------  ----------  --------------  -------------------
/opt/airflow/dags/weather_to_kafka_dag.py                           1           0  0.31s           2025-06-17T17:37:56
================================================================================
[2025-06-17T17:38:45.027+0000] {manager.py:879} INFO - 
================================================================================
DAG File Processing Stats

File Path                                  PID    Runtime      # DAGs    # Errors  Last Runtime    Last Run
-----------------------------------------  -----  ---------  --------  ----------  --------------  -------------------
/opt/airflow/dags/weather_to_kafka_dag.py                           1           0  0.31s           2025-06-17T17:38:27
================================================================================
[2025-06-17T17:39:15.317+0000] {manager.py:879} INFO - 
================================================================================
DAG File Processing Stats

File Path                                  PID    Runtime      # DAGs    # Errors  Last Runtime    Last Run
-----------------------------------------  -----  ---------  --------  ----------  --------------  -------------------
/opt/airflow/dags/weather_to_kafka_dag.py                           1           0  0.31s           2025-06-17T17:38:58
================================================================================
[2025-06-17T17:39:45.488+0000] {manager.py:879} INFO - 
================================================================================
DAG File Processing Stats

File Path                                  PID    Runtime      # DAGs    # Errors  Last Runtime    Last Run
-----------------------------------------  -----  ---------  --------  ----------  --------------  -------------------
/opt/airflow/dags/weather_to_kafka_dag.py                           1           0  0.32s           2025-06-17T17:39:29
================================================================================
[2025-06-17T17:40:15.857+0000] {manager.py:879} INFO - 
================================================================================
DAG File Processing Stats

File Path                                  PID    Runtime      # DAGs    # Errors  Last Runtime    Last Run
-----------------------------------------  -----  ---------  --------  ----------  --------------  -------------------
/opt/airflow/dags/weather_to_kafka_dag.py                           1           0  0.31s           2025-06-17T17:40:00
================================================================================
[2025-06-17T17:40:46.062+0000] {manager.py:879} INFO - 
================================================================================
DAG File Processing Stats

File Path                                  PID    Runtime      # DAGs    # Errors  Last Runtime    Last Run
-----------------------------------------  -----  ---------  --------  ----------  --------------  -------------------
/opt/airflow/dags/weather_to_kafka_dag.py                           1           0  0.31s           2025-06-17T17:40:31
================================================================================
[2025-06-17T17:41:16.481+0000] {manager.py:879} INFO - 
================================================================================
DAG File Processing Stats

File Path                                  PID    Runtime      # DAGs    # Errors  Last Runtime    Last Run
-----------------------------------------  -----  ---------  --------  ----------  --------------  -------------------
/opt/airflow/dags/weather_to_kafka_dag.py                           1           0  0.31s           2025-06-17T17:41:01
================================================================================
[2025-06-17T17:41:47.607+0000] {manager.py:879} INFO - 
================================================================================
DAG File Processing Stats

File Path                                  PID    Runtime      # DAGs    # Errors  Last Runtime    Last Run
-----------------------------------------  -----  ---------  --------  ----------  --------------  -------------------
/opt/airflow/dags/weather_to_kafka_dag.py                           1           0  0.31s           2025-06-17T17:41:32
================================================================================
[2025-06-17T17:42:18.256+0000] {manager.py:879} INFO - 
================================================================================
DAG File Processing Stats

File Path                                  PID    Runtime      # DAGs    # Errors  Last Runtime    Last Run
-----------------------------------------  -----  ---------  --------  ----------  --------------  -------------------
/opt/airflow/dags/weather_to_kafka_dag.py                           1           0  0.31s           2025-06-17T17:42:03
================================================================================
[2025-06-17T17:42:48.382+0000] {manager.py:879} INFO - 
================================================================================
DAG File Processing Stats

File Path                                  PID    Runtime      # DAGs    # Errors  Last Runtime    Last Run
-----------------------------------------  -----  ---------  --------  ----------  --------------  -------------------
/opt/airflow/dags/weather_to_kafka_dag.py                           1           0  0.31s           2025-06-17T17:42:33
================================================================================
[2025-06-17T17:43:14.867+0000] {manager.py:738} INFO - Searching for files in /opt/airflow/dags
[2025-06-17T17:43:14.902+0000] {manager.py:741} INFO - There are 1 files in /opt/airflow/dags
[2025-06-17T17:43:18.424+0000] {manager.py:879} INFO - 
================================================================================
DAG File Processing Stats

File Path                                  PID    Runtime      # DAGs    # Errors  Last Runtime    Last Run
-----------------------------------------  -----  ---------  --------  ----------  --------------  -------------------
/opt/airflow/dags/weather_to_kafka_dag.py                           1           0  0.31s           2025-06-17T17:43:04
================================================================================
[2025-06-17T17:43:49.453+0000] {manager.py:879} INFO - 
================================================================================
DAG File Processing Stats

File Path                                  PID    Runtime      # DAGs    # Errors  Last Runtime    Last Run
-----------------------------------------  -----  ---------  --------  ----------  --------------  -------------------
/opt/airflow/dags/weather_to_kafka_dag.py                           1           0  0.31s           2025-06-17T17:43:34
================================================================================
[2025-06-17T17:44:19.539+0000] {manager.py:879} INFO - 
================================================================================
DAG File Processing Stats

File Path                                  PID    Runtime      # DAGs    # Errors  Last Runtime    Last Run
-----------------------------------------  -----  ---------  --------  ----------  --------------  -------------------
/opt/airflow/dags/weather_to_kafka_dag.py                           1           0  0.31s           2025-06-17T17:44:04
================================================================================
[2025-06-17T17:44:50.322+0000] {manager.py:879} INFO - 
================================================================================
DAG File Processing Stats

File Path                                  PID    Runtime      # DAGs    # Errors  Last Runtime    Last Run
-----------------------------------------  -----  ---------  --------  ----------  --------------  -------------------
/opt/airflow/dags/weather_to_kafka_dag.py                           1           0  0.31s           2025-06-17T17:44:35
================================================================================
[2025-06-17T17:45:20.415+0000] {manager.py:879} INFO - 
================================================================================
DAG File Processing Stats

File Path                                  PID    Runtime      # DAGs    # Errors  Last Runtime    Last Run
-----------------------------------------  -----  ---------  --------  ----------  --------------  -------------------
/opt/airflow/dags/weather_to_kafka_dag.py                           1           0  0.31s           2025-06-17T17:45:07
================================================================================
[2025-06-17T17:45:50.415+0000] {manager.py:879} INFO - 
================================================================================
DAG File Processing Stats

File Path                                  PID    Runtime      # DAGs    # Errors  Last Runtime    Last Run
-----------------------------------------  -----  ---------  --------  ----------  --------------  -------------------
/opt/airflow/dags/weather_to_kafka_dag.py                           1           0  0.31s           2025-06-17T17:45:37
================================================================================
[2025-06-17T17:46:20.805+0000] {manager.py:879} INFO - 
================================================================================
DAG File Processing Stats

File Path                                  PID    Runtime      # DAGs    # Errors  Last Runtime    Last Run
-----------------------------------------  -----  ---------  --------  ----------  --------------  -------------------
/opt/airflow/dags/weather_to_kafka_dag.py                           1           0  0.31s           2025-06-17T17:46:11
================================================================================
[2025-06-17T17:46:50.910+0000] {manager.py:879} INFO - 
================================================================================
DAG File Processing Stats

File Path                                  PID    Runtime      # DAGs    # Errors  Last Runtime    Last Run
-----------------------------------------  -----  ---------  --------  ----------  --------------  -------------------
/opt/airflow/dags/weather_to_kafka_dag.py                           1           0  0.31s           2025-06-17T17:46:42
================================================================================
[2025-06-17T17:47:21.409+0000] {manager.py:879} INFO - 
================================================================================
DAG File Processing Stats

File Path                                  PID    Runtime      # DAGs    # Errors  Last Runtime    Last Run
-----------------------------------------  -----  ---------  --------  ----------  --------------  -------------------
/opt/airflow/dags/weather_to_kafka_dag.py                           1           0  0.31s           2025-06-17T17:47:12
================================================================================
[2025-06-17T17:47:51.617+0000] {manager.py:879} INFO - 
================================================================================
DAG File Processing Stats

File Path                                  PID    Runtime      # DAGs    # Errors  Last Runtime    Last Run
-----------------------------------------  -----  ---------  --------  ----------  --------------  -------------------
/opt/airflow/dags/weather_to_kafka_dag.py                           1           0  0.31s           2025-06-17T17:47:43
================================================================================
[2025-06-17T17:48:15.137+0000] {manager.py:738} INFO - Searching for files in /opt/airflow/dags
[2025-06-17T17:48:15.164+0000] {manager.py:741} INFO - There are 1 files in /opt/airflow/dags
[2025-06-17T17:48:22.220+0000] {manager.py:879} INFO - 
================================================================================
DAG File Processing Stats

File Path                                  PID    Runtime      # DAGs    # Errors  Last Runtime    Last Run
-----------------------------------------  -----  ---------  --------  ----------  --------------  -------------------
/opt/airflow/dags/weather_to_kafka_dag.py                           1           0  0.20s           2025-06-17T17:48:13
================================================================================
[2025-06-17T17:48:52.509+0000] {manager.py:879} INFO - 
================================================================================
DAG File Processing Stats

File Path                                  PID    Runtime      # DAGs    # Errors  Last Runtime    Last Run
-----------------------------------------  -----  ---------  --------  ----------  --------------  -------------------
/opt/airflow/dags/weather_to_kafka_dag.py                           1           0  0.31s           2025-06-17T17:48:44
================================================================================
[2025-06-17T17:49:23.146+0000] {manager.py:879} INFO - 
================================================================================
DAG File Processing Stats

File Path                                  PID    Runtime      # DAGs    # Errors  Last Runtime    Last Run
-----------------------------------------  -----  ---------  --------  ----------  --------------  -------------------
/opt/airflow/dags/weather_to_kafka_dag.py                           1           0  0.31s           2025-06-17T17:49:14
================================================================================
[2025-06-17T17:49:53.195+0000] {manager.py:879} INFO - 
================================================================================
DAG File Processing Stats

File Path                                  PID    Runtime      # DAGs    # Errors  Last Runtime    Last Run
-----------------------------------------  -----  ---------  --------  ----------  --------------  -------------------
/opt/airflow/dags/weather_to_kafka_dag.py                           1           0  0.31s           2025-06-17T17:49:44
================================================================================
[2025-06-17T17:50:24.042+0000] {manager.py:879} INFO - 
================================================================================
DAG File Processing Stats

File Path                                  PID    Runtime      # DAGs    # Errors  Last Runtime    Last Run
-----------------------------------------  -----  ---------  --------  ----------  --------------  -------------------
/opt/airflow/dags/weather_to_kafka_dag.py                           1           0  0.31s           2025-06-17T17:50:15
================================================================================
[2025-06-17T17:50:54.052+0000] {manager.py:879} INFO - 
================================================================================
DAG File Processing Stats

File Path                                  PID    Runtime      # DAGs    # Errors  Last Runtime    Last Run
-----------------------------------------  -----  ---------  --------  ----------  --------------  -------------------
/opt/airflow/dags/weather_to_kafka_dag.py                           1           0  0.31s           2025-06-17T17:50:46
================================================================================
[2025-06-17T17:51:24.102+0000] {manager.py:879} INFO - 
================================================================================
DAG File Processing Stats

File Path                                  PID    Runtime      # DAGs    # Errors  Last Runtime    Last Run
-----------------------------------------  -----  ---------  --------  ----------  --------------  -------------------
/opt/airflow/dags/weather_to_kafka_dag.py                           1           0  0.31s           2025-06-17T17:51:17
================================================================================
[2025-06-17T17:51:54.870+0000] {manager.py:879} INFO - 
================================================================================
DAG File Processing Stats

File Path                                  PID    Runtime      # DAGs    # Errors  Last Runtime    Last Run
-----------------------------------------  -----  ---------  --------  ----------  --------------  -------------------
/opt/airflow/dags/weather_to_kafka_dag.py                           1           0  0.31s           2025-06-17T17:51:48
================================================================================
[2025-06-17T17:52:25.629+0000] {manager.py:879} INFO - 
================================================================================
DAG File Processing Stats

File Path                                  PID    Runtime      # DAGs    # Errors  Last Runtime    Last Run
-----------------------------------------  -----  ---------  --------  ----------  --------------  -------------------
/opt/airflow/dags/weather_to_kafka_dag.py                           1           0  0.31s           2025-06-17T17:52:19
================================================================================
[2025-06-17T17:52:56.622+0000] {manager.py:879} INFO - 
================================================================================
DAG File Processing Stats

File Path                                  PID    Runtime      # DAGs    # Errors  Last Runtime    Last Run
-----------------------------------------  -----  ---------  --------  ----------  --------------  -------------------
/opt/airflow/dags/weather_to_kafka_dag.py                           1           0  0.21s           2025-06-17T17:52:50
================================================================================
[2025-06-17T17:53:15.378+0000] {manager.py:738} INFO - Searching for files in /opt/airflow/dags
[2025-06-17T17:53:15.402+0000] {manager.py:741} INFO - There are 1 files in /opt/airflow/dags
[2025-06-17T17:53:27.545+0000] {manager.py:879} INFO - 
================================================================================
DAG File Processing Stats

File Path                                  PID    Runtime      # DAGs    # Errors  Last Runtime    Last Run
-----------------------------------------  -----  ---------  --------  ----------  --------------  -------------------
/opt/airflow/dags/weather_to_kafka_dag.py                           1           0  0.31s           2025-06-17T17:53:21
================================================================================
[2025-06-17T17:53:58.616+0000] {manager.py:879} INFO - 
================================================================================
DAG File Processing Stats

File Path                                  PID    Runtime      # DAGs    # Errors  Last Runtime    Last Run
-----------------------------------------  -----  ---------  --------  ----------  --------------  -------------------
/opt/airflow/dags/weather_to_kafka_dag.py                           1           0  0.31s           2025-06-17T17:53:52
================================================================================
[2025-06-17T17:54:29.540+0000] {manager.py:879} INFO - 
================================================================================
DAG File Processing Stats

File Path                                  PID    Runtime      # DAGs    # Errors  Last Runtime    Last Run
-----------------------------------------  -----  ---------  --------  ----------  --------------  -------------------
/opt/airflow/dags/weather_to_kafka_dag.py                           1           0  0.31s           2025-06-17T17:54:23
================================================================================
[2025-06-17T17:54:59.687+0000] {manager.py:879} INFO - 
================================================================================
DAG File Processing Stats

File Path                                  PID    Runtime      # DAGs    # Errors  Last Runtime    Last Run
-----------------------------------------  -----  ---------  --------  ----------  --------------  -------------------
/opt/airflow/dags/weather_to_kafka_dag.py                           1           0  0.31s           2025-06-17T17:54:53
================================================================================
[2025-06-17T17:55:30.011+0000] {manager.py:879} INFO - 
================================================================================
DAG File Processing Stats

File Path                                  PID    Runtime      # DAGs    # Errors  Last Runtime    Last Run
-----------------------------------------  -----  ---------  --------  ----------  --------------  -------------------
/opt/airflow/dags/weather_to_kafka_dag.py                           1           0  0.31s           2025-06-17T17:55:24
================================================================================
[2025-06-17T17:56:00.685+0000] {manager.py:879} INFO - 
================================================================================
DAG File Processing Stats

File Path                                  PID    Runtime      # DAGs    # Errors  Last Runtime    Last Run
-----------------------------------------  -----  ---------  --------  ----------  --------------  -------------------
/opt/airflow/dags/weather_to_kafka_dag.py                           1           0  0.31s           2025-06-17T17:55:56
================================================================================
[2025-06-17T17:56:30.952+0000] {manager.py:879} INFO - 
================================================================================
DAG File Processing Stats

File Path                                  PID    Runtime      # DAGs    # Errors  Last Runtime    Last Run
-----------------------------------------  -----  ---------  --------  ----------  --------------  -------------------
/opt/airflow/dags/weather_to_kafka_dag.py                           1           0  0.31s           2025-06-17T17:56:27
================================================================================
[2025-06-17T17:57:01.117+0000] {manager.py:879} INFO - 
================================================================================
DAG File Processing Stats

File Path                                  PID    Runtime      # DAGs    # Errors  Last Runtime    Last Run
-----------------------------------------  -----  ---------  --------  ----------  --------------  -------------------
/opt/airflow/dags/weather_to_kafka_dag.py                           1           0  0.31s           2025-06-17T17:56:58
================================================================================
[2025-06-17T17:57:31.395+0000] {manager.py:879} INFO - 
================================================================================
DAG File Processing Stats

File Path                                  PID    Runtime      # DAGs    # Errors  Last Runtime    Last Run
-----------------------------------------  -----  ---------  --------  ----------  --------------  -------------------
/opt/airflow/dags/weather_to_kafka_dag.py                           1           0  0.31s           2025-06-17T17:57:29
================================================================================
[2025-06-17T17:58:01.639+0000] {manager.py:879} INFO - 
================================================================================
DAG File Processing Stats

File Path                                  PID    Runtime      # DAGs    # Errors  Last Runtime    Last Run
-----------------------------------------  -----  ---------  --------  ----------  --------------  -------------------
/opt/airflow/dags/weather_to_kafka_dag.py                           1           0  0.31s           2025-06-17T17:58:00
================================================================================
[2025-06-17T17:58:15.497+0000] {manager.py:738} INFO - Searching for files in /opt/airflow/dags
[2025-06-17T17:58:15.523+0000] {manager.py:741} INFO - There are 1 files in /opt/airflow/dags
[2025-06-17T17:58:31.802+0000] {manager.py:879} INFO - 
================================================================================
DAG File Processing Stats

File Path                                  PID    Runtime      # DAGs    # Errors  Last Runtime    Last Run
-----------------------------------------  -----  ---------  --------  ----------  --------------  -------------------
/opt/airflow/dags/weather_to_kafka_dag.py                           1           0  0.30s           2025-06-17T17:58:31
================================================================================
[2025-06-17T17:59:01.959+0000] {manager.py:879} INFO - 
================================================================================
DAG File Processing Stats

File Path                                  PID    Runtime      # DAGs    # Errors  Last Runtime    Last Run
-----------------------------------------  -----  ---------  --------  ----------  --------------  -------------------
/opt/airflow/dags/weather_to_kafka_dag.py                           1           0  0.31s           2025-06-17T17:59:01
================================================================================
[2025-06-17T17:59:32.575+0000] {manager.py:879} INFO - 
================================================================================
DAG File Processing Stats

File Path                                  PID    Runtime      # DAGs    # Errors  Last Runtime    Last Run
-----------------------------------------  -----  ---------  --------  ----------  --------------  -------------------
/opt/airflow/dags/weather_to_kafka_dag.py                           1           0  0.31s           2025-06-17T17:59:32
================================================================================
[2025-06-17T18:00:06.255+0000] {manager.py:879} INFO - 
================================================================================
DAG File Processing Stats

File Path                                  PID    Runtime      # DAGs    # Errors  Last Runtime    Last Run
-----------------------------------------  -----  ---------  --------  ----------  --------------  -------------------
/opt/airflow/dags/weather_to_kafka_dag.py                           1           0  0.31s           2025-06-17T18:00:06
================================================================================
[2025-06-17T18:00:36.910+0000] {manager.py:879} INFO - 
================================================================================
DAG File Processing Stats

File Path                                  PID    Runtime      # DAGs    # Errors  Last Runtime    Last Run
-----------------------------------------  -----  ---------  --------  ----------  --------------  -------------------
/opt/airflow/dags/weather_to_kafka_dag.py                           1           0  0.31s           2025-06-17T18:00:36
================================================================================
[2025-06-17T18:01:10.098+0000] {manager.py:879} INFO - 
================================================================================
DAG File Processing Stats

File Path                                  PID    Runtime      # DAGs    # Errors  Last Runtime    Last Run
-----------------------------------------  -----  ---------  --------  ----------  --------------  -------------------
/opt/airflow/dags/weather_to_kafka_dag.py                           1           0  0.30s           2025-06-17T18:01:10
================================================================================
[2025-06-17T18:01:41.088+0000] {manager.py:879} INFO - 
================================================================================
DAG File Processing Stats

File Path                                  PID    Runtime      # DAGs    # Errors  Last Runtime    Last Run
-----------------------------------------  -----  ---------  --------  ----------  --------------  -------------------
/opt/airflow/dags/weather_to_kafka_dag.py                           1           0  0.31s           2025-06-17T18:01:41
================================================================================
[2025-06-17T18:02:11.901+0000] {manager.py:879} INFO - 
================================================================================
DAG File Processing Stats

File Path                                  PID    Runtime      # DAGs    # Errors  Last Runtime    Last Run
-----------------------------------------  -----  ---------  --------  ----------  --------------  -------------------
/opt/airflow/dags/weather_to_kafka_dag.py                           1           0  0.31s           2025-06-17T18:02:11
================================================================================
[2025-06-17T18:02:42.265+0000] {manager.py:879} INFO - 
================================================================================
DAG File Processing Stats

File Path                                  PID    Runtime      # DAGs    # Errors  Last Runtime    Last Run
-----------------------------------------  -----  ---------  --------  ----------  --------------  -------------------
/opt/airflow/dags/weather_to_kafka_dag.py                           1           0  0.31s           2025-06-17T18:02:42
================================================================================
[2025-06-17T18:03:12.657+0000] {manager.py:879} INFO - 
================================================================================
DAG File Processing Stats

File Path                                  PID    Runtime      # DAGs    # Errors  Last Runtime    Last Run
-----------------------------------------  -----  ---------  --------  ----------  --------------  -------------------
/opt/airflow/dags/weather_to_kafka_dag.py                           1           0  0.31s           2025-06-17T18:03:12
================================================================================
[2025-06-17T18:03:15.627+0000] {manager.py:738} INFO - Searching for files in /opt/airflow/dags
[2025-06-17T18:03:15.657+0000] {manager.py:741} INFO - There are 1 files in /opt/airflow/dags
[2025-06-17T18:03:43.110+0000] {manager.py:879} INFO - 
================================================================================
DAG File Processing Stats

File Path                                  PID    Runtime      # DAGs    # Errors  Last Runtime    Last Run
-----------------------------------------  -----  ---------  --------  ----------  --------------  -------------------
/opt/airflow/dags/weather_to_kafka_dag.py                           1           0  0.31s           2025-06-17T18:03:43
================================================================================
[2025-06-17T18:04:14.442+0000] {manager.py:879} INFO - 
================================================================================
DAG File Processing Stats

File Path                                  PID    Runtime      # DAGs    # Errors  Last Runtime    Last Run
-----------------------------------------  -----  ---------  --------  ----------  --------------  -------------------
/opt/airflow/dags/weather_to_kafka_dag.py                           1           0  0.31s           2025-06-17T18:04:14
================================================================================
[2025-06-17T18:04:44.802+0000] {manager.py:879} INFO - 
================================================================================
DAG File Processing Stats

File Path                                  PID    Runtime      # DAGs    # Errors  Last Runtime    Last Run
-----------------------------------------  -----  ---------  --------  ----------  --------------  -------------------
/opt/airflow/dags/weather_to_kafka_dag.py                           1           0  0.21s           2025-06-17T18:04:44
================================================================================
[2025-06-17T18:05:15.494+0000] {manager.py:879} INFO - 
================================================================================
DAG File Processing Stats

File Path                                  PID    Runtime      # DAGs    # Errors  Last Runtime    Last Run
-----------------------------------------  -----  ---------  --------  ----------  --------------  -------------------
/opt/airflow/dags/weather_to_kafka_dag.py                           1           0  0.30s           2025-06-17T18:05:15
================================================================================
[2025-06-17T18:05:46.417+0000] {manager.py:879} INFO - 
================================================================================
DAG File Processing Stats

File Path                                  PID    Runtime      # DAGs    # Errors  Last Runtime    Last Run
-----------------------------------------  -----  ---------  --------  ----------  --------------  -------------------
/opt/airflow/dags/weather_to_kafka_dag.py                           1           0  0.31s           2025-06-17T18:05:46
================================================================================
[2025-06-17T18:06:17.668+0000] {manager.py:879} INFO - 
================================================================================
DAG File Processing Stats

File Path                                  PID    Runtime      # DAGs    # Errors  Last Runtime    Last Run
-----------------------------------------  -----  ---------  --------  ----------  --------------  -------------------
/opt/airflow/dags/weather_to_kafka_dag.py                           1           0  0.31s           2025-06-17T18:06:17
================================================================================
[2025-06-17T18:06:48.506+0000] {manager.py:879} INFO - 
================================================================================
DAG File Processing Stats

File Path                                  PID    Runtime      # DAGs    # Errors  Last Runtime    Last Run
-----------------------------------------  -----  ---------  --------  ----------  --------------  -------------------
/opt/airflow/dags/weather_to_kafka_dag.py                           1           0  0.31s           2025-06-17T18:06:48
================================================================================
[2025-06-17T18:07:19.476+0000] {manager.py:879} INFO - 
================================================================================
DAG File Processing Stats

File Path                                  PID    Runtime      # DAGs    # Errors  Last Runtime    Last Run
-----------------------------------------  -----  ---------  --------  ----------  --------------  -------------------
/opt/airflow/dags/weather_to_kafka_dag.py                           1           0  0.31s           2025-06-17T18:07:19
================================================================================
[2025-06-17T18:07:50.572+0000] {manager.py:879} INFO - 
================================================================================
DAG File Processing Stats

File Path                                  PID    Runtime      # DAGs    # Errors  Last Runtime    Last Run
-----------------------------------------  -----  ---------  --------  ----------  --------------  -------------------
/opt/airflow/dags/weather_to_kafka_dag.py                           1           0  0.31s           2025-06-17T18:07:50
================================================================================
[2025-06-17T18:08:15.752+0000] {manager.py:738} INFO - Searching for files in /opt/airflow/dags
[2025-06-17T18:08:15.782+0000] {manager.py:741} INFO - There are 1 files in /opt/airflow/dags
[2025-06-17T18:08:21.666+0000] {manager.py:879} INFO - 
================================================================================
DAG File Processing Stats

File Path                                  PID    Runtime      # DAGs    # Errors  Last Runtime    Last Run
-----------------------------------------  -----  ---------  --------  ----------  --------------  -------------------
/opt/airflow/dags/weather_to_kafka_dag.py                           1           0  0.31s           2025-06-17T18:08:21
================================================================================
[2025-06-17T18:08:52.643+0000] {manager.py:879} INFO - 
================================================================================
DAG File Processing Stats

File Path                                  PID    Runtime      # DAGs    # Errors  Last Runtime    Last Run
-----------------------------------------  -----  ---------  --------  ----------  --------------  -------------------
/opt/airflow/dags/weather_to_kafka_dag.py                           1           0  0.21s           2025-06-17T18:08:52
================================================================================
[2025-06-17T18:09:23.772+0000] {manager.py:879} INFO - 
================================================================================
DAG File Processing Stats

File Path                                  PID    Runtime      # DAGs    # Errors  Last Runtime    Last Run
-----------------------------------------  -----  ---------  --------  ----------  --------------  -------------------
/opt/airflow/dags/weather_to_kafka_dag.py                           1           0  0.31s           2025-06-17T18:09:23
================================================================================
[2025-06-17T18:09:54.493+0000] {manager.py:879} INFO - 
================================================================================
DAG File Processing Stats

File Path                                  PID    Runtime      # DAGs    # Errors  Last Runtime    Last Run
-----------------------------------------  -----  ---------  --------  ----------  --------------  -------------------
/opt/airflow/dags/weather_to_kafka_dag.py                           1           0  0.31s           2025-06-17T18:09:54
================================================================================
[2025-06-17T18:10:25.703+0000] {manager.py:879} INFO - 
================================================================================
DAG File Processing Stats

File Path                                  PID    Runtime      # DAGs    # Errors  Last Runtime    Last Run
-----------------------------------------  -----  ---------  --------  ----------  --------------  -------------------
/opt/airflow/dags/weather_to_kafka_dag.py                           1           0  0.31s           2025-06-17T18:10:25
================================================================================
[2025-06-17T18:10:56.480+0000] {manager.py:879} INFO - 
================================================================================
DAG File Processing Stats

File Path                                  PID    Runtime      # DAGs    # Errors  Last Runtime    Last Run
-----------------------------------------  -----  ---------  --------  ----------  --------------  -------------------
/opt/airflow/dags/weather_to_kafka_dag.py                           1           0  0.31s           2025-06-17T18:10:56
================================================================================
[2025-06-17T18:11:27.741+0000] {manager.py:879} INFO - 
================================================================================
DAG File Processing Stats

File Path                                  PID    Runtime      # DAGs    # Errors  Last Runtime    Last Run
-----------------------------------------  -----  ---------  --------  ----------  --------------  -------------------
/opt/airflow/dags/weather_to_kafka_dag.py                           1           0  0.31s           2025-06-17T18:11:27
================================================================================
[2025-06-17T18:11:58.771+0000] {manager.py:879} INFO - 
================================================================================
DAG File Processing Stats

File Path                                  PID    Runtime      # DAGs    # Errors  Last Runtime    Last Run
-----------------------------------------  -----  ---------  --------  ----------  --------------  -------------------
/opt/airflow/dags/weather_to_kafka_dag.py                           1           0  0.31s           2025-06-17T18:11:58
================================================================================
[2025-06-17T18:12:29.655+0000] {manager.py:879} INFO - 
================================================================================
DAG File Processing Stats

File Path                                  PID    Runtime      # DAGs    # Errors  Last Runtime    Last Run
-----------------------------------------  -----  ---------  --------  ----------  --------------  -------------------
/opt/airflow/dags/weather_to_kafka_dag.py                           1           0  0.31s           2025-06-17T18:12:29
================================================================================
[2025-06-17T18:13:00.531+0000] {manager.py:879} INFO - 
================================================================================
DAG File Processing Stats

File Path                                  PID    Runtime      # DAGs    # Errors  Last Runtime    Last Run
-----------------------------------------  -----  ---------  --------  ----------  --------------  -------------------
/opt/airflow/dags/weather_to_kafka_dag.py                           1           0  0.31s           2025-06-17T18:13:00
================================================================================
[2025-06-17T18:13:15.753+0000] {manager.py:738} INFO - Searching for files in /opt/airflow/dags
[2025-06-17T18:13:15.785+0000] {manager.py:741} INFO - There are 1 files in /opt/airflow/dags
[2025-06-17T18:13:31.264+0000] {manager.py:879} INFO - 
================================================================================
DAG File Processing Stats

File Path                                  PID    Runtime      # DAGs    # Errors  Last Runtime    Last Run
-----------------------------------------  -----  ---------  --------  ----------  --------------  -------------------
/opt/airflow/dags/weather_to_kafka_dag.py                           1           0  0.31s           2025-06-17T18:13:31
================================================================================
[2025-06-17T18:14:01.817+0000] {manager.py:879} INFO - 
================================================================================
DAG File Processing Stats

File Path                                  PID    Runtime      # DAGs    # Errors  Last Runtime    Last Run
-----------------------------------------  -----  ---------  --------  ----------  --------------  -------------------
/opt/airflow/dags/weather_to_kafka_dag.py                           1           0  0.30s           2025-06-17T18:14:01
================================================================================
[2025-06-17T18:14:32.342+0000] {manager.py:879} INFO - 
================================================================================
DAG File Processing Stats

File Path                                  PID    Runtime      # DAGs    # Errors  Last Runtime    Last Run
-----------------------------------------  -----  ---------  --------  ----------  --------------  -------------------
/opt/airflow/dags/weather_to_kafka_dag.py                           1           0  0.30s           2025-06-17T18:14:32
================================================================================
[2025-06-17T18:15:06.173+0000] {manager.py:879} INFO - 
================================================================================
DAG File Processing Stats

File Path                                  PID    Runtime      # DAGs    # Errors  Last Runtime    Last Run
-----------------------------------------  -----  ---------  --------  ----------  --------------  -------------------
/opt/airflow/dags/weather_to_kafka_dag.py                           1           0  0.31s           2025-06-17T18:15:06
================================================================================
[2025-06-17T18:15:36.669+0000] {manager.py:879} INFO - 
================================================================================
DAG File Processing Stats

File Path                                  PID    Runtime      # DAGs    # Errors  Last Runtime    Last Run
-----------------------------------------  -----  ---------  --------  ----------  --------------  -------------------
/opt/airflow/dags/weather_to_kafka_dag.py                           1           0  0.31s           2025-06-17T18:15:36
================================================================================
[2025-06-17T18:16:09.739+0000] {manager.py:879} INFO - 
================================================================================
DAG File Processing Stats

File Path                                  PID    Runtime      # DAGs    # Errors  Last Runtime    Last Run
-----------------------------------------  -----  ---------  --------  ----------  --------------  -------------------
/opt/airflow/dags/weather_to_kafka_dag.py                           1           0  0.21s           2025-06-17T18:16:09
================================================================================
[2025-06-17T18:16:40.681+0000] {manager.py:879} INFO - 
================================================================================
DAG File Processing Stats

File Path                                  PID    Runtime      # DAGs    # Errors  Last Runtime    Last Run
-----------------------------------------  -----  ---------  --------  ----------  --------------  -------------------
/opt/airflow/dags/weather_to_kafka_dag.py                           1           0  0.31s           2025-06-17T18:16:40
================================================================================
