[2025-06-17T16:14:28.883+0000] {processor.py:161} INFO - Started process (PID=31) to work on /opt/airflow/dags/weather_to_kafka_dag.py
[2025-06-17T16:14:28.885+0000] {processor.py:830} INFO - Processing file /opt/airflow/dags/weather_to_kafka_dag.py for tasks to queue
[2025-06-17T16:14:28.888+0000] {logging_mixin.py:188} INFO - [2025-06-17T16:14:28.887+0000] {dagbag.py:538} INFO - Filling up the DagBag from /opt/airflow/dags/weather_to_kafka_dag.py
[2025-06-17T16:14:28.998+0000] {processor.py:840} INFO - DAG(s) 'weather_to_kafka_dag' retrieved from /opt/airflow/dags/weather_to_kafka_dag.py
[2025-06-17T16:14:29.654+0000] {logging_mixin.py:188} INFO - [2025-06-17T16:14:29.652+0000] {override.py:1769} INFO - Created Permission View: can edit on DAG:weather_to_kafka_dag
[2025-06-17T16:14:29.737+0000] {logging_mixin.py:188} INFO - [2025-06-17T16:14:29.736+0000] {override.py:1769} INFO - Created Permission View: can delete on DAG:weather_to_kafka_dag
[2025-06-17T16:14:29.802+0000] {logging_mixin.py:188} INFO - [2025-06-17T16:14:29.802+0000] {override.py:1769} INFO - Created Permission View: can read on DAG:weather_to_kafka_dag
[2025-06-17T16:14:29.804+0000] {logging_mixin.py:188} INFO - [2025-06-17T16:14:29.803+0000] {dag.py:3036} INFO - Sync 1 DAGs
[2025-06-17T16:14:29.833+0000] {logging_mixin.py:188} INFO - [2025-06-17T16:14:29.833+0000] {dag.py:3058} INFO - Creating ORM DAG for weather_to_kafka_dag
[2025-06-17T16:14:29.868+0000] {logging_mixin.py:188} INFO - [2025-06-17T16:14:29.867+0000] {dag.py:3823} INFO - Setting next_dagrun for weather_to_kafka_dag to 2025-06-17 16:13:00+00:00, run_after=2025-06-17 16:14:00+00:00
[2025-06-17T16:14:29.983+0000] {processor.py:183} INFO - Processing /opt/airflow/dags/weather_to_kafka_dag.py took 1.108 seconds
[2025-06-17T16:15:01.098+0000] {processor.py:161} INFO - Started process (PID=40) to work on /opt/airflow/dags/weather_to_kafka_dag.py
[2025-06-17T16:15:01.101+0000] {processor.py:830} INFO - Processing file /opt/airflow/dags/weather_to_kafka_dag.py for tasks to queue
[2025-06-17T16:15:01.103+0000] {logging_mixin.py:188} INFO - [2025-06-17T16:15:01.102+0000] {dagbag.py:538} INFO - Filling up the DagBag from /opt/airflow/dags/weather_to_kafka_dag.py
[2025-06-17T16:15:01.173+0000] {processor.py:840} INFO - DAG(s) 'weather_to_kafka_dag' retrieved from /opt/airflow/dags/weather_to_kafka_dag.py
[2025-06-17T16:15:01.256+0000] {logging_mixin.py:188} INFO - [2025-06-17T16:15:01.255+0000] {dag.py:3036} INFO - Sync 1 DAGs
[2025-06-17T16:15:01.357+0000] {logging_mixin.py:188} INFO - [2025-06-17T16:15:01.356+0000] {dag.py:3823} INFO - Setting next_dagrun for weather_to_kafka_dag to 2025-06-17 16:14:00+00:00, run_after=2025-06-17 16:15:00+00:00
[2025-06-17T16:15:01.550+0000] {processor.py:183} INFO - Processing /opt/airflow/dags/weather_to_kafka_dag.py took 0.458 seconds
[2025-06-17T16:15:32.851+0000] {processor.py:161} INFO - Started process (PID=46) to work on /opt/airflow/dags/weather_to_kafka_dag.py
[2025-06-17T16:15:32.855+0000] {processor.py:830} INFO - Processing file /opt/airflow/dags/weather_to_kafka_dag.py for tasks to queue
[2025-06-17T16:15:32.857+0000] {logging_mixin.py:188} INFO - [2025-06-17T16:15:32.857+0000] {dagbag.py:538} INFO - Filling up the DagBag from /opt/airflow/dags/weather_to_kafka_dag.py
[2025-06-17T16:15:32.935+0000] {processor.py:840} INFO - DAG(s) 'weather_to_kafka_dag' retrieved from /opt/airflow/dags/weather_to_kafka_dag.py
[2025-06-17T16:15:33.016+0000] {logging_mixin.py:188} INFO - [2025-06-17T16:15:33.016+0000] {dag.py:3036} INFO - Sync 1 DAGs
[2025-06-17T16:15:33.102+0000] {logging_mixin.py:188} INFO - [2025-06-17T16:15:33.101+0000] {dag.py:3823} INFO - Setting next_dagrun for weather_to_kafka_dag to 2025-06-17 16:14:00+00:00, run_after=2025-06-17 16:15:00+00:00
[2025-06-17T16:15:33.253+0000] {processor.py:183} INFO - Processing /opt/airflow/dags/weather_to_kafka_dag.py took 0.419 seconds
[2025-06-17T16:16:04.478+0000] {processor.py:161} INFO - Started process (PID=47) to work on /opt/airflow/dags/weather_to_kafka_dag.py
[2025-06-17T16:16:04.481+0000] {processor.py:830} INFO - Processing file /opt/airflow/dags/weather_to_kafka_dag.py for tasks to queue
[2025-06-17T16:16:04.485+0000] {logging_mixin.py:188} INFO - [2025-06-17T16:16:04.484+0000] {dagbag.py:538} INFO - Filling up the DagBag from /opt/airflow/dags/weather_to_kafka_dag.py
[2025-06-17T16:16:04.572+0000] {processor.py:840} INFO - DAG(s) 'weather_to_kafka_dag' retrieved from /opt/airflow/dags/weather_to_kafka_dag.py
[2025-06-17T16:16:04.633+0000] {logging_mixin.py:188} INFO - [2025-06-17T16:16:04.633+0000] {dag.py:3036} INFO - Sync 1 DAGs
[2025-06-17T16:16:04.717+0000] {logging_mixin.py:188} INFO - [2025-06-17T16:16:04.716+0000] {dag.py:3823} INFO - Setting next_dagrun for weather_to_kafka_dag to 2025-06-17 16:15:00+00:00, run_after=2025-06-17 16:16:00+00:00
[2025-06-17T16:16:04.895+0000] {processor.py:183} INFO - Processing /opt/airflow/dags/weather_to_kafka_dag.py took 0.425 seconds
[2025-06-17T16:16:35.174+0000] {processor.py:161} INFO - Started process (PID=48) to work on /opt/airflow/dags/weather_to_kafka_dag.py
[2025-06-17T16:16:35.178+0000] {processor.py:830} INFO - Processing file /opt/airflow/dags/weather_to_kafka_dag.py for tasks to queue
[2025-06-17T16:16:35.182+0000] {logging_mixin.py:188} INFO - [2025-06-17T16:16:35.181+0000] {dagbag.py:538} INFO - Filling up the DagBag from /opt/airflow/dags/weather_to_kafka_dag.py
[2025-06-17T16:16:35.261+0000] {processor.py:840} INFO - DAG(s) 'weather_to_kafka_dag' retrieved from /opt/airflow/dags/weather_to_kafka_dag.py
[2025-06-17T16:16:35.322+0000] {logging_mixin.py:188} INFO - [2025-06-17T16:16:35.322+0000] {dag.py:3036} INFO - Sync 1 DAGs
[2025-06-17T16:16:35.380+0000] {logging_mixin.py:188} INFO - [2025-06-17T16:16:35.380+0000] {dag.py:3823} INFO - Setting next_dagrun for weather_to_kafka_dag to 2025-06-17 16:15:00+00:00, run_after=2025-06-17 16:16:00+00:00
[2025-06-17T16:16:35.577+0000] {processor.py:183} INFO - Processing /opt/airflow/dags/weather_to_kafka_dag.py took 0.416 seconds
[2025-06-17T16:17:06.193+0000] {processor.py:161} INFO - Started process (PID=49) to work on /opt/airflow/dags/weather_to_kafka_dag.py
[2025-06-17T16:17:06.195+0000] {processor.py:830} INFO - Processing file /opt/airflow/dags/weather_to_kafka_dag.py for tasks to queue
[2025-06-17T16:17:06.197+0000] {logging_mixin.py:188} INFO - [2025-06-17T16:17:06.197+0000] {dagbag.py:538} INFO - Filling up the DagBag from /opt/airflow/dags/weather_to_kafka_dag.py
[2025-06-17T16:17:06.257+0000] {processor.py:840} INFO - DAG(s) 'weather_to_kafka_dag' retrieved from /opt/airflow/dags/weather_to_kafka_dag.py
[2025-06-17T16:17:06.336+0000] {logging_mixin.py:188} INFO - [2025-06-17T16:17:06.336+0000] {dag.py:3036} INFO - Sync 1 DAGs
[2025-06-17T16:17:06.406+0000] {logging_mixin.py:188} INFO - [2025-06-17T16:17:06.405+0000] {dag.py:3823} INFO - Setting next_dagrun for weather_to_kafka_dag to 2025-06-17 16:16:00+00:00, run_after=2025-06-17 16:17:00+00:00
[2025-06-17T16:17:06.587+0000] {processor.py:183} INFO - Processing /opt/airflow/dags/weather_to_kafka_dag.py took 0.400 seconds
[2025-06-17T16:17:37.339+0000] {processor.py:161} INFO - Started process (PID=50) to work on /opt/airflow/dags/weather_to_kafka_dag.py
[2025-06-17T16:17:37.343+0000] {processor.py:830} INFO - Processing file /opt/airflow/dags/weather_to_kafka_dag.py for tasks to queue
[2025-06-17T16:17:37.346+0000] {logging_mixin.py:188} INFO - [2025-06-17T16:17:37.345+0000] {dagbag.py:538} INFO - Filling up the DagBag from /opt/airflow/dags/weather_to_kafka_dag.py
[2025-06-17T16:17:37.430+0000] {processor.py:840} INFO - DAG(s) 'weather_to_kafka_dag' retrieved from /opt/airflow/dags/weather_to_kafka_dag.py
[2025-06-17T16:17:37.503+0000] {logging_mixin.py:188} INFO - [2025-06-17T16:17:37.503+0000] {dag.py:3036} INFO - Sync 1 DAGs
[2025-06-17T16:17:37.589+0000] {logging_mixin.py:188} INFO - [2025-06-17T16:17:37.588+0000] {dag.py:3823} INFO - Setting next_dagrun for weather_to_kafka_dag to 2025-06-17 16:16:00+00:00, run_after=2025-06-17 16:17:00+00:00
[2025-06-17T16:17:37.784+0000] {processor.py:183} INFO - Processing /opt/airflow/dags/weather_to_kafka_dag.py took 0.457 seconds
[2025-06-17T16:18:07.996+0000] {processor.py:161} INFO - Started process (PID=51) to work on /opt/airflow/dags/weather_to_kafka_dag.py
[2025-06-17T16:18:07.998+0000] {processor.py:830} INFO - Processing file /opt/airflow/dags/weather_to_kafka_dag.py for tasks to queue
[2025-06-17T16:18:08.000+0000] {logging_mixin.py:188} INFO - [2025-06-17T16:18:07.999+0000] {dagbag.py:538} INFO - Filling up the DagBag from /opt/airflow/dags/weather_to_kafka_dag.py
[2025-06-17T16:18:08.074+0000] {processor.py:840} INFO - DAG(s) 'weather_to_kafka_dag' retrieved from /opt/airflow/dags/weather_to_kafka_dag.py
[2025-06-17T16:18:08.164+0000] {logging_mixin.py:188} INFO - [2025-06-17T16:18:08.164+0000] {dag.py:3036} INFO - Sync 1 DAGs
[2025-06-17T16:18:08.237+0000] {logging_mixin.py:188} INFO - [2025-06-17T16:18:08.236+0000] {dag.py:3823} INFO - Setting next_dagrun for weather_to_kafka_dag to 2025-06-17 16:17:00+00:00, run_after=2025-06-17 16:18:00+00:00
[2025-06-17T16:18:08.423+0000] {processor.py:183} INFO - Processing /opt/airflow/dags/weather_to_kafka_dag.py took 0.432 seconds
[2025-06-17T16:18:38.916+0000] {processor.py:161} INFO - Started process (PID=52) to work on /opt/airflow/dags/weather_to_kafka_dag.py
[2025-06-17T16:18:38.919+0000] {processor.py:830} INFO - Processing file /opt/airflow/dags/weather_to_kafka_dag.py for tasks to queue
[2025-06-17T16:18:38.922+0000] {logging_mixin.py:188} INFO - [2025-06-17T16:18:38.921+0000] {dagbag.py:538} INFO - Filling up the DagBag from /opt/airflow/dags/weather_to_kafka_dag.py
[2025-06-17T16:18:38.998+0000] {processor.py:840} INFO - DAG(s) 'weather_to_kafka_dag' retrieved from /opt/airflow/dags/weather_to_kafka_dag.py
[2025-06-17T16:18:39.076+0000] {logging_mixin.py:188} INFO - [2025-06-17T16:18:39.076+0000] {dag.py:3036} INFO - Sync 1 DAGs
[2025-06-17T16:18:39.149+0000] {logging_mixin.py:188} INFO - [2025-06-17T16:18:39.148+0000] {dag.py:3823} INFO - Setting next_dagrun for weather_to_kafka_dag to 2025-06-17 16:17:00+00:00, run_after=2025-06-17 16:18:00+00:00
[2025-06-17T16:18:39.321+0000] {processor.py:183} INFO - Processing /opt/airflow/dags/weather_to_kafka_dag.py took 0.413 seconds
[2025-06-17T16:19:10.300+0000] {processor.py:161} INFO - Started process (PID=53) to work on /opt/airflow/dags/weather_to_kafka_dag.py
[2025-06-17T16:19:10.304+0000] {processor.py:830} INFO - Processing file /opt/airflow/dags/weather_to_kafka_dag.py for tasks to queue
[2025-06-17T16:19:10.307+0000] {logging_mixin.py:188} INFO - [2025-06-17T16:19:10.306+0000] {dagbag.py:538} INFO - Filling up the DagBag from /opt/airflow/dags/weather_to_kafka_dag.py
[2025-06-17T16:19:10.363+0000] {processor.py:840} INFO - DAG(s) 'weather_to_kafka_dag' retrieved from /opt/airflow/dags/weather_to_kafka_dag.py
[2025-06-17T16:19:10.439+0000] {logging_mixin.py:188} INFO - [2025-06-17T16:19:10.439+0000] {dag.py:3036} INFO - Sync 1 DAGs
[2025-06-17T16:19:10.576+0000] {logging_mixin.py:188} INFO - [2025-06-17T16:19:10.576+0000] {dag.py:3823} INFO - Setting next_dagrun for weather_to_kafka_dag to 2025-06-17 16:18:00+00:00, run_after=2025-06-17 16:19:00+00:00
[2025-06-17T16:19:10.799+0000] {processor.py:183} INFO - Processing /opt/airflow/dags/weather_to_kafka_dag.py took 0.505 seconds
[2025-06-17T16:19:42.411+0000] {processor.py:161} INFO - Started process (PID=55) to work on /opt/airflow/dags/weather_to_kafka_dag.py
[2025-06-17T16:19:42.415+0000] {processor.py:830} INFO - Processing file /opt/airflow/dags/weather_to_kafka_dag.py for tasks to queue
[2025-06-17T16:19:42.418+0000] {logging_mixin.py:188} INFO - [2025-06-17T16:19:42.417+0000] {dagbag.py:538} INFO - Filling up the DagBag from /opt/airflow/dags/weather_to_kafka_dag.py
[2025-06-17T16:19:42.496+0000] {processor.py:840} INFO - DAG(s) 'weather_to_kafka_dag' retrieved from /opt/airflow/dags/weather_to_kafka_dag.py
[2025-06-17T16:19:42.555+0000] {logging_mixin.py:188} INFO - [2025-06-17T16:19:42.554+0000] {dag.py:3036} INFO - Sync 1 DAGs
[2025-06-17T16:19:42.621+0000] {logging_mixin.py:188} INFO - [2025-06-17T16:19:42.621+0000] {dag.py:3823} INFO - Setting next_dagrun for weather_to_kafka_dag to 2025-06-17 16:18:00+00:00, run_after=2025-06-17 16:19:00+00:00
[2025-06-17T16:19:42.803+0000] {processor.py:183} INFO - Processing /opt/airflow/dags/weather_to_kafka_dag.py took 0.402 seconds
[2025-06-17T16:20:14.296+0000] {processor.py:161} INFO - Started process (PID=56) to work on /opt/airflow/dags/weather_to_kafka_dag.py
[2025-06-17T16:20:14.298+0000] {processor.py:830} INFO - Processing file /opt/airflow/dags/weather_to_kafka_dag.py for tasks to queue
[2025-06-17T16:20:14.301+0000] {logging_mixin.py:188} INFO - [2025-06-17T16:20:14.300+0000] {dagbag.py:538} INFO - Filling up the DagBag from /opt/airflow/dags/weather_to_kafka_dag.py
[2025-06-17T16:20:14.376+0000] {processor.py:840} INFO - DAG(s) 'weather_to_kafka_dag' retrieved from /opt/airflow/dags/weather_to_kafka_dag.py
[2025-06-17T16:20:14.450+0000] {logging_mixin.py:188} INFO - [2025-06-17T16:20:14.450+0000] {dag.py:3036} INFO - Sync 1 DAGs
[2025-06-17T16:20:14.522+0000] {logging_mixin.py:188} INFO - [2025-06-17T16:20:14.522+0000] {dag.py:3823} INFO - Setting next_dagrun for weather_to_kafka_dag to 2025-06-17 16:19:00+00:00, run_after=2025-06-17 16:20:00+00:00
[2025-06-17T16:20:14.691+0000] {processor.py:183} INFO - Processing /opt/airflow/dags/weather_to_kafka_dag.py took 0.403 seconds
[2025-06-17T16:20:45.024+0000] {processor.py:161} INFO - Started process (PID=59) to work on /opt/airflow/dags/weather_to_kafka_dag.py
[2025-06-17T16:20:45.029+0000] {processor.py:830} INFO - Processing file /opt/airflow/dags/weather_to_kafka_dag.py for tasks to queue
[2025-06-17T16:20:45.035+0000] {logging_mixin.py:188} INFO - [2025-06-17T16:20:45.033+0000] {dagbag.py:538} INFO - Filling up the DagBag from /opt/airflow/dags/weather_to_kafka_dag.py
[2025-06-17T16:20:45.107+0000] {processor.py:840} INFO - DAG(s) 'weather_to_kafka_dag' retrieved from /opt/airflow/dags/weather_to_kafka_dag.py
[2025-06-17T16:20:45.181+0000] {logging_mixin.py:188} INFO - [2025-06-17T16:20:45.181+0000] {dag.py:3036} INFO - Sync 1 DAGs
[2025-06-17T16:20:45.254+0000] {logging_mixin.py:188} INFO - [2025-06-17T16:20:45.254+0000] {dag.py:3823} INFO - Setting next_dagrun for weather_to_kafka_dag to 2025-06-17 16:19:00+00:00, run_after=2025-06-17 16:20:00+00:00
[2025-06-17T16:20:45.445+0000] {processor.py:183} INFO - Processing /opt/airflow/dags/weather_to_kafka_dag.py took 0.435 seconds
[2025-06-17T16:21:16.218+0000] {processor.py:161} INFO - Started process (PID=60) to work on /opt/airflow/dags/weather_to_kafka_dag.py
[2025-06-17T16:21:16.222+0000] {processor.py:830} INFO - Processing file /opt/airflow/dags/weather_to_kafka_dag.py for tasks to queue
[2025-06-17T16:21:16.227+0000] {logging_mixin.py:188} INFO - [2025-06-17T16:21:16.226+0000] {dagbag.py:538} INFO - Filling up the DagBag from /opt/airflow/dags/weather_to_kafka_dag.py
[2025-06-17T16:21:16.335+0000] {processor.py:840} INFO - DAG(s) 'weather_to_kafka_dag' retrieved from /opt/airflow/dags/weather_to_kafka_dag.py
[2025-06-17T16:21:16.415+0000] {logging_mixin.py:188} INFO - [2025-06-17T16:21:16.414+0000] {dag.py:3036} INFO - Sync 1 DAGs
[2025-06-17T16:21:16.500+0000] {logging_mixin.py:188} INFO - [2025-06-17T16:21:16.499+0000] {dag.py:3823} INFO - Setting next_dagrun for weather_to_kafka_dag to 2025-06-17 16:20:00+00:00, run_after=2025-06-17 16:21:00+00:00
[2025-06-17T16:21:16.666+0000] {processor.py:183} INFO - Processing /opt/airflow/dags/weather_to_kafka_dag.py took 0.462 seconds
[2025-06-17T16:21:46.841+0000] {processor.py:161} INFO - Started process (PID=61) to work on /opt/airflow/dags/weather_to_kafka_dag.py
[2025-06-17T16:21:46.844+0000] {processor.py:830} INFO - Processing file /opt/airflow/dags/weather_to_kafka_dag.py for tasks to queue
[2025-06-17T16:21:46.846+0000] {logging_mixin.py:188} INFO - [2025-06-17T16:21:46.845+0000] {dagbag.py:538} INFO - Filling up the DagBag from /opt/airflow/dags/weather_to_kafka_dag.py
[2025-06-17T16:21:46.917+0000] {processor.py:840} INFO - DAG(s) 'weather_to_kafka_dag' retrieved from /opt/airflow/dags/weather_to_kafka_dag.py
[2025-06-17T16:21:46.997+0000] {logging_mixin.py:188} INFO - [2025-06-17T16:21:46.997+0000] {dag.py:3036} INFO - Sync 1 DAGs
[2025-06-17T16:21:47.067+0000] {logging_mixin.py:188} INFO - [2025-06-17T16:21:47.067+0000] {dag.py:3823} INFO - Setting next_dagrun for weather_to_kafka_dag to 2025-06-17 16:20:00+00:00, run_after=2025-06-17 16:21:00+00:00
[2025-06-17T16:21:47.244+0000] {processor.py:183} INFO - Processing /opt/airflow/dags/weather_to_kafka_dag.py took 0.409 seconds
[2025-06-17T16:22:17.514+0000] {processor.py:161} INFO - Started process (PID=62) to work on /opt/airflow/dags/weather_to_kafka_dag.py
[2025-06-17T16:22:17.518+0000] {processor.py:830} INFO - Processing file /opt/airflow/dags/weather_to_kafka_dag.py for tasks to queue
[2025-06-17T16:22:17.521+0000] {logging_mixin.py:188} INFO - [2025-06-17T16:22:17.520+0000] {dagbag.py:538} INFO - Filling up the DagBag from /opt/airflow/dags/weather_to_kafka_dag.py
[2025-06-17T16:22:17.587+0000] {processor.py:840} INFO - DAG(s) 'weather_to_kafka_dag' retrieved from /opt/airflow/dags/weather_to_kafka_dag.py
[2025-06-17T16:22:17.659+0000] {logging_mixin.py:188} INFO - [2025-06-17T16:22:17.658+0000] {dag.py:3036} INFO - Sync 1 DAGs
[2025-06-17T16:22:17.722+0000] {logging_mixin.py:188} INFO - [2025-06-17T16:22:17.722+0000] {dag.py:3823} INFO - Setting next_dagrun for weather_to_kafka_dag to 2025-06-17 16:21:00+00:00, run_after=2025-06-17 16:22:00+00:00
[2025-06-17T16:22:17.906+0000] {processor.py:183} INFO - Processing /opt/airflow/dags/weather_to_kafka_dag.py took 0.400 seconds
[2025-06-17T16:22:49.116+0000] {processor.py:161} INFO - Started process (PID=63) to work on /opt/airflow/dags/weather_to_kafka_dag.py
[2025-06-17T16:22:49.119+0000] {processor.py:830} INFO - Processing file /opt/airflow/dags/weather_to_kafka_dag.py for tasks to queue
[2025-06-17T16:22:49.122+0000] {logging_mixin.py:188} INFO - [2025-06-17T16:22:49.121+0000] {dagbag.py:538} INFO - Filling up the DagBag from /opt/airflow/dags/weather_to_kafka_dag.py
[2025-06-17T16:22:49.190+0000] {processor.py:840} INFO - DAG(s) 'weather_to_kafka_dag' retrieved from /opt/airflow/dags/weather_to_kafka_dag.py
[2025-06-17T16:22:49.252+0000] {logging_mixin.py:188} INFO - [2025-06-17T16:22:49.252+0000] {dag.py:3036} INFO - Sync 1 DAGs
[2025-06-17T16:22:49.301+0000] {logging_mixin.py:188} INFO - [2025-06-17T16:22:49.301+0000] {dag.py:3823} INFO - Setting next_dagrun for weather_to_kafka_dag to 2025-06-17 16:21:00+00:00, run_after=2025-06-17 16:22:00+00:00
[2025-06-17T16:22:49.437+0000] {processor.py:183} INFO - Processing /opt/airflow/dags/weather_to_kafka_dag.py took 0.331 seconds
[2025-06-17T16:23:19.691+0000] {processor.py:161} INFO - Started process (PID=64) to work on /opt/airflow/dags/weather_to_kafka_dag.py
[2025-06-17T16:23:19.704+0000] {processor.py:830} INFO - Processing file /opt/airflow/dags/weather_to_kafka_dag.py for tasks to queue
[2025-06-17T16:23:19.711+0000] {logging_mixin.py:188} INFO - [2025-06-17T16:23:19.709+0000] {dagbag.py:538} INFO - Filling up the DagBag from /opt/airflow/dags/weather_to_kafka_dag.py
[2025-06-17T16:23:19.854+0000] {processor.py:840} INFO - DAG(s) 'weather_to_kafka_dag' retrieved from /opt/airflow/dags/weather_to_kafka_dag.py
[2025-06-17T16:23:19.936+0000] {logging_mixin.py:188} INFO - [2025-06-17T16:23:19.935+0000] {dag.py:3036} INFO - Sync 1 DAGs
[2025-06-17T16:23:20.010+0000] {logging_mixin.py:188} INFO - [2025-06-17T16:23:20.009+0000] {dag.py:3823} INFO - Setting next_dagrun for weather_to_kafka_dag to 2025-06-17 16:22:00+00:00, run_after=2025-06-17 16:23:00+00:00
[2025-06-17T16:23:20.187+0000] {processor.py:183} INFO - Processing /opt/airflow/dags/weather_to_kafka_dag.py took 0.513 seconds
[2025-06-17T16:23:50.707+0000] {processor.py:161} INFO - Started process (PID=66) to work on /opt/airflow/dags/weather_to_kafka_dag.py
[2025-06-17T16:23:50.710+0000] {processor.py:830} INFO - Processing file /opt/airflow/dags/weather_to_kafka_dag.py for tasks to queue
[2025-06-17T16:23:50.713+0000] {logging_mixin.py:188} INFO - [2025-06-17T16:23:50.712+0000] {dagbag.py:538} INFO - Filling up the DagBag from /opt/airflow/dags/weather_to_kafka_dag.py
[2025-06-17T16:23:50.810+0000] {processor.py:840} INFO - DAG(s) 'weather_to_kafka_dag' retrieved from /opt/airflow/dags/weather_to_kafka_dag.py
[2025-06-17T16:23:50.928+0000] {logging_mixin.py:188} INFO - [2025-06-17T16:23:50.927+0000] {dag.py:3036} INFO - Sync 1 DAGs
[2025-06-17T16:23:51.030+0000] {logging_mixin.py:188} INFO - [2025-06-17T16:23:51.030+0000] {dag.py:3823} INFO - Setting next_dagrun for weather_to_kafka_dag to 2025-06-17 16:22:00+00:00, run_after=2025-06-17 16:23:00+00:00
[2025-06-17T16:23:51.191+0000] {processor.py:183} INFO - Processing /opt/airflow/dags/weather_to_kafka_dag.py took 0.492 seconds
[2025-06-17T16:24:21.602+0000] {processor.py:161} INFO - Started process (PID=67) to work on /opt/airflow/dags/weather_to_kafka_dag.py
[2025-06-17T16:24:21.609+0000] {processor.py:830} INFO - Processing file /opt/airflow/dags/weather_to_kafka_dag.py for tasks to queue
[2025-06-17T16:24:21.615+0000] {logging_mixin.py:188} INFO - [2025-06-17T16:24:21.613+0000] {dagbag.py:538} INFO - Filling up the DagBag from /opt/airflow/dags/weather_to_kafka_dag.py
[2025-06-17T16:24:21.748+0000] {processor.py:840} INFO - DAG(s) 'weather_to_kafka_dag' retrieved from /opt/airflow/dags/weather_to_kafka_dag.py
[2025-06-17T16:24:21.867+0000] {logging_mixin.py:188} INFO - [2025-06-17T16:24:21.866+0000] {dag.py:3036} INFO - Sync 1 DAGs
[2025-06-17T16:24:21.927+0000] {logging_mixin.py:188} INFO - [2025-06-17T16:24:21.927+0000] {dag.py:3823} INFO - Setting next_dagrun for weather_to_kafka_dag to 2025-06-17 16:23:00+00:00, run_after=2025-06-17 16:24:00+00:00
[2025-06-17T16:24:22.096+0000] {processor.py:183} INFO - Processing /opt/airflow/dags/weather_to_kafka_dag.py took 0.508 seconds
[2025-06-17T16:24:53.032+0000] {processor.py:161} INFO - Started process (PID=68) to work on /opt/airflow/dags/weather_to_kafka_dag.py
[2025-06-17T16:24:53.034+0000] {processor.py:830} INFO - Processing file /opt/airflow/dags/weather_to_kafka_dag.py for tasks to queue
[2025-06-17T16:24:53.036+0000] {logging_mixin.py:188} INFO - [2025-06-17T16:24:53.036+0000] {dagbag.py:538} INFO - Filling up the DagBag from /opt/airflow/dags/weather_to_kafka_dag.py
[2025-06-17T16:24:53.084+0000] {processor.py:840} INFO - DAG(s) 'weather_to_kafka_dag' retrieved from /opt/airflow/dags/weather_to_kafka_dag.py
[2025-06-17T16:24:53.144+0000] {logging_mixin.py:188} INFO - [2025-06-17T16:24:53.143+0000] {dag.py:3036} INFO - Sync 1 DAGs
[2025-06-17T16:24:53.204+0000] {logging_mixin.py:188} INFO - [2025-06-17T16:24:53.203+0000] {dag.py:3823} INFO - Setting next_dagrun for weather_to_kafka_dag to 2025-06-17 16:23:00+00:00, run_after=2025-06-17 16:24:00+00:00
[2025-06-17T16:24:53.328+0000] {processor.py:183} INFO - Processing /opt/airflow/dags/weather_to_kafka_dag.py took 0.301 seconds
[2025-06-17T16:25:24.465+0000] {processor.py:161} INFO - Started process (PID=69) to work on /opt/airflow/dags/weather_to_kafka_dag.py
[2025-06-17T16:25:24.467+0000] {processor.py:830} INFO - Processing file /opt/airflow/dags/weather_to_kafka_dag.py for tasks to queue
[2025-06-17T16:25:24.472+0000] {logging_mixin.py:188} INFO - [2025-06-17T16:25:24.471+0000] {dagbag.py:538} INFO - Filling up the DagBag from /opt/airflow/dags/weather_to_kafka_dag.py
[2025-06-17T16:25:24.531+0000] {processor.py:840} INFO - DAG(s) 'weather_to_kafka_dag' retrieved from /opt/airflow/dags/weather_to_kafka_dag.py
[2025-06-17T16:25:24.606+0000] {logging_mixin.py:188} INFO - [2025-06-17T16:25:24.606+0000] {dag.py:3036} INFO - Sync 1 DAGs
[2025-06-17T16:25:24.700+0000] {logging_mixin.py:188} INFO - [2025-06-17T16:25:24.699+0000] {dag.py:3823} INFO - Setting next_dagrun for weather_to_kafka_dag to 2025-06-17 16:24:00+00:00, run_after=2025-06-17 16:25:00+00:00
[2025-06-17T16:25:24.910+0000] {processor.py:183} INFO - Processing /opt/airflow/dags/weather_to_kafka_dag.py took 0.454 seconds
[2025-06-17T16:25:55.758+0000] {processor.py:161} INFO - Started process (PID=70) to work on /opt/airflow/dags/weather_to_kafka_dag.py
[2025-06-17T16:25:55.761+0000] {processor.py:830} INFO - Processing file /opt/airflow/dags/weather_to_kafka_dag.py for tasks to queue
[2025-06-17T16:25:55.763+0000] {logging_mixin.py:188} INFO - [2025-06-17T16:25:55.763+0000] {dagbag.py:538} INFO - Filling up the DagBag from /opt/airflow/dags/weather_to_kafka_dag.py
[2025-06-17T16:25:55.841+0000] {processor.py:840} INFO - DAG(s) 'weather_to_kafka_dag' retrieved from /opt/airflow/dags/weather_to_kafka_dag.py
[2025-06-17T16:25:55.908+0000] {logging_mixin.py:188} INFO - [2025-06-17T16:25:55.907+0000] {dag.py:3036} INFO - Sync 1 DAGs
[2025-06-17T16:25:55.965+0000] {logging_mixin.py:188} INFO - [2025-06-17T16:25:55.964+0000] {dag.py:3823} INFO - Setting next_dagrun for weather_to_kafka_dag to 2025-06-17 16:24:00+00:00, run_after=2025-06-17 16:25:00+00:00
[2025-06-17T16:25:56.153+0000] {processor.py:183} INFO - Processing /opt/airflow/dags/weather_to_kafka_dag.py took 0.406 seconds
[2025-06-17T16:26:26.744+0000] {processor.py:161} INFO - Started process (PID=71) to work on /opt/airflow/dags/weather_to_kafka_dag.py
[2025-06-17T16:26:26.748+0000] {processor.py:830} INFO - Processing file /opt/airflow/dags/weather_to_kafka_dag.py for tasks to queue
[2025-06-17T16:26:26.753+0000] {logging_mixin.py:188} INFO - [2025-06-17T16:26:26.752+0000] {dagbag.py:538} INFO - Filling up the DagBag from /opt/airflow/dags/weather_to_kafka_dag.py
[2025-06-17T16:26:26.834+0000] {processor.py:840} INFO - DAG(s) 'weather_to_kafka_dag' retrieved from /opt/airflow/dags/weather_to_kafka_dag.py
[2025-06-17T16:26:26.941+0000] {logging_mixin.py:188} INFO - [2025-06-17T16:26:26.940+0000] {dag.py:3036} INFO - Sync 1 DAGs
[2025-06-17T16:26:27.013+0000] {logging_mixin.py:188} INFO - [2025-06-17T16:26:27.013+0000] {dag.py:3823} INFO - Setting next_dagrun for weather_to_kafka_dag to 2025-06-17 16:25:00+00:00, run_after=2025-06-17 16:26:00+00:00
[2025-06-17T16:26:27.145+0000] {processor.py:183} INFO - Processing /opt/airflow/dags/weather_to_kafka_dag.py took 0.413 seconds
[2025-06-17T16:26:57.902+0000] {processor.py:161} INFO - Started process (PID=72) to work on /opt/airflow/dags/weather_to_kafka_dag.py
[2025-06-17T16:26:57.908+0000] {processor.py:830} INFO - Processing file /opt/airflow/dags/weather_to_kafka_dag.py for tasks to queue
[2025-06-17T16:26:57.914+0000] {logging_mixin.py:188} INFO - [2025-06-17T16:26:57.912+0000] {dagbag.py:538} INFO - Filling up the DagBag from /opt/airflow/dags/weather_to_kafka_dag.py
[2025-06-17T16:26:58.051+0000] {processor.py:840} INFO - DAG(s) 'weather_to_kafka_dag' retrieved from /opt/airflow/dags/weather_to_kafka_dag.py
[2025-06-17T16:26:58.134+0000] {logging_mixin.py:188} INFO - [2025-06-17T16:26:58.133+0000] {dag.py:3036} INFO - Sync 1 DAGs
[2025-06-17T16:26:58.217+0000] {logging_mixin.py:188} INFO - [2025-06-17T16:26:58.217+0000] {dag.py:3823} INFO - Setting next_dagrun for weather_to_kafka_dag to 2025-06-17 16:25:00+00:00, run_after=2025-06-17 16:26:00+00:00
[2025-06-17T16:26:58.372+0000] {processor.py:183} INFO - Processing /opt/airflow/dags/weather_to_kafka_dag.py took 0.495 seconds
[2025-06-17T16:27:28.796+0000] {processor.py:161} INFO - Started process (PID=73) to work on /opt/airflow/dags/weather_to_kafka_dag.py
[2025-06-17T16:27:28.799+0000] {processor.py:830} INFO - Processing file /opt/airflow/dags/weather_to_kafka_dag.py for tasks to queue
[2025-06-17T16:27:28.802+0000] {logging_mixin.py:188} INFO - [2025-06-17T16:27:28.801+0000] {dagbag.py:538} INFO - Filling up the DagBag from /opt/airflow/dags/weather_to_kafka_dag.py
[2025-06-17T16:27:28.870+0000] {processor.py:840} INFO - DAG(s) 'weather_to_kafka_dag' retrieved from /opt/airflow/dags/weather_to_kafka_dag.py
[2025-06-17T16:27:28.948+0000] {logging_mixin.py:188} INFO - [2025-06-17T16:27:28.948+0000] {dag.py:3036} INFO - Sync 1 DAGs
[2025-06-17T16:27:29.028+0000] {logging_mixin.py:188} INFO - [2025-06-17T16:27:29.027+0000] {dag.py:3823} INFO - Setting next_dagrun for weather_to_kafka_dag to 2025-06-17 16:26:00+00:00, run_after=2025-06-17 16:27:00+00:00
[2025-06-17T16:27:29.204+0000] {processor.py:183} INFO - Processing /opt/airflow/dags/weather_to_kafka_dag.py took 0.414 seconds
[2025-06-17T16:28:00.052+0000] {processor.py:161} INFO - Started process (PID=74) to work on /opt/airflow/dags/weather_to_kafka_dag.py
[2025-06-17T16:28:00.054+0000] {processor.py:830} INFO - Processing file /opt/airflow/dags/weather_to_kafka_dag.py for tasks to queue
[2025-06-17T16:28:00.057+0000] {logging_mixin.py:188} INFO - [2025-06-17T16:28:00.056+0000] {dagbag.py:538} INFO - Filling up the DagBag from /opt/airflow/dags/weather_to_kafka_dag.py
[2025-06-17T16:28:00.111+0000] {processor.py:840} INFO - DAG(s) 'weather_to_kafka_dag' retrieved from /opt/airflow/dags/weather_to_kafka_dag.py
[2025-06-17T16:28:00.174+0000] {logging_mixin.py:188} INFO - [2025-06-17T16:28:00.174+0000] {dag.py:3036} INFO - Sync 1 DAGs
[2025-06-17T16:28:00.246+0000] {logging_mixin.py:188} INFO - [2025-06-17T16:28:00.245+0000] {dag.py:3823} INFO - Setting next_dagrun for weather_to_kafka_dag to 2025-06-17 16:27:00+00:00, run_after=2025-06-17 16:28:00+00:00
[2025-06-17T16:28:00.414+0000] {processor.py:183} INFO - Processing /opt/airflow/dags/weather_to_kafka_dag.py took 0.372 seconds
[2025-06-17T16:28:31.152+0000] {processor.py:161} INFO - Started process (PID=75) to work on /opt/airflow/dags/weather_to_kafka_dag.py
[2025-06-17T16:28:31.155+0000] {processor.py:830} INFO - Processing file /opt/airflow/dags/weather_to_kafka_dag.py for tasks to queue
[2025-06-17T16:28:31.158+0000] {logging_mixin.py:188} INFO - [2025-06-17T16:28:31.157+0000] {dagbag.py:538} INFO - Filling up the DagBag from /opt/airflow/dags/weather_to_kafka_dag.py
[2025-06-17T16:28:31.255+0000] {processor.py:840} INFO - DAG(s) 'weather_to_kafka_dag' retrieved from /opt/airflow/dags/weather_to_kafka_dag.py
[2025-06-17T16:28:31.715+0000] {logging_mixin.py:188} INFO - [2025-06-17T16:28:31.714+0000] {dag.py:3036} INFO - Sync 1 DAGs
[2025-06-17T16:28:31.824+0000] {logging_mixin.py:188} INFO - [2025-06-17T16:28:31.823+0000] {dag.py:3823} INFO - Setting next_dagrun for weather_to_kafka_dag to 2025-06-17 16:27:00+00:00, run_after=2025-06-17 16:28:00+00:00
[2025-06-17T16:28:31.950+0000] {processor.py:183} INFO - Processing /opt/airflow/dags/weather_to_kafka_dag.py took 0.808 seconds
[2025-06-17T16:29:02.711+0000] {processor.py:161} INFO - Started process (PID=76) to work on /opt/airflow/dags/weather_to_kafka_dag.py
[2025-06-17T16:29:02.715+0000] {processor.py:830} INFO - Processing file /opt/airflow/dags/weather_to_kafka_dag.py for tasks to queue
[2025-06-17T16:29:02.719+0000] {logging_mixin.py:188} INFO - [2025-06-17T16:29:02.718+0000] {dagbag.py:538} INFO - Filling up the DagBag from /opt/airflow/dags/weather_to_kafka_dag.py
[2025-06-17T16:29:02.810+0000] {processor.py:840} INFO - DAG(s) 'weather_to_kafka_dag' retrieved from /opt/airflow/dags/weather_to_kafka_dag.py
[2025-06-17T16:29:02.889+0000] {logging_mixin.py:188} INFO - [2025-06-17T16:29:02.888+0000] {dag.py:3036} INFO - Sync 1 DAGs
[2025-06-17T16:29:02.980+0000] {logging_mixin.py:188} INFO - [2025-06-17T16:29:02.979+0000] {dag.py:3823} INFO - Setting next_dagrun for weather_to_kafka_dag to 2025-06-17 16:28:00+00:00, run_after=2025-06-17 16:29:00+00:00
[2025-06-17T16:29:03.156+0000] {processor.py:183} INFO - Processing /opt/airflow/dags/weather_to_kafka_dag.py took 0.455 seconds
[2025-06-17T16:29:33.705+0000] {processor.py:161} INFO - Started process (PID=77) to work on /opt/airflow/dags/weather_to_kafka_dag.py
[2025-06-17T16:29:33.708+0000] {processor.py:830} INFO - Processing file /opt/airflow/dags/weather_to_kafka_dag.py for tasks to queue
[2025-06-17T16:29:33.712+0000] {logging_mixin.py:188} INFO - [2025-06-17T16:29:33.710+0000] {dagbag.py:538} INFO - Filling up the DagBag from /opt/airflow/dags/weather_to_kafka_dag.py
[2025-06-17T16:29:33.765+0000] {processor.py:840} INFO - DAG(s) 'weather_to_kafka_dag' retrieved from /opt/airflow/dags/weather_to_kafka_dag.py
[2025-06-17T16:29:33.826+0000] {logging_mixin.py:188} INFO - [2025-06-17T16:29:33.826+0000] {dag.py:3036} INFO - Sync 1 DAGs
[2025-06-17T16:29:33.885+0000] {logging_mixin.py:188} INFO - [2025-06-17T16:29:33.885+0000] {dag.py:3823} INFO - Setting next_dagrun for weather_to_kafka_dag to 2025-06-17 16:28:00+00:00, run_after=2025-06-17 16:29:00+00:00
[2025-06-17T16:29:34.034+0000] {processor.py:183} INFO - Processing /opt/airflow/dags/weather_to_kafka_dag.py took 0.338 seconds
[2025-06-17T16:30:04.428+0000] {processor.py:161} INFO - Started process (PID=78) to work on /opt/airflow/dags/weather_to_kafka_dag.py
[2025-06-17T16:30:04.431+0000] {processor.py:830} INFO - Processing file /opt/airflow/dags/weather_to_kafka_dag.py for tasks to queue
[2025-06-17T16:30:04.434+0000] {logging_mixin.py:188} INFO - [2025-06-17T16:30:04.433+0000] {dagbag.py:538} INFO - Filling up the DagBag from /opt/airflow/dags/weather_to_kafka_dag.py
[2025-06-17T16:30:04.496+0000] {processor.py:840} INFO - DAG(s) 'weather_to_kafka_dag' retrieved from /opt/airflow/dags/weather_to_kafka_dag.py
[2025-06-17T16:30:04.564+0000] {logging_mixin.py:188} INFO - [2025-06-17T16:30:04.564+0000] {dag.py:3036} INFO - Sync 1 DAGs
[2025-06-17T16:30:04.622+0000] {logging_mixin.py:188} INFO - [2025-06-17T16:30:04.621+0000] {dag.py:3823} INFO - Setting next_dagrun for weather_to_kafka_dag to 2025-06-17 16:29:00+00:00, run_after=2025-06-17 16:30:00+00:00
[2025-06-17T16:30:04.813+0000] {processor.py:183} INFO - Processing /opt/airflow/dags/weather_to_kafka_dag.py took 0.392 seconds
[2025-06-17T16:30:35.043+0000] {processor.py:161} INFO - Started process (PID=79) to work on /opt/airflow/dags/weather_to_kafka_dag.py
[2025-06-17T16:30:35.046+0000] {processor.py:830} INFO - Processing file /opt/airflow/dags/weather_to_kafka_dag.py for tasks to queue
[2025-06-17T16:30:35.049+0000] {logging_mixin.py:188} INFO - [2025-06-17T16:30:35.049+0000] {dagbag.py:538} INFO - Filling up the DagBag from /opt/airflow/dags/weather_to_kafka_dag.py
[2025-06-17T16:30:35.112+0000] {processor.py:840} INFO - DAG(s) 'weather_to_kafka_dag' retrieved from /opt/airflow/dags/weather_to_kafka_dag.py
[2025-06-17T16:30:35.167+0000] {logging_mixin.py:188} INFO - [2025-06-17T16:30:35.167+0000] {dag.py:3036} INFO - Sync 1 DAGs
[2025-06-17T16:30:35.247+0000] {logging_mixin.py:188} INFO - [2025-06-17T16:30:35.247+0000] {dag.py:3823} INFO - Setting next_dagrun for weather_to_kafka_dag to 2025-06-17 16:29:00+00:00, run_after=2025-06-17 16:30:00+00:00
[2025-06-17T16:30:35.449+0000] {processor.py:183} INFO - Processing /opt/airflow/dags/weather_to_kafka_dag.py took 0.419 seconds
[2025-06-17T16:31:06.066+0000] {processor.py:161} INFO - Started process (PID=80) to work on /opt/airflow/dags/weather_to_kafka_dag.py
[2025-06-17T16:31:06.069+0000] {processor.py:830} INFO - Processing file /opt/airflow/dags/weather_to_kafka_dag.py for tasks to queue
[2025-06-17T16:31:06.073+0000] {logging_mixin.py:188} INFO - [2025-06-17T16:31:06.072+0000] {dagbag.py:538} INFO - Filling up the DagBag from /opt/airflow/dags/weather_to_kafka_dag.py
[2025-06-17T16:31:06.155+0000] {processor.py:840} INFO - DAG(s) 'weather_to_kafka_dag' retrieved from /opt/airflow/dags/weather_to_kafka_dag.py
[2025-06-17T16:31:06.228+0000] {logging_mixin.py:188} INFO - [2025-06-17T16:31:06.228+0000] {dag.py:3036} INFO - Sync 1 DAGs
[2025-06-17T16:31:06.280+0000] {logging_mixin.py:188} INFO - [2025-06-17T16:31:06.279+0000] {dag.py:3823} INFO - Setting next_dagrun for weather_to_kafka_dag to 2025-06-17 16:30:00+00:00, run_after=2025-06-17 16:31:00+00:00
[2025-06-17T16:31:06.458+0000] {processor.py:183} INFO - Processing /opt/airflow/dags/weather_to_kafka_dag.py took 0.405 seconds
[2025-06-17T16:31:37.327+0000] {processor.py:161} INFO - Started process (PID=81) to work on /opt/airflow/dags/weather_to_kafka_dag.py
[2025-06-17T16:31:37.330+0000] {processor.py:830} INFO - Processing file /opt/airflow/dags/weather_to_kafka_dag.py for tasks to queue
[2025-06-17T16:31:37.334+0000] {logging_mixin.py:188} INFO - [2025-06-17T16:31:37.333+0000] {dagbag.py:538} INFO - Filling up the DagBag from /opt/airflow/dags/weather_to_kafka_dag.py
[2025-06-17T16:31:37.444+0000] {processor.py:840} INFO - DAG(s) 'weather_to_kafka_dag' retrieved from /opt/airflow/dags/weather_to_kafka_dag.py
[2025-06-17T16:31:37.506+0000] {logging_mixin.py:188} INFO - [2025-06-17T16:31:37.505+0000] {dag.py:3036} INFO - Sync 1 DAGs
[2025-06-17T16:31:37.573+0000] {logging_mixin.py:188} INFO - [2025-06-17T16:31:37.572+0000] {dag.py:3823} INFO - Setting next_dagrun for weather_to_kafka_dag to 2025-06-17 16:30:00+00:00, run_after=2025-06-17 16:31:00+00:00
[2025-06-17T16:31:37.753+0000] {processor.py:183} INFO - Processing /opt/airflow/dags/weather_to_kafka_dag.py took 0.443 seconds
[2025-06-17T16:32:08.312+0000] {processor.py:161} INFO - Started process (PID=82) to work on /opt/airflow/dags/weather_to_kafka_dag.py
[2025-06-17T16:32:08.315+0000] {processor.py:830} INFO - Processing file /opt/airflow/dags/weather_to_kafka_dag.py for tasks to queue
[2025-06-17T16:32:08.319+0000] {logging_mixin.py:188} INFO - [2025-06-17T16:32:08.318+0000] {dagbag.py:538} INFO - Filling up the DagBag from /opt/airflow/dags/weather_to_kafka_dag.py
[2025-06-17T16:32:08.403+0000] {processor.py:840} INFO - DAG(s) 'weather_to_kafka_dag' retrieved from /opt/airflow/dags/weather_to_kafka_dag.py
[2025-06-17T16:32:08.475+0000] {logging_mixin.py:188} INFO - [2025-06-17T16:32:08.474+0000] {dag.py:3036} INFO - Sync 1 DAGs
[2025-06-17T16:32:08.545+0000] {logging_mixin.py:188} INFO - [2025-06-17T16:32:08.545+0000] {dag.py:3823} INFO - Setting next_dagrun for weather_to_kafka_dag to 2025-06-17 16:31:00+00:00, run_after=2025-06-17 16:32:00+00:00
[2025-06-17T16:32:08.751+0000] {processor.py:183} INFO - Processing /opt/airflow/dags/weather_to_kafka_dag.py took 0.447 seconds
[2025-06-17T16:32:39.035+0000] {processor.py:161} INFO - Started process (PID=83) to work on /opt/airflow/dags/weather_to_kafka_dag.py
[2025-06-17T16:32:39.039+0000] {processor.py:830} INFO - Processing file /opt/airflow/dags/weather_to_kafka_dag.py for tasks to queue
[2025-06-17T16:32:39.041+0000] {logging_mixin.py:188} INFO - [2025-06-17T16:32:39.041+0000] {dagbag.py:538} INFO - Filling up the DagBag from /opt/airflow/dags/weather_to_kafka_dag.py
[2025-06-17T16:32:39.115+0000] {processor.py:840} INFO - DAG(s) 'weather_to_kafka_dag' retrieved from /opt/airflow/dags/weather_to_kafka_dag.py
[2025-06-17T16:32:39.199+0000] {logging_mixin.py:188} INFO - [2025-06-17T16:32:39.198+0000] {dag.py:3036} INFO - Sync 1 DAGs
[2025-06-17T16:32:39.266+0000] {logging_mixin.py:188} INFO - [2025-06-17T16:32:39.265+0000] {dag.py:3823} INFO - Setting next_dagrun for weather_to_kafka_dag to 2025-06-17 16:31:00+00:00, run_after=2025-06-17 16:32:00+00:00
[2025-06-17T16:32:39.412+0000] {processor.py:183} INFO - Processing /opt/airflow/dags/weather_to_kafka_dag.py took 0.387 seconds
[2025-06-17T16:33:10.035+0000] {processor.py:161} INFO - Started process (PID=84) to work on /opt/airflow/dags/weather_to_kafka_dag.py
[2025-06-17T16:33:10.037+0000] {processor.py:830} INFO - Processing file /opt/airflow/dags/weather_to_kafka_dag.py for tasks to queue
[2025-06-17T16:33:10.040+0000] {logging_mixin.py:188} INFO - [2025-06-17T16:33:10.039+0000] {dagbag.py:538} INFO - Filling up the DagBag from /opt/airflow/dags/weather_to_kafka_dag.py
[2025-06-17T16:33:10.121+0000] {processor.py:840} INFO - DAG(s) 'weather_to_kafka_dag' retrieved from /opt/airflow/dags/weather_to_kafka_dag.py
[2025-06-17T16:33:10.210+0000] {logging_mixin.py:188} INFO - [2025-06-17T16:33:10.209+0000] {dag.py:3036} INFO - Sync 1 DAGs
[2025-06-17T16:33:10.283+0000] {logging_mixin.py:188} INFO - [2025-06-17T16:33:10.282+0000] {dag.py:3823} INFO - Setting next_dagrun for weather_to_kafka_dag to 2025-06-17 16:32:00+00:00, run_after=2025-06-17 16:33:00+00:00
[2025-06-17T16:33:10.445+0000] {processor.py:183} INFO - Processing /opt/airflow/dags/weather_to_kafka_dag.py took 0.417 seconds
[2025-06-17T16:33:41.239+0000] {processor.py:161} INFO - Started process (PID=85) to work on /opt/airflow/dags/weather_to_kafka_dag.py
[2025-06-17T16:33:41.242+0000] {processor.py:830} INFO - Processing file /opt/airflow/dags/weather_to_kafka_dag.py for tasks to queue
[2025-06-17T16:33:41.245+0000] {logging_mixin.py:188} INFO - [2025-06-17T16:33:41.244+0000] {dagbag.py:538} INFO - Filling up the DagBag from /opt/airflow/dags/weather_to_kafka_dag.py
[2025-06-17T16:33:41.323+0000] {processor.py:840} INFO - DAG(s) 'weather_to_kafka_dag' retrieved from /opt/airflow/dags/weather_to_kafka_dag.py
[2025-06-17T16:33:41.429+0000] {logging_mixin.py:188} INFO - [2025-06-17T16:33:41.428+0000] {dag.py:3036} INFO - Sync 1 DAGs
[2025-06-17T16:33:41.538+0000] {logging_mixin.py:188} INFO - [2025-06-17T16:33:41.538+0000] {dag.py:3823} INFO - Setting next_dagrun for weather_to_kafka_dag to 2025-06-17 16:32:00+00:00, run_after=2025-06-17 16:33:00+00:00
[2025-06-17T16:33:41.707+0000] {processor.py:183} INFO - Processing /opt/airflow/dags/weather_to_kafka_dag.py took 0.476 seconds
[2025-06-17T16:34:12.379+0000] {processor.py:161} INFO - Started process (PID=86) to work on /opt/airflow/dags/weather_to_kafka_dag.py
[2025-06-17T16:34:12.380+0000] {processor.py:830} INFO - Processing file /opt/airflow/dags/weather_to_kafka_dag.py for tasks to queue
[2025-06-17T16:34:12.381+0000] {logging_mixin.py:188} INFO - [2025-06-17T16:34:12.381+0000] {dagbag.py:538} INFO - Filling up the DagBag from /opt/airflow/dags/weather_to_kafka_dag.py
[2025-06-17T16:34:12.420+0000] {processor.py:840} INFO - DAG(s) 'weather_to_kafka_dag' retrieved from /opt/airflow/dags/weather_to_kafka_dag.py
[2025-06-17T16:34:12.458+0000] {logging_mixin.py:188} INFO - [2025-06-17T16:34:12.458+0000] {dag.py:3036} INFO - Sync 1 DAGs
[2025-06-17T16:34:12.501+0000] {logging_mixin.py:188} INFO - [2025-06-17T16:34:12.500+0000] {dag.py:3823} INFO - Setting next_dagrun for weather_to_kafka_dag to 2025-06-17 16:33:00+00:00, run_after=2025-06-17 16:34:00+00:00
[2025-06-17T16:34:12.575+0000] {processor.py:183} INFO - Processing /opt/airflow/dags/weather_to_kafka_dag.py took 0.200 seconds
[2025-06-17T16:34:42.902+0000] {processor.py:161} INFO - Started process (PID=87) to work on /opt/airflow/dags/weather_to_kafka_dag.py
[2025-06-17T16:34:42.903+0000] {processor.py:830} INFO - Processing file /opt/airflow/dags/weather_to_kafka_dag.py for tasks to queue
[2025-06-17T16:34:42.904+0000] {logging_mixin.py:188} INFO - [2025-06-17T16:34:42.904+0000] {dagbag.py:538} INFO - Filling up the DagBag from /opt/airflow/dags/weather_to_kafka_dag.py
[2025-06-17T16:34:42.936+0000] {processor.py:840} INFO - DAG(s) 'weather_to_kafka_dag' retrieved from /opt/airflow/dags/weather_to_kafka_dag.py
[2025-06-17T16:34:42.975+0000] {logging_mixin.py:188} INFO - [2025-06-17T16:34:42.975+0000] {dag.py:3036} INFO - Sync 1 DAGs
[2025-06-17T16:34:43.015+0000] {logging_mixin.py:188} INFO - [2025-06-17T16:34:43.015+0000] {dag.py:3823} INFO - Setting next_dagrun for weather_to_kafka_dag to 2025-06-17 16:33:00+00:00, run_after=2025-06-17 16:34:00+00:00
[2025-06-17T16:34:43.105+0000] {processor.py:183} INFO - Processing /opt/airflow/dags/weather_to_kafka_dag.py took 0.206 seconds
[2025-06-17T16:35:13.310+0000] {processor.py:161} INFO - Started process (PID=88) to work on /opt/airflow/dags/weather_to_kafka_dag.py
[2025-06-17T16:35:13.312+0000] {processor.py:830} INFO - Processing file /opt/airflow/dags/weather_to_kafka_dag.py for tasks to queue
[2025-06-17T16:35:13.313+0000] {logging_mixin.py:188} INFO - [2025-06-17T16:35:13.313+0000] {dagbag.py:538} INFO - Filling up the DagBag from /opt/airflow/dags/weather_to_kafka_dag.py
[2025-06-17T16:35:13.347+0000] {processor.py:840} INFO - DAG(s) 'weather_to_kafka_dag' retrieved from /opt/airflow/dags/weather_to_kafka_dag.py
[2025-06-17T16:35:13.385+0000] {logging_mixin.py:188} INFO - [2025-06-17T16:35:13.385+0000] {dag.py:3036} INFO - Sync 1 DAGs
[2025-06-17T16:35:13.438+0000] {logging_mixin.py:188} INFO - [2025-06-17T16:35:13.437+0000] {dag.py:3823} INFO - Setting next_dagrun for weather_to_kafka_dag to 2025-06-17 16:34:00+00:00, run_after=2025-06-17 16:35:00+00:00
[2025-06-17T16:35:13.528+0000] {processor.py:183} INFO - Processing /opt/airflow/dags/weather_to_kafka_dag.py took 0.221 seconds
[2025-06-17T16:35:43.861+0000] {processor.py:161} INFO - Started process (PID=89) to work on /opt/airflow/dags/weather_to_kafka_dag.py
[2025-06-17T16:35:43.863+0000] {processor.py:830} INFO - Processing file /opt/airflow/dags/weather_to_kafka_dag.py for tasks to queue
[2025-06-17T16:35:43.864+0000] {logging_mixin.py:188} INFO - [2025-06-17T16:35:43.864+0000] {dagbag.py:538} INFO - Filling up the DagBag from /opt/airflow/dags/weather_to_kafka_dag.py
[2025-06-17T16:35:43.893+0000] {processor.py:840} INFO - DAG(s) 'weather_to_kafka_dag' retrieved from /opt/airflow/dags/weather_to_kafka_dag.py
[2025-06-17T16:35:43.942+0000] {logging_mixin.py:188} INFO - [2025-06-17T16:35:43.942+0000] {dag.py:3036} INFO - Sync 1 DAGs
[2025-06-17T16:35:43.997+0000] {logging_mixin.py:188} INFO - [2025-06-17T16:35:43.997+0000] {dag.py:3823} INFO - Setting next_dagrun for weather_to_kafka_dag to 2025-06-17 16:34:00+00:00, run_after=2025-06-17 16:35:00+00:00
[2025-06-17T16:35:44.073+0000] {processor.py:183} INFO - Processing /opt/airflow/dags/weather_to_kafka_dag.py took 0.216 seconds
[2025-06-17T16:36:14.475+0000] {processor.py:161} INFO - Started process (PID=90) to work on /opt/airflow/dags/weather_to_kafka_dag.py
[2025-06-17T16:36:14.477+0000] {processor.py:830} INFO - Processing file /opt/airflow/dags/weather_to_kafka_dag.py for tasks to queue
[2025-06-17T16:36:14.478+0000] {logging_mixin.py:188} INFO - [2025-06-17T16:36:14.478+0000] {dagbag.py:538} INFO - Filling up the DagBag from /opt/airflow/dags/weather_to_kafka_dag.py
[2025-06-17T16:36:14.514+0000] {processor.py:840} INFO - DAG(s) 'weather_to_kafka_dag' retrieved from /opt/airflow/dags/weather_to_kafka_dag.py
[2025-06-17T16:36:14.553+0000] {logging_mixin.py:188} INFO - [2025-06-17T16:36:14.553+0000] {dag.py:3036} INFO - Sync 1 DAGs
[2025-06-17T16:36:14.593+0000] {logging_mixin.py:188} INFO - [2025-06-17T16:36:14.593+0000] {dag.py:3823} INFO - Setting next_dagrun for weather_to_kafka_dag to 2025-06-17 16:35:00+00:00, run_after=2025-06-17 16:36:00+00:00
[2025-06-17T16:36:14.680+0000] {processor.py:183} INFO - Processing /opt/airflow/dags/weather_to_kafka_dag.py took 0.208 seconds
[2025-06-17T16:36:45.104+0000] {processor.py:161} INFO - Started process (PID=91) to work on /opt/airflow/dags/weather_to_kafka_dag.py
[2025-06-17T16:36:45.106+0000] {processor.py:830} INFO - Processing file /opt/airflow/dags/weather_to_kafka_dag.py for tasks to queue
[2025-06-17T16:36:45.107+0000] {logging_mixin.py:188} INFO - [2025-06-17T16:36:45.107+0000] {dagbag.py:538} INFO - Filling up the DagBag from /opt/airflow/dags/weather_to_kafka_dag.py
[2025-06-17T16:36:45.135+0000] {processor.py:840} INFO - DAG(s) 'weather_to_kafka_dag' retrieved from /opt/airflow/dags/weather_to_kafka_dag.py
[2025-06-17T16:36:45.174+0000] {logging_mixin.py:188} INFO - [2025-06-17T16:36:45.173+0000] {dag.py:3036} INFO - Sync 1 DAGs
[2025-06-17T16:36:45.216+0000] {logging_mixin.py:188} INFO - [2025-06-17T16:36:45.216+0000] {dag.py:3823} INFO - Setting next_dagrun for weather_to_kafka_dag to 2025-06-17 16:35:00+00:00, run_after=2025-06-17 16:36:00+00:00
[2025-06-17T16:36:45.303+0000] {processor.py:183} INFO - Processing /opt/airflow/dags/weather_to_kafka_dag.py took 0.203 seconds
[2025-06-17T16:37:15.727+0000] {processor.py:161} INFO - Started process (PID=92) to work on /opt/airflow/dags/weather_to_kafka_dag.py
[2025-06-17T16:37:15.730+0000] {processor.py:830} INFO - Processing file /opt/airflow/dags/weather_to_kafka_dag.py for tasks to queue
[2025-06-17T16:37:15.733+0000] {logging_mixin.py:188} INFO - [2025-06-17T16:37:15.732+0000] {dagbag.py:538} INFO - Filling up the DagBag from /opt/airflow/dags/weather_to_kafka_dag.py
[2025-06-17T16:37:15.773+0000] {processor.py:840} INFO - DAG(s) 'weather_to_kafka_dag' retrieved from /opt/airflow/dags/weather_to_kafka_dag.py
[2025-06-17T16:37:15.822+0000] {logging_mixin.py:188} INFO - [2025-06-17T16:37:15.822+0000] {dag.py:3036} INFO - Sync 1 DAGs
[2025-06-17T16:37:15.864+0000] {logging_mixin.py:188} INFO - [2025-06-17T16:37:15.864+0000] {dag.py:3823} INFO - Setting next_dagrun for weather_to_kafka_dag to 2025-06-17 16:36:00+00:00, run_after=2025-06-17 16:37:00+00:00
[2025-06-17T16:37:15.951+0000] {processor.py:183} INFO - Processing /opt/airflow/dags/weather_to_kafka_dag.py took 0.230 seconds
[2025-06-17T16:37:46.414+0000] {processor.py:161} INFO - Started process (PID=93) to work on /opt/airflow/dags/weather_to_kafka_dag.py
[2025-06-17T16:37:46.415+0000] {processor.py:830} INFO - Processing file /opt/airflow/dags/weather_to_kafka_dag.py for tasks to queue
[2025-06-17T16:37:46.417+0000] {logging_mixin.py:188} INFO - [2025-06-17T16:37:46.416+0000] {dagbag.py:538} INFO - Filling up the DagBag from /opt/airflow/dags/weather_to_kafka_dag.py
[2025-06-17T16:37:46.452+0000] {processor.py:840} INFO - DAG(s) 'weather_to_kafka_dag' retrieved from /opt/airflow/dags/weather_to_kafka_dag.py
[2025-06-17T16:37:46.491+0000] {logging_mixin.py:188} INFO - [2025-06-17T16:37:46.491+0000] {dag.py:3036} INFO - Sync 1 DAGs
[2025-06-17T16:37:46.532+0000] {logging_mixin.py:188} INFO - [2025-06-17T16:37:46.531+0000] {dag.py:3823} INFO - Setting next_dagrun for weather_to_kafka_dag to 2025-06-17 16:36:00+00:00, run_after=2025-06-17 16:37:00+00:00
[2025-06-17T16:37:46.623+0000] {processor.py:183} INFO - Processing /opt/airflow/dags/weather_to_kafka_dag.py took 0.212 seconds
[2025-06-17T16:38:16.978+0000] {processor.py:161} INFO - Started process (PID=94) to work on /opt/airflow/dags/weather_to_kafka_dag.py
[2025-06-17T16:38:16.979+0000] {processor.py:830} INFO - Processing file /opt/airflow/dags/weather_to_kafka_dag.py for tasks to queue
[2025-06-17T16:38:16.981+0000] {logging_mixin.py:188} INFO - [2025-06-17T16:38:16.980+0000] {dagbag.py:538} INFO - Filling up the DagBag from /opt/airflow/dags/weather_to_kafka_dag.py
[2025-06-17T16:38:17.011+0000] {processor.py:840} INFO - DAG(s) 'weather_to_kafka_dag' retrieved from /opt/airflow/dags/weather_to_kafka_dag.py
[2025-06-17T16:38:17.050+0000] {logging_mixin.py:188} INFO - [2025-06-17T16:38:17.050+0000] {dag.py:3036} INFO - Sync 1 DAGs
[2025-06-17T16:38:17.091+0000] {logging_mixin.py:188} INFO - [2025-06-17T16:38:17.091+0000] {dag.py:3823} INFO - Setting next_dagrun for weather_to_kafka_dag to 2025-06-17 16:37:00+00:00, run_after=2025-06-17 16:38:00+00:00
[2025-06-17T16:38:17.198+0000] {processor.py:183} INFO - Processing /opt/airflow/dags/weather_to_kafka_dag.py took 0.225 seconds
[2025-06-17T16:38:47.442+0000] {processor.py:161} INFO - Started process (PID=95) to work on /opt/airflow/dags/weather_to_kafka_dag.py
[2025-06-17T16:38:47.444+0000] {processor.py:830} INFO - Processing file /opt/airflow/dags/weather_to_kafka_dag.py for tasks to queue
[2025-06-17T16:38:47.445+0000] {logging_mixin.py:188} INFO - [2025-06-17T16:38:47.445+0000] {dagbag.py:538} INFO - Filling up the DagBag from /opt/airflow/dags/weather_to_kafka_dag.py
[2025-06-17T16:38:47.475+0000] {processor.py:840} INFO - DAG(s) 'weather_to_kafka_dag' retrieved from /opt/airflow/dags/weather_to_kafka_dag.py
[2025-06-17T16:38:47.515+0000] {logging_mixin.py:188} INFO - [2025-06-17T16:38:47.514+0000] {dag.py:3036} INFO - Sync 1 DAGs
[2025-06-17T16:38:47.556+0000] {logging_mixin.py:188} INFO - [2025-06-17T16:38:47.555+0000] {dag.py:3823} INFO - Setting next_dagrun for weather_to_kafka_dag to 2025-06-17 16:37:00+00:00, run_after=2025-06-17 16:38:00+00:00
[2025-06-17T16:38:47.638+0000] {processor.py:183} INFO - Processing /opt/airflow/dags/weather_to_kafka_dag.py took 0.199 seconds
[2025-06-17T16:39:18.160+0000] {processor.py:161} INFO - Started process (PID=96) to work on /opt/airflow/dags/weather_to_kafka_dag.py
[2025-06-17T16:39:18.161+0000] {processor.py:830} INFO - Processing file /opt/airflow/dags/weather_to_kafka_dag.py for tasks to queue
[2025-06-17T16:39:18.163+0000] {logging_mixin.py:188} INFO - [2025-06-17T16:39:18.162+0000] {dagbag.py:538} INFO - Filling up the DagBag from /opt/airflow/dags/weather_to_kafka_dag.py
[2025-06-17T16:39:18.197+0000] {processor.py:840} INFO - DAG(s) 'weather_to_kafka_dag' retrieved from /opt/airflow/dags/weather_to_kafka_dag.py
[2025-06-17T16:39:18.237+0000] {logging_mixin.py:188} INFO - [2025-06-17T16:39:18.237+0000] {dag.py:3036} INFO - Sync 1 DAGs
[2025-06-17T16:39:18.276+0000] {logging_mixin.py:188} INFO - [2025-06-17T16:39:18.276+0000] {dag.py:3823} INFO - Setting next_dagrun for weather_to_kafka_dag to 2025-06-17 16:38:00+00:00, run_after=2025-06-17 16:39:00+00:00
[2025-06-17T16:39:18.379+0000] {processor.py:183} INFO - Processing /opt/airflow/dags/weather_to_kafka_dag.py took 0.223 seconds
[2025-06-17T16:39:48.705+0000] {processor.py:161} INFO - Started process (PID=97) to work on /opt/airflow/dags/weather_to_kafka_dag.py
[2025-06-17T16:39:48.706+0000] {processor.py:830} INFO - Processing file /opt/airflow/dags/weather_to_kafka_dag.py for tasks to queue
[2025-06-17T16:39:48.708+0000] {logging_mixin.py:188} INFO - [2025-06-17T16:39:48.707+0000] {dagbag.py:538} INFO - Filling up the DagBag from /opt/airflow/dags/weather_to_kafka_dag.py
[2025-06-17T16:39:48.741+0000] {processor.py:840} INFO - DAG(s) 'weather_to_kafka_dag' retrieved from /opt/airflow/dags/weather_to_kafka_dag.py
[2025-06-17T16:39:48.780+0000] {logging_mixin.py:188} INFO - [2025-06-17T16:39:48.780+0000] {dag.py:3036} INFO - Sync 1 DAGs
[2025-06-17T16:39:48.820+0000] {logging_mixin.py:188} INFO - [2025-06-17T16:39:48.820+0000] {dag.py:3823} INFO - Setting next_dagrun for weather_to_kafka_dag to 2025-06-17 16:38:00+00:00, run_after=2025-06-17 16:39:00+00:00
[2025-06-17T16:39:48.910+0000] {processor.py:183} INFO - Processing /opt/airflow/dags/weather_to_kafka_dag.py took 0.209 seconds
[2025-06-17T16:40:19.193+0000] {processor.py:161} INFO - Started process (PID=98) to work on /opt/airflow/dags/weather_to_kafka_dag.py
[2025-06-17T16:40:19.195+0000] {processor.py:830} INFO - Processing file /opt/airflow/dags/weather_to_kafka_dag.py for tasks to queue
[2025-06-17T16:40:19.197+0000] {logging_mixin.py:188} INFO - [2025-06-17T16:40:19.196+0000] {dagbag.py:538} INFO - Filling up the DagBag from /opt/airflow/dags/weather_to_kafka_dag.py
[2025-06-17T16:40:19.227+0000] {processor.py:840} INFO - DAG(s) 'weather_to_kafka_dag' retrieved from /opt/airflow/dags/weather_to_kafka_dag.py
[2025-06-17T16:40:19.266+0000] {logging_mixin.py:188} INFO - [2025-06-17T16:40:19.266+0000] {dag.py:3036} INFO - Sync 1 DAGs
[2025-06-17T16:40:19.308+0000] {logging_mixin.py:188} INFO - [2025-06-17T16:40:19.308+0000] {dag.py:3823} INFO - Setting next_dagrun for weather_to_kafka_dag to 2025-06-17 16:39:00+00:00, run_after=2025-06-17 16:40:00+00:00
[2025-06-17T16:40:19.397+0000] {processor.py:183} INFO - Processing /opt/airflow/dags/weather_to_kafka_dag.py took 0.207 seconds
[2025-06-17T16:40:49.586+0000] {processor.py:161} INFO - Started process (PID=99) to work on /opt/airflow/dags/weather_to_kafka_dag.py
[2025-06-17T16:40:49.587+0000] {processor.py:830} INFO - Processing file /opt/airflow/dags/weather_to_kafka_dag.py for tasks to queue
[2025-06-17T16:40:49.589+0000] {logging_mixin.py:188} INFO - [2025-06-17T16:40:49.588+0000] {dagbag.py:538} INFO - Filling up the DagBag from /opt/airflow/dags/weather_to_kafka_dag.py
[2025-06-17T16:40:49.620+0000] {processor.py:840} INFO - DAG(s) 'weather_to_kafka_dag' retrieved from /opt/airflow/dags/weather_to_kafka_dag.py
[2025-06-17T16:40:49.662+0000] {logging_mixin.py:188} INFO - [2025-06-17T16:40:49.662+0000] {dag.py:3036} INFO - Sync 1 DAGs
[2025-06-17T16:40:49.705+0000] {logging_mixin.py:188} INFO - [2025-06-17T16:40:49.705+0000] {dag.py:3823} INFO - Setting next_dagrun for weather_to_kafka_dag to 2025-06-17 16:39:00+00:00, run_after=2025-06-17 16:40:00+00:00
[2025-06-17T16:40:49.778+0000] {processor.py:183} INFO - Processing /opt/airflow/dags/weather_to_kafka_dag.py took 0.196 seconds
[2025-06-17T16:41:20.232+0000] {processor.py:161} INFO - Started process (PID=100) to work on /opt/airflow/dags/weather_to_kafka_dag.py
[2025-06-17T16:41:20.234+0000] {processor.py:830} INFO - Processing file /opt/airflow/dags/weather_to_kafka_dag.py for tasks to queue
[2025-06-17T16:41:20.235+0000] {logging_mixin.py:188} INFO - [2025-06-17T16:41:20.235+0000] {dagbag.py:538} INFO - Filling up the DagBag from /opt/airflow/dags/weather_to_kafka_dag.py
[2025-06-17T16:41:20.267+0000] {processor.py:840} INFO - DAG(s) 'weather_to_kafka_dag' retrieved from /opt/airflow/dags/weather_to_kafka_dag.py
[2025-06-17T16:41:20.306+0000] {logging_mixin.py:188} INFO - [2025-06-17T16:41:20.306+0000] {dag.py:3036} INFO - Sync 1 DAGs
[2025-06-17T16:41:20.345+0000] {logging_mixin.py:188} INFO - [2025-06-17T16:41:20.344+0000] {dag.py:3823} INFO - Setting next_dagrun for weather_to_kafka_dag to 2025-06-17 16:40:00+00:00, run_after=2025-06-17 16:41:00+00:00
[2025-06-17T16:41:20.422+0000] {processor.py:183} INFO - Processing /opt/airflow/dags/weather_to_kafka_dag.py took 0.193 seconds
[2025-06-17T16:41:50.893+0000] {processor.py:161} INFO - Started process (PID=101) to work on /opt/airflow/dags/weather_to_kafka_dag.py
[2025-06-17T16:41:50.895+0000] {processor.py:830} INFO - Processing file /opt/airflow/dags/weather_to_kafka_dag.py for tasks to queue
[2025-06-17T16:41:50.896+0000] {logging_mixin.py:188} INFO - [2025-06-17T16:41:50.896+0000] {dagbag.py:538} INFO - Filling up the DagBag from /opt/airflow/dags/weather_to_kafka_dag.py
[2025-06-17T16:41:50.926+0000] {processor.py:840} INFO - DAG(s) 'weather_to_kafka_dag' retrieved from /opt/airflow/dags/weather_to_kafka_dag.py
[2025-06-17T16:41:50.966+0000] {logging_mixin.py:188} INFO - [2025-06-17T16:41:50.966+0000] {dag.py:3036} INFO - Sync 1 DAGs
[2025-06-17T16:41:51.008+0000] {logging_mixin.py:188} INFO - [2025-06-17T16:41:51.007+0000] {dag.py:3823} INFO - Setting next_dagrun for weather_to_kafka_dag to 2025-06-17 16:40:00+00:00, run_after=2025-06-17 16:41:00+00:00
[2025-06-17T16:41:51.092+0000] {processor.py:183} INFO - Processing /opt/airflow/dags/weather_to_kafka_dag.py took 0.202 seconds
[2025-06-17T16:42:21.457+0000] {processor.py:161} INFO - Started process (PID=102) to work on /opt/airflow/dags/weather_to_kafka_dag.py
[2025-06-17T16:42:21.459+0000] {processor.py:830} INFO - Processing file /opt/airflow/dags/weather_to_kafka_dag.py for tasks to queue
[2025-06-17T16:42:21.460+0000] {logging_mixin.py:188} INFO - [2025-06-17T16:42:21.460+0000] {dagbag.py:538} INFO - Filling up the DagBag from /opt/airflow/dags/weather_to_kafka_dag.py
[2025-06-17T16:42:21.491+0000] {processor.py:840} INFO - DAG(s) 'weather_to_kafka_dag' retrieved from /opt/airflow/dags/weather_to_kafka_dag.py
[2025-06-17T16:42:21.530+0000] {logging_mixin.py:188} INFO - [2025-06-17T16:42:21.530+0000] {dag.py:3036} INFO - Sync 1 DAGs
[2025-06-17T16:42:21.578+0000] {logging_mixin.py:188} INFO - [2025-06-17T16:42:21.577+0000] {dag.py:3823} INFO - Setting next_dagrun for weather_to_kafka_dag to 2025-06-17 16:41:00+00:00, run_after=2025-06-17 16:42:00+00:00
[2025-06-17T16:42:21.687+0000] {processor.py:183} INFO - Processing /opt/airflow/dags/weather_to_kafka_dag.py took 0.233 seconds
[2025-06-17T16:42:52.098+0000] {processor.py:161} INFO - Started process (PID=103) to work on /opt/airflow/dags/weather_to_kafka_dag.py
[2025-06-17T16:42:52.100+0000] {processor.py:830} INFO - Processing file /opt/airflow/dags/weather_to_kafka_dag.py for tasks to queue
[2025-06-17T16:42:52.101+0000] {logging_mixin.py:188} INFO - [2025-06-17T16:42:52.101+0000] {dagbag.py:538} INFO - Filling up the DagBag from /opt/airflow/dags/weather_to_kafka_dag.py
[2025-06-17T16:42:52.134+0000] {processor.py:840} INFO - DAG(s) 'weather_to_kafka_dag' retrieved from /opt/airflow/dags/weather_to_kafka_dag.py
[2025-06-17T16:42:52.179+0000] {logging_mixin.py:188} INFO - [2025-06-17T16:42:52.179+0000] {dag.py:3036} INFO - Sync 1 DAGs
[2025-06-17T16:42:52.222+0000] {logging_mixin.py:188} INFO - [2025-06-17T16:42:52.221+0000] {dag.py:3823} INFO - Setting next_dagrun for weather_to_kafka_dag to 2025-06-17 16:41:00+00:00, run_after=2025-06-17 16:42:00+00:00
[2025-06-17T16:42:52.297+0000] {processor.py:183} INFO - Processing /opt/airflow/dags/weather_to_kafka_dag.py took 0.202 seconds
[2025-06-17T16:43:22.668+0000] {processor.py:161} INFO - Started process (PID=104) to work on /opt/airflow/dags/weather_to_kafka_dag.py
[2025-06-17T16:43:22.669+0000] {processor.py:830} INFO - Processing file /opt/airflow/dags/weather_to_kafka_dag.py for tasks to queue
[2025-06-17T16:43:22.670+0000] {logging_mixin.py:188} INFO - [2025-06-17T16:43:22.670+0000] {dagbag.py:538} INFO - Filling up the DagBag from /opt/airflow/dags/weather_to_kafka_dag.py
[2025-06-17T16:43:22.699+0000] {processor.py:840} INFO - DAG(s) 'weather_to_kafka_dag' retrieved from /opt/airflow/dags/weather_to_kafka_dag.py
[2025-06-17T16:43:22.742+0000] {logging_mixin.py:188} INFO - [2025-06-17T16:43:22.742+0000] {dag.py:3036} INFO - Sync 1 DAGs
[2025-06-17T16:43:22.791+0000] {logging_mixin.py:188} INFO - [2025-06-17T16:43:22.790+0000] {dag.py:3823} INFO - Setting next_dagrun for weather_to_kafka_dag to 2025-06-17 16:42:00+00:00, run_after=2025-06-17 16:43:00+00:00
[2025-06-17T16:43:22.863+0000] {processor.py:183} INFO - Processing /opt/airflow/dags/weather_to_kafka_dag.py took 0.201 seconds
[2025-06-17T16:48:13.394+0000] {processor.py:161} INFO - Started process (PID=31) to work on /opt/airflow/dags/weather_to_kafka_dag.py
[2025-06-17T16:48:13.395+0000] {processor.py:830} INFO - Processing file /opt/airflow/dags/weather_to_kafka_dag.py for tasks to queue
[2025-06-17T16:48:13.396+0000] {logging_mixin.py:188} INFO - [2025-06-17T16:48:13.396+0000] {dagbag.py:538} INFO - Filling up the DagBag from /opt/airflow/dags/weather_to_kafka_dag.py
[2025-06-17T16:48:13.430+0000] {processor.py:840} INFO - DAG(s) 'weather_to_kafka_dag' retrieved from /opt/airflow/dags/weather_to_kafka_dag.py
[2025-06-17T16:48:13.473+0000] {logging_mixin.py:188} INFO - [2025-06-17T16:48:13.473+0000] {dag.py:3036} INFO - Sync 1 DAGs
[2025-06-17T16:48:13.530+0000] {logging_mixin.py:188} INFO - [2025-06-17T16:48:13.530+0000] {dag.py:3823} INFO - Setting next_dagrun for weather_to_kafka_dag to 2025-06-17 16:47:00+00:00, run_after=2025-06-17 16:48:00+00:00
[2025-06-17T16:48:13.713+0000] {processor.py:183} INFO - Processing /opt/airflow/dags/weather_to_kafka_dag.py took 0.324 seconds
[2025-06-17T16:48:43.966+0000] {processor.py:161} INFO - Started process (PID=46) to work on /opt/airflow/dags/weather_to_kafka_dag.py
[2025-06-17T16:48:43.967+0000] {processor.py:830} INFO - Processing file /opt/airflow/dags/weather_to_kafka_dag.py for tasks to queue
[2025-06-17T16:48:43.969+0000] {logging_mixin.py:188} INFO - [2025-06-17T16:48:43.968+0000] {dagbag.py:538} INFO - Filling up the DagBag from /opt/airflow/dags/weather_to_kafka_dag.py
[2025-06-17T16:48:44.008+0000] {processor.py:840} INFO - DAG(s) 'weather_to_kafka_dag' retrieved from /opt/airflow/dags/weather_to_kafka_dag.py
[2025-06-17T16:48:44.067+0000] {logging_mixin.py:188} INFO - [2025-06-17T16:48:44.067+0000] {dag.py:3036} INFO - Sync 1 DAGs
[2025-06-17T16:48:44.113+0000] {logging_mixin.py:188} INFO - [2025-06-17T16:48:44.112+0000] {dag.py:3823} INFO - Setting next_dagrun for weather_to_kafka_dag to 2025-06-17 16:47:00+00:00, run_after=2025-06-17 16:48:00+00:00
[2025-06-17T16:48:44.206+0000] {processor.py:183} INFO - Processing /opt/airflow/dags/weather_to_kafka_dag.py took 0.244 seconds
[2025-06-17T16:49:15.169+0000] {processor.py:161} INFO - Started process (PID=47) to work on /opt/airflow/dags/weather_to_kafka_dag.py
[2025-06-17T16:49:15.171+0000] {processor.py:830} INFO - Processing file /opt/airflow/dags/weather_to_kafka_dag.py for tasks to queue
[2025-06-17T16:49:15.172+0000] {logging_mixin.py:188} INFO - [2025-06-17T16:49:15.172+0000] {dagbag.py:538} INFO - Filling up the DagBag from /opt/airflow/dags/weather_to_kafka_dag.py
[2025-06-17T16:49:15.208+0000] {processor.py:840} INFO - DAG(s) 'weather_to_kafka_dag' retrieved from /opt/airflow/dags/weather_to_kafka_dag.py
[2025-06-17T16:49:15.253+0000] {logging_mixin.py:188} INFO - [2025-06-17T16:49:15.253+0000] {dag.py:3036} INFO - Sync 1 DAGs
[2025-06-17T16:49:15.296+0000] {logging_mixin.py:188} INFO - [2025-06-17T16:49:15.296+0000] {dag.py:3823} INFO - Setting next_dagrun for weather_to_kafka_dag to 2025-06-17 16:48:00+00:00, run_after=2025-06-17 16:49:00+00:00
[2025-06-17T16:49:15.382+0000] {processor.py:183} INFO - Processing /opt/airflow/dags/weather_to_kafka_dag.py took 0.217 seconds
[2025-06-17T16:49:46.501+0000] {processor.py:161} INFO - Started process (PID=48) to work on /opt/airflow/dags/weather_to_kafka_dag.py
[2025-06-17T16:49:46.502+0000] {processor.py:830} INFO - Processing file /opt/airflow/dags/weather_to_kafka_dag.py for tasks to queue
[2025-06-17T16:49:46.504+0000] {logging_mixin.py:188} INFO - [2025-06-17T16:49:46.503+0000] {dagbag.py:538} INFO - Filling up the DagBag from /opt/airflow/dags/weather_to_kafka_dag.py
[2025-06-17T16:49:46.529+0000] {processor.py:840} INFO - DAG(s) 'weather_to_kafka_dag' retrieved from /opt/airflow/dags/weather_to_kafka_dag.py
[2025-06-17T16:49:46.569+0000] {logging_mixin.py:188} INFO - [2025-06-17T16:49:46.569+0000] {dag.py:3036} INFO - Sync 1 DAGs
[2025-06-17T16:49:46.608+0000] {logging_mixin.py:188} INFO - [2025-06-17T16:49:46.608+0000] {dag.py:3823} INFO - Setting next_dagrun for weather_to_kafka_dag to 2025-06-17 16:48:00+00:00, run_after=2025-06-17 16:49:00+00:00
[2025-06-17T16:49:46.683+0000] {processor.py:183} INFO - Processing /opt/airflow/dags/weather_to_kafka_dag.py took 0.186 seconds
[2025-06-17T16:50:16.890+0000] {processor.py:161} INFO - Started process (PID=56) to work on /opt/airflow/dags/weather_to_kafka_dag.py
[2025-06-17T16:50:16.891+0000] {processor.py:830} INFO - Processing file /opt/airflow/dags/weather_to_kafka_dag.py for tasks to queue
[2025-06-17T16:50:16.893+0000] {logging_mixin.py:188} INFO - [2025-06-17T16:50:16.892+0000] {dagbag.py:538} INFO - Filling up the DagBag from /opt/airflow/dags/weather_to_kafka_dag.py
[2025-06-17T16:50:16.925+0000] {processor.py:840} INFO - DAG(s) 'weather_to_kafka_dag' retrieved from /opt/airflow/dags/weather_to_kafka_dag.py
[2025-06-17T16:50:16.963+0000] {logging_mixin.py:188} INFO - [2025-06-17T16:50:16.963+0000] {dag.py:3036} INFO - Sync 1 DAGs
[2025-06-17T16:50:17.002+0000] {logging_mixin.py:188} INFO - [2025-06-17T16:50:17.002+0000] {dag.py:3823} INFO - Setting next_dagrun for weather_to_kafka_dag to 2025-06-17 16:49:00+00:00, run_after=2025-06-17 16:50:00+00:00
[2025-06-17T16:50:17.088+0000] {processor.py:183} INFO - Processing /opt/airflow/dags/weather_to_kafka_dag.py took 0.201 seconds
[2025-06-17T16:50:47.282+0000] {processor.py:161} INFO - Started process (PID=64) to work on /opt/airflow/dags/weather_to_kafka_dag.py
[2025-06-17T16:50:47.284+0000] {processor.py:830} INFO - Processing file /opt/airflow/dags/weather_to_kafka_dag.py for tasks to queue
[2025-06-17T16:50:47.285+0000] {logging_mixin.py:188} INFO - [2025-06-17T16:50:47.285+0000] {dagbag.py:538} INFO - Filling up the DagBag from /opt/airflow/dags/weather_to_kafka_dag.py
[2025-06-17T16:50:47.313+0000] {processor.py:840} INFO - DAG(s) 'weather_to_kafka_dag' retrieved from /opt/airflow/dags/weather_to_kafka_dag.py
[2025-06-17T16:50:47.352+0000] {logging_mixin.py:188} INFO - [2025-06-17T16:50:47.352+0000] {dag.py:3036} INFO - Sync 1 DAGs
[2025-06-17T16:50:47.391+0000] {logging_mixin.py:188} INFO - [2025-06-17T16:50:47.391+0000] {dag.py:3823} INFO - Setting next_dagrun for weather_to_kafka_dag to 2025-06-17 16:49:00+00:00, run_after=2025-06-17 16:50:00+00:00
[2025-06-17T16:50:47.458+0000] {processor.py:183} INFO - Processing /opt/airflow/dags/weather_to_kafka_dag.py took 0.179 seconds
[2025-06-17T16:51:17.547+0000] {processor.py:161} INFO - Started process (PID=65) to work on /opt/airflow/dags/weather_to_kafka_dag.py
[2025-06-17T16:51:17.548+0000] {processor.py:830} INFO - Processing file /opt/airflow/dags/weather_to_kafka_dag.py for tasks to queue
[2025-06-17T16:51:17.549+0000] {logging_mixin.py:188} INFO - [2025-06-17T16:51:17.549+0000] {dagbag.py:538} INFO - Filling up the DagBag from /opt/airflow/dags/weather_to_kafka_dag.py
[2025-06-17T16:51:17.579+0000] {processor.py:840} INFO - DAG(s) 'weather_to_kafka_dag' retrieved from /opt/airflow/dags/weather_to_kafka_dag.py
[2025-06-17T16:51:17.618+0000] {logging_mixin.py:188} INFO - [2025-06-17T16:51:17.618+0000] {dag.py:3036} INFO - Sync 1 DAGs
[2025-06-17T16:51:17.660+0000] {logging_mixin.py:188} INFO - [2025-06-17T16:51:17.660+0000] {dag.py:3823} INFO - Setting next_dagrun for weather_to_kafka_dag to 2025-06-17 16:50:00+00:00, run_after=2025-06-17 16:51:00+00:00
[2025-06-17T16:51:17.727+0000] {processor.py:183} INFO - Processing /opt/airflow/dags/weather_to_kafka_dag.py took 0.185 seconds
[2025-06-17T16:51:47.905+0000] {processor.py:161} INFO - Started process (PID=66) to work on /opt/airflow/dags/weather_to_kafka_dag.py
[2025-06-17T16:51:47.906+0000] {processor.py:830} INFO - Processing file /opt/airflow/dags/weather_to_kafka_dag.py for tasks to queue
[2025-06-17T16:51:47.908+0000] {logging_mixin.py:188} INFO - [2025-06-17T16:51:47.907+0000] {dagbag.py:538} INFO - Filling up the DagBag from /opt/airflow/dags/weather_to_kafka_dag.py
[2025-06-17T16:51:47.940+0000] {processor.py:840} INFO - DAG(s) 'weather_to_kafka_dag' retrieved from /opt/airflow/dags/weather_to_kafka_dag.py
[2025-06-17T16:51:47.980+0000] {logging_mixin.py:188} INFO - [2025-06-17T16:51:47.979+0000] {dag.py:3036} INFO - Sync 1 DAGs
[2025-06-17T16:51:48.022+0000] {logging_mixin.py:188} INFO - [2025-06-17T16:51:48.022+0000] {dag.py:3823} INFO - Setting next_dagrun for weather_to_kafka_dag to 2025-06-17 16:50:00+00:00, run_after=2025-06-17 16:51:00+00:00
[2025-06-17T16:51:48.095+0000] {processor.py:183} INFO - Processing /opt/airflow/dags/weather_to_kafka_dag.py took 0.194 seconds
[2025-06-17T16:52:18.408+0000] {processor.py:161} INFO - Started process (PID=67) to work on /opt/airflow/dags/weather_to_kafka_dag.py
[2025-06-17T16:52:18.410+0000] {processor.py:830} INFO - Processing file /opt/airflow/dags/weather_to_kafka_dag.py for tasks to queue
[2025-06-17T16:52:18.412+0000] {logging_mixin.py:188} INFO - [2025-06-17T16:52:18.411+0000] {dagbag.py:538} INFO - Filling up the DagBag from /opt/airflow/dags/weather_to_kafka_dag.py
[2025-06-17T16:52:18.443+0000] {processor.py:840} INFO - DAG(s) 'weather_to_kafka_dag' retrieved from /opt/airflow/dags/weather_to_kafka_dag.py
[2025-06-17T16:52:18.480+0000] {logging_mixin.py:188} INFO - [2025-06-17T16:52:18.480+0000] {dag.py:3036} INFO - Sync 1 DAGs
[2025-06-17T16:52:18.520+0000] {logging_mixin.py:188} INFO - [2025-06-17T16:52:18.519+0000] {dag.py:3823} INFO - Setting next_dagrun for weather_to_kafka_dag to 2025-06-17 16:51:00+00:00, run_after=2025-06-17 16:52:00+00:00
[2025-06-17T16:52:18.628+0000] {processor.py:183} INFO - Processing /opt/airflow/dags/weather_to_kafka_dag.py took 0.224 seconds
[2025-06-17T16:52:49.257+0000] {processor.py:161} INFO - Started process (PID=68) to work on /opt/airflow/dags/weather_to_kafka_dag.py
[2025-06-17T16:52:49.259+0000] {processor.py:830} INFO - Processing file /opt/airflow/dags/weather_to_kafka_dag.py for tasks to queue
[2025-06-17T16:52:49.261+0000] {logging_mixin.py:188} INFO - [2025-06-17T16:52:49.260+0000] {dagbag.py:538} INFO - Filling up the DagBag from /opt/airflow/dags/weather_to_kafka_dag.py
[2025-06-17T16:52:49.293+0000] {processor.py:840} INFO - DAG(s) 'weather_to_kafka_dag' retrieved from /opt/airflow/dags/weather_to_kafka_dag.py
[2025-06-17T16:52:49.332+0000] {logging_mixin.py:188} INFO - [2025-06-17T16:52:49.332+0000] {dag.py:3036} INFO - Sync 1 DAGs
[2025-06-17T16:52:49.372+0000] {logging_mixin.py:188} INFO - [2025-06-17T16:52:49.372+0000] {dag.py:3823} INFO - Setting next_dagrun for weather_to_kafka_dag to 2025-06-17 16:51:00+00:00, run_after=2025-06-17 16:52:00+00:00
[2025-06-17T16:52:49.459+0000] {processor.py:183} INFO - Processing /opt/airflow/dags/weather_to_kafka_dag.py took 0.206 seconds
[2025-06-17T16:53:20.208+0000] {processor.py:161} INFO - Started process (PID=84) to work on /opt/airflow/dags/weather_to_kafka_dag.py
[2025-06-17T16:53:20.209+0000] {processor.py:830} INFO - Processing file /opt/airflow/dags/weather_to_kafka_dag.py for tasks to queue
[2025-06-17T16:53:20.210+0000] {logging_mixin.py:188} INFO - [2025-06-17T16:53:20.210+0000] {dagbag.py:538} INFO - Filling up the DagBag from /opt/airflow/dags/weather_to_kafka_dag.py
[2025-06-17T16:53:20.239+0000] {processor.py:840} INFO - DAG(s) 'weather_to_kafka_dag' retrieved from /opt/airflow/dags/weather_to_kafka_dag.py
[2025-06-17T16:53:20.384+0000] {logging_mixin.py:188} INFO - [2025-06-17T16:53:20.384+0000] {dag.py:3036} INFO - Sync 1 DAGs
[2025-06-17T16:53:20.422+0000] {logging_mixin.py:188} INFO - [2025-06-17T16:53:20.422+0000] {dag.py:3823} INFO - Setting next_dagrun for weather_to_kafka_dag to 2025-06-17 16:52:00+00:00, run_after=2025-06-17 16:53:00+00:00
[2025-06-17T16:53:20.487+0000] {processor.py:183} INFO - Processing /opt/airflow/dags/weather_to_kafka_dag.py took 0.283 seconds
[2025-06-17T16:53:51.101+0000] {processor.py:161} INFO - Started process (PID=86) to work on /opt/airflow/dags/weather_to_kafka_dag.py
[2025-06-17T16:53:51.102+0000] {processor.py:830} INFO - Processing file /opt/airflow/dags/weather_to_kafka_dag.py for tasks to queue
[2025-06-17T16:53:51.104+0000] {logging_mixin.py:188} INFO - [2025-06-17T16:53:51.103+0000] {dagbag.py:538} INFO - Filling up the DagBag from /opt/airflow/dags/weather_to_kafka_dag.py
[2025-06-17T16:53:51.149+0000] {processor.py:840} INFO - DAG(s) 'weather_to_kafka_dag' retrieved from /opt/airflow/dags/weather_to_kafka_dag.py
[2025-06-17T16:53:51.193+0000] {logging_mixin.py:188} INFO - [2025-06-17T16:53:51.193+0000] {dag.py:3036} INFO - Sync 1 DAGs
[2025-06-17T16:53:51.231+0000] {logging_mixin.py:188} INFO - [2025-06-17T16:53:51.231+0000] {dag.py:3823} INFO - Setting next_dagrun for weather_to_kafka_dag to 2025-06-17 16:52:00+00:00, run_after=2025-06-17 16:53:00+00:00
[2025-06-17T16:53:51.315+0000] {processor.py:183} INFO - Processing /opt/airflow/dags/weather_to_kafka_dag.py took 0.217 seconds
[2025-06-17T16:54:22.071+0000] {processor.py:161} INFO - Started process (PID=87) to work on /opt/airflow/dags/weather_to_kafka_dag.py
[2025-06-17T16:54:22.072+0000] {processor.py:830} INFO - Processing file /opt/airflow/dags/weather_to_kafka_dag.py for tasks to queue
[2025-06-17T16:54:22.073+0000] {logging_mixin.py:188} INFO - [2025-06-17T16:54:22.073+0000] {dagbag.py:538} INFO - Filling up the DagBag from /opt/airflow/dags/weather_to_kafka_dag.py
[2025-06-17T16:54:22.103+0000] {processor.py:840} INFO - DAG(s) 'weather_to_kafka_dag' retrieved from /opt/airflow/dags/weather_to_kafka_dag.py
[2025-06-17T16:54:22.143+0000] {logging_mixin.py:188} INFO - [2025-06-17T16:54:22.142+0000] {dag.py:3036} INFO - Sync 1 DAGs
[2025-06-17T16:54:22.181+0000] {logging_mixin.py:188} INFO - [2025-06-17T16:54:22.181+0000] {dag.py:3823} INFO - Setting next_dagrun for weather_to_kafka_dag to 2025-06-17 16:53:00+00:00, run_after=2025-06-17 16:54:00+00:00
[2025-06-17T16:54:22.254+0000] {processor.py:183} INFO - Processing /opt/airflow/dags/weather_to_kafka_dag.py took 0.187 seconds
[2025-06-17T16:54:53.218+0000] {processor.py:161} INFO - Started process (PID=88) to work on /opt/airflow/dags/weather_to_kafka_dag.py
[2025-06-17T16:54:53.220+0000] {processor.py:830} INFO - Processing file /opt/airflow/dags/weather_to_kafka_dag.py for tasks to queue
[2025-06-17T16:54:53.222+0000] {logging_mixin.py:188} INFO - [2025-06-17T16:54:53.221+0000] {dagbag.py:538} INFO - Filling up the DagBag from /opt/airflow/dags/weather_to_kafka_dag.py
[2025-06-17T16:54:53.247+0000] {processor.py:840} INFO - DAG(s) 'weather_to_kafka_dag' retrieved from /opt/airflow/dags/weather_to_kafka_dag.py
[2025-06-17T16:54:53.286+0000] {logging_mixin.py:188} INFO - [2025-06-17T16:54:53.286+0000] {dag.py:3036} INFO - Sync 1 DAGs
[2025-06-17T16:54:53.327+0000] {logging_mixin.py:188} INFO - [2025-06-17T16:54:53.326+0000] {dag.py:3823} INFO - Setting next_dagrun for weather_to_kafka_dag to 2025-06-17 16:53:00+00:00, run_after=2025-06-17 16:54:00+00:00
[2025-06-17T16:54:53.407+0000] {processor.py:183} INFO - Processing /opt/airflow/dags/weather_to_kafka_dag.py took 0.192 seconds
[2025-06-17T16:55:24.025+0000] {processor.py:161} INFO - Started process (PID=89) to work on /opt/airflow/dags/weather_to_kafka_dag.py
[2025-06-17T16:55:24.028+0000] {processor.py:830} INFO - Processing file /opt/airflow/dags/weather_to_kafka_dag.py for tasks to queue
[2025-06-17T16:55:24.030+0000] {logging_mixin.py:188} INFO - [2025-06-17T16:55:24.029+0000] {dagbag.py:538} INFO - Filling up the DagBag from /opt/airflow/dags/weather_to_kafka_dag.py
[2025-06-17T16:55:24.063+0000] {processor.py:840} INFO - DAG(s) 'weather_to_kafka_dag' retrieved from /opt/airflow/dags/weather_to_kafka_dag.py
[2025-06-17T16:55:24.103+0000] {logging_mixin.py:188} INFO - [2025-06-17T16:55:24.103+0000] {dag.py:3036} INFO - Sync 1 DAGs
[2025-06-17T16:55:24.144+0000] {logging_mixin.py:188} INFO - [2025-06-17T16:55:24.143+0000] {dag.py:3823} INFO - Setting next_dagrun for weather_to_kafka_dag to 2025-06-17 16:54:00+00:00, run_after=2025-06-17 16:55:00+00:00
[2025-06-17T16:55:24.216+0000] {processor.py:183} INFO - Processing /opt/airflow/dags/weather_to_kafka_dag.py took 0.200 seconds
[2025-06-17T16:55:55.050+0000] {processor.py:161} INFO - Started process (PID=90) to work on /opt/airflow/dags/weather_to_kafka_dag.py
[2025-06-17T16:55:55.053+0000] {processor.py:830} INFO - Processing file /opt/airflow/dags/weather_to_kafka_dag.py for tasks to queue
[2025-06-17T16:55:55.055+0000] {logging_mixin.py:188} INFO - [2025-06-17T16:55:55.054+0000] {dagbag.py:538} INFO - Filling up the DagBag from /opt/airflow/dags/weather_to_kafka_dag.py
[2025-06-17T16:55:55.096+0000] {processor.py:840} INFO - DAG(s) 'weather_to_kafka_dag' retrieved from /opt/airflow/dags/weather_to_kafka_dag.py
[2025-06-17T16:55:55.138+0000] {logging_mixin.py:188} INFO - [2025-06-17T16:55:55.138+0000] {dag.py:3036} INFO - Sync 1 DAGs
[2025-06-17T16:55:55.179+0000] {logging_mixin.py:188} INFO - [2025-06-17T16:55:55.179+0000] {dag.py:3823} INFO - Setting next_dagrun for weather_to_kafka_dag to 2025-06-17 16:54:00+00:00, run_after=2025-06-17 16:55:00+00:00
[2025-06-17T16:55:55.258+0000] {processor.py:183} INFO - Processing /opt/airflow/dags/weather_to_kafka_dag.py took 0.215 seconds
[2025-06-17T16:56:25.746+0000] {processor.py:161} INFO - Started process (PID=91) to work on /opt/airflow/dags/weather_to_kafka_dag.py
[2025-06-17T16:56:25.748+0000] {processor.py:830} INFO - Processing file /opt/airflow/dags/weather_to_kafka_dag.py for tasks to queue
[2025-06-17T16:56:25.749+0000] {logging_mixin.py:188} INFO - [2025-06-17T16:56:25.749+0000] {dagbag.py:538} INFO - Filling up the DagBag from /opt/airflow/dags/weather_to_kafka_dag.py
[2025-06-17T16:56:25.782+0000] {processor.py:840} INFO - DAG(s) 'weather_to_kafka_dag' retrieved from /opt/airflow/dags/weather_to_kafka_dag.py
[2025-06-17T16:56:25.819+0000] {logging_mixin.py:188} INFO - [2025-06-17T16:56:25.819+0000] {dag.py:3036} INFO - Sync 1 DAGs
[2025-06-17T16:56:25.859+0000] {logging_mixin.py:188} INFO - [2025-06-17T16:56:25.858+0000] {dag.py:3823} INFO - Setting next_dagrun for weather_to_kafka_dag to 2025-06-17 16:55:00+00:00, run_after=2025-06-17 16:56:00+00:00
[2025-06-17T16:56:25.940+0000] {processor.py:183} INFO - Processing /opt/airflow/dags/weather_to_kafka_dag.py took 0.198 seconds
[2025-06-17T16:56:56.682+0000] {processor.py:161} INFO - Started process (PID=92) to work on /opt/airflow/dags/weather_to_kafka_dag.py
[2025-06-17T16:56:56.683+0000] {processor.py:830} INFO - Processing file /opt/airflow/dags/weather_to_kafka_dag.py for tasks to queue
[2025-06-17T16:56:56.685+0000] {logging_mixin.py:188} INFO - [2025-06-17T16:56:56.684+0000] {dagbag.py:538} INFO - Filling up the DagBag from /opt/airflow/dags/weather_to_kafka_dag.py
[2025-06-17T16:56:56.714+0000] {processor.py:840} INFO - DAG(s) 'weather_to_kafka_dag' retrieved from /opt/airflow/dags/weather_to_kafka_dag.py
[2025-06-17T16:56:56.758+0000] {logging_mixin.py:188} INFO - [2025-06-17T16:56:56.757+0000] {dag.py:3036} INFO - Sync 1 DAGs
[2025-06-17T16:56:56.803+0000] {logging_mixin.py:188} INFO - [2025-06-17T16:56:56.803+0000] {dag.py:3823} INFO - Setting next_dagrun for weather_to_kafka_dag to 2025-06-17 16:55:00+00:00, run_after=2025-06-17 16:56:00+00:00
[2025-06-17T16:56:56.879+0000] {processor.py:183} INFO - Processing /opt/airflow/dags/weather_to_kafka_dag.py took 0.201 seconds
[2025-06-17T16:57:27.601+0000] {processor.py:161} INFO - Started process (PID=93) to work on /opt/airflow/dags/weather_to_kafka_dag.py
[2025-06-17T16:57:27.602+0000] {processor.py:830} INFO - Processing file /opt/airflow/dags/weather_to_kafka_dag.py for tasks to queue
[2025-06-17T16:57:27.603+0000] {logging_mixin.py:188} INFO - [2025-06-17T16:57:27.603+0000] {dagbag.py:538} INFO - Filling up the DagBag from /opt/airflow/dags/weather_to_kafka_dag.py
[2025-06-17T16:57:27.631+0000] {processor.py:840} INFO - DAG(s) 'weather_to_kafka_dag' retrieved from /opt/airflow/dags/weather_to_kafka_dag.py
[2025-06-17T16:57:27.675+0000] {logging_mixin.py:188} INFO - [2025-06-17T16:57:27.675+0000] {dag.py:3036} INFO - Sync 1 DAGs
[2025-06-17T16:57:27.715+0000] {logging_mixin.py:188} INFO - [2025-06-17T16:57:27.715+0000] {dag.py:3823} INFO - Setting next_dagrun for weather_to_kafka_dag to 2025-06-17 16:56:00+00:00, run_after=2025-06-17 16:57:00+00:00
[2025-06-17T16:57:27.797+0000] {processor.py:183} INFO - Processing /opt/airflow/dags/weather_to_kafka_dag.py took 0.200 seconds
[2025-06-17T16:57:55.726+0000] {processor.py:161} INFO - Started process (PID=94) to work on /opt/airflow/dags/weather_to_kafka_dag.py
[2025-06-17T16:57:55.728+0000] {processor.py:830} INFO - Processing file /opt/airflow/dags/weather_to_kafka_dag.py for tasks to queue
[2025-06-17T16:57:55.730+0000] {logging_mixin.py:188} INFO - [2025-06-17T16:57:55.729+0000] {dagbag.py:538} INFO - Filling up the DagBag from /opt/airflow/dags/weather_to_kafka_dag.py
[2025-06-17T16:57:55.767+0000] {processor.py:840} INFO - DAG(s) 'weather_to_kafka_dag' retrieved from /opt/airflow/dags/weather_to_kafka_dag.py
[2025-06-17T16:57:55.978+0000] {logging_mixin.py:188} INFO - [2025-06-17T16:57:55.978+0000] {dag.py:3036} INFO - Sync 1 DAGs
[2025-06-17T16:57:56.014+0000] {logging_mixin.py:188} INFO - [2025-06-17T16:57:56.013+0000] {dag.py:3823} INFO - Setting next_dagrun for weather_to_kafka_dag to 2025-06-17 16:50:00+00:00, run_after=2025-06-17 16:55:00+00:00
[2025-06-17T16:57:56.113+0000] {processor.py:183} INFO - Processing /opt/airflow/dags/weather_to_kafka_dag.py took 0.393 seconds
[2025-06-17T16:58:26.708+0000] {processor.py:161} INFO - Started process (PID=95) to work on /opt/airflow/dags/weather_to_kafka_dag.py
[2025-06-17T16:58:26.709+0000] {processor.py:830} INFO - Processing file /opt/airflow/dags/weather_to_kafka_dag.py for tasks to queue
[2025-06-17T16:58:26.710+0000] {logging_mixin.py:188} INFO - [2025-06-17T16:58:26.710+0000] {dagbag.py:538} INFO - Filling up the DagBag from /opt/airflow/dags/weather_to_kafka_dag.py
[2025-06-17T16:58:26.737+0000] {processor.py:840} INFO - DAG(s) 'weather_to_kafka_dag' retrieved from /opt/airflow/dags/weather_to_kafka_dag.py
[2025-06-17T16:58:26.776+0000] {logging_mixin.py:188} INFO - [2025-06-17T16:58:26.775+0000] {dag.py:3036} INFO - Sync 1 DAGs
[2025-06-17T16:58:26.813+0000] {logging_mixin.py:188} INFO - [2025-06-17T16:58:26.813+0000] {dag.py:3823} INFO - Setting next_dagrun for weather_to_kafka_dag to 2025-06-17 16:50:00+00:00, run_after=2025-06-17 16:55:00+00:00
[2025-06-17T16:58:26.885+0000] {processor.py:183} INFO - Processing /opt/airflow/dags/weather_to_kafka_dag.py took 0.181 seconds
[2025-06-17T16:58:57.538+0000] {processor.py:161} INFO - Started process (PID=96) to work on /opt/airflow/dags/weather_to_kafka_dag.py
[2025-06-17T16:58:57.539+0000] {processor.py:830} INFO - Processing file /opt/airflow/dags/weather_to_kafka_dag.py for tasks to queue
[2025-06-17T16:58:57.541+0000] {logging_mixin.py:188} INFO - [2025-06-17T16:58:57.540+0000] {dagbag.py:538} INFO - Filling up the DagBag from /opt/airflow/dags/weather_to_kafka_dag.py
[2025-06-17T16:58:57.568+0000] {processor.py:840} INFO - DAG(s) 'weather_to_kafka_dag' retrieved from /opt/airflow/dags/weather_to_kafka_dag.py
[2025-06-17T16:58:57.605+0000] {logging_mixin.py:188} INFO - [2025-06-17T16:58:57.605+0000] {dag.py:3036} INFO - Sync 1 DAGs
[2025-06-17T16:58:57.643+0000] {logging_mixin.py:188} INFO - [2025-06-17T16:58:57.643+0000] {dag.py:3823} INFO - Setting next_dagrun for weather_to_kafka_dag to 2025-06-17 16:50:00+00:00, run_after=2025-06-17 16:55:00+00:00
[2025-06-17T16:58:57.715+0000] {processor.py:183} INFO - Processing /opt/airflow/dags/weather_to_kafka_dag.py took 0.181 seconds
[2025-06-17T16:59:28.455+0000] {processor.py:161} INFO - Started process (PID=97) to work on /opt/airflow/dags/weather_to_kafka_dag.py
[2025-06-17T16:59:28.456+0000] {processor.py:830} INFO - Processing file /opt/airflow/dags/weather_to_kafka_dag.py for tasks to queue
[2025-06-17T16:59:28.457+0000] {logging_mixin.py:188} INFO - [2025-06-17T16:59:28.457+0000] {dagbag.py:538} INFO - Filling up the DagBag from /opt/airflow/dags/weather_to_kafka_dag.py
[2025-06-17T16:59:28.526+0000] {processor.py:840} INFO - DAG(s) 'weather_to_kafka_dag' retrieved from /opt/airflow/dags/weather_to_kafka_dag.py
[2025-06-17T16:59:28.570+0000] {logging_mixin.py:188} INFO - [2025-06-17T16:59:28.569+0000] {dag.py:3036} INFO - Sync 1 DAGs
[2025-06-17T16:59:28.614+0000] {logging_mixin.py:188} INFO - [2025-06-17T16:59:28.614+0000] {dag.py:3823} INFO - Setting next_dagrun for weather_to_kafka_dag to 2025-06-17 16:50:00+00:00, run_after=2025-06-17 16:55:00+00:00
[2025-06-17T16:59:28.667+0000] {processor.py:183} INFO - Processing /opt/airflow/dags/weather_to_kafka_dag.py took 0.216 seconds
[2025-06-17T16:59:59.528+0000] {processor.py:161} INFO - Started process (PID=98) to work on /opt/airflow/dags/weather_to_kafka_dag.py
[2025-06-17T16:59:59.530+0000] {processor.py:830} INFO - Processing file /opt/airflow/dags/weather_to_kafka_dag.py for tasks to queue
[2025-06-17T16:59:59.531+0000] {logging_mixin.py:188} INFO - [2025-06-17T16:59:59.531+0000] {dagbag.py:538} INFO - Filling up the DagBag from /opt/airflow/dags/weather_to_kafka_dag.py
[2025-06-17T16:59:59.565+0000] {processor.py:840} INFO - DAG(s) 'weather_to_kafka_dag' retrieved from /opt/airflow/dags/weather_to_kafka_dag.py
[2025-06-17T16:59:59.617+0000] {logging_mixin.py:188} INFO - [2025-06-17T16:59:59.617+0000] {dag.py:3036} INFO - Sync 1 DAGs
[2025-06-17T16:59:59.658+0000] {logging_mixin.py:188} INFO - [2025-06-17T16:59:59.658+0000] {dag.py:3823} INFO - Setting next_dagrun for weather_to_kafka_dag to 2025-06-17 16:50:00+00:00, run_after=2025-06-17 16:55:00+00:00
[2025-06-17T16:59:59.769+0000] {processor.py:183} INFO - Processing /opt/airflow/dags/weather_to_kafka_dag.py took 0.244 seconds
[2025-06-17T17:00:30.449+0000] {processor.py:161} INFO - Started process (PID=99) to work on /opt/airflow/dags/weather_to_kafka_dag.py
[2025-06-17T17:00:30.450+0000] {processor.py:830} INFO - Processing file /opt/airflow/dags/weather_to_kafka_dag.py for tasks to queue
[2025-06-17T17:00:30.452+0000] {logging_mixin.py:188} INFO - [2025-06-17T17:00:30.451+0000] {dagbag.py:538} INFO - Filling up the DagBag from /opt/airflow/dags/weather_to_kafka_dag.py
[2025-06-17T17:00:30.477+0000] {processor.py:840} INFO - DAG(s) 'weather_to_kafka_dag' retrieved from /opt/airflow/dags/weather_to_kafka_dag.py
[2025-06-17T17:00:30.535+0000] {logging_mixin.py:188} INFO - [2025-06-17T17:00:30.534+0000] {dag.py:3036} INFO - Sync 1 DAGs
[2025-06-17T17:00:30.581+0000] {logging_mixin.py:188} INFO - [2025-06-17T17:00:30.580+0000] {dag.py:3823} INFO - Setting next_dagrun for weather_to_kafka_dag to 2025-06-17 16:55:00+00:00, run_after=2025-06-17 17:00:00+00:00
[2025-06-17T17:00:30.650+0000] {processor.py:183} INFO - Processing /opt/airflow/dags/weather_to_kafka_dag.py took 0.204 seconds
[2025-06-17T17:01:01.485+0000] {processor.py:161} INFO - Started process (PID=100) to work on /opt/airflow/dags/weather_to_kafka_dag.py
[2025-06-17T17:01:01.486+0000] {processor.py:830} INFO - Processing file /opt/airflow/dags/weather_to_kafka_dag.py for tasks to queue
[2025-06-17T17:01:01.488+0000] {logging_mixin.py:188} INFO - [2025-06-17T17:01:01.488+0000] {dagbag.py:538} INFO - Filling up the DagBag from /opt/airflow/dags/weather_to_kafka_dag.py
[2025-06-17T17:01:01.515+0000] {processor.py:840} INFO - DAG(s) 'weather_to_kafka_dag' retrieved from /opt/airflow/dags/weather_to_kafka_dag.py
[2025-06-17T17:01:01.575+0000] {logging_mixin.py:188} INFO - [2025-06-17T17:01:01.575+0000] {dag.py:3036} INFO - Sync 1 DAGs
[2025-06-17T17:01:01.620+0000] {logging_mixin.py:188} INFO - [2025-06-17T17:01:01.620+0000] {dag.py:3823} INFO - Setting next_dagrun for weather_to_kafka_dag to 2025-06-17 16:55:00+00:00, run_after=2025-06-17 17:00:00+00:00
[2025-06-17T17:01:01.707+0000] {processor.py:183} INFO - Processing /opt/airflow/dags/weather_to_kafka_dag.py took 0.226 seconds
[2025-06-17T17:01:32.590+0000] {processor.py:161} INFO - Started process (PID=101) to work on /opt/airflow/dags/weather_to_kafka_dag.py
[2025-06-17T17:01:32.592+0000] {processor.py:830} INFO - Processing file /opt/airflow/dags/weather_to_kafka_dag.py for tasks to queue
[2025-06-17T17:01:32.593+0000] {logging_mixin.py:188} INFO - [2025-06-17T17:01:32.593+0000] {dagbag.py:538} INFO - Filling up the DagBag from /opt/airflow/dags/weather_to_kafka_dag.py
[2025-06-17T17:01:32.622+0000] {processor.py:840} INFO - DAG(s) 'weather_to_kafka_dag' retrieved from /opt/airflow/dags/weather_to_kafka_dag.py
[2025-06-17T17:01:32.672+0000] {logging_mixin.py:188} INFO - [2025-06-17T17:01:32.672+0000] {dag.py:3036} INFO - Sync 1 DAGs
[2025-06-17T17:01:32.712+0000] {logging_mixin.py:188} INFO - [2025-06-17T17:01:32.712+0000] {dag.py:3823} INFO - Setting next_dagrun for weather_to_kafka_dag to 2025-06-17 16:55:00+00:00, run_after=2025-06-17 17:00:00+00:00
[2025-06-17T17:01:32.791+0000] {processor.py:183} INFO - Processing /opt/airflow/dags/weather_to_kafka_dag.py took 0.204 seconds
[2025-06-17T17:02:03.435+0000] {processor.py:161} INFO - Started process (PID=102) to work on /opt/airflow/dags/weather_to_kafka_dag.py
[2025-06-17T17:02:03.436+0000] {processor.py:830} INFO - Processing file /opt/airflow/dags/weather_to_kafka_dag.py for tasks to queue
[2025-06-17T17:02:03.437+0000] {logging_mixin.py:188} INFO - [2025-06-17T17:02:03.437+0000] {dagbag.py:538} INFO - Filling up the DagBag from /opt/airflow/dags/weather_to_kafka_dag.py
[2025-06-17T17:02:03.471+0000] {processor.py:840} INFO - DAG(s) 'weather_to_kafka_dag' retrieved from /opt/airflow/dags/weather_to_kafka_dag.py
[2025-06-17T17:02:03.514+0000] {logging_mixin.py:188} INFO - [2025-06-17T17:02:03.514+0000] {dag.py:3036} INFO - Sync 1 DAGs
[2025-06-17T17:02:03.553+0000] {logging_mixin.py:188} INFO - [2025-06-17T17:02:03.553+0000] {dag.py:3823} INFO - Setting next_dagrun for weather_to_kafka_dag to 2025-06-17 16:55:00+00:00, run_after=2025-06-17 17:00:00+00:00
[2025-06-17T17:02:03.620+0000] {processor.py:183} INFO - Processing /opt/airflow/dags/weather_to_kafka_dag.py took 0.189 seconds
[2025-06-17T17:02:33.955+0000] {processor.py:161} INFO - Started process (PID=103) to work on /opt/airflow/dags/weather_to_kafka_dag.py
[2025-06-17T17:02:33.956+0000] {processor.py:830} INFO - Processing file /opt/airflow/dags/weather_to_kafka_dag.py for tasks to queue
[2025-06-17T17:02:33.958+0000] {logging_mixin.py:188} INFO - [2025-06-17T17:02:33.957+0000] {dagbag.py:538} INFO - Filling up the DagBag from /opt/airflow/dags/weather_to_kafka_dag.py
[2025-06-17T17:02:33.986+0000] {processor.py:840} INFO - DAG(s) 'weather_to_kafka_dag' retrieved from /opt/airflow/dags/weather_to_kafka_dag.py
[2025-06-17T17:02:34.035+0000] {logging_mixin.py:188} INFO - [2025-06-17T17:02:34.034+0000] {dag.py:3036} INFO - Sync 1 DAGs
[2025-06-17T17:02:34.071+0000] {logging_mixin.py:188} INFO - [2025-06-17T17:02:34.071+0000] {dag.py:3823} INFO - Setting next_dagrun for weather_to_kafka_dag to 2025-06-17 16:55:00+00:00, run_after=2025-06-17 17:00:00+00:00
[2025-06-17T17:02:34.164+0000] {processor.py:183} INFO - Processing /opt/airflow/dags/weather_to_kafka_dag.py took 0.213 seconds
[2025-06-17T17:03:04.573+0000] {processor.py:161} INFO - Started process (PID=104) to work on /opt/airflow/dags/weather_to_kafka_dag.py
[2025-06-17T17:03:04.574+0000] {processor.py:830} INFO - Processing file /opt/airflow/dags/weather_to_kafka_dag.py for tasks to queue
[2025-06-17T17:03:04.575+0000] {logging_mixin.py:188} INFO - [2025-06-17T17:03:04.575+0000] {dagbag.py:538} INFO - Filling up the DagBag from /opt/airflow/dags/weather_to_kafka_dag.py
[2025-06-17T17:03:04.607+0000] {processor.py:840} INFO - DAG(s) 'weather_to_kafka_dag' retrieved from /opt/airflow/dags/weather_to_kafka_dag.py
[2025-06-17T17:03:04.657+0000] {logging_mixin.py:188} INFO - [2025-06-17T17:03:04.657+0000] {dag.py:3036} INFO - Sync 1 DAGs
[2025-06-17T17:03:04.720+0000] {logging_mixin.py:188} INFO - [2025-06-17T17:03:04.720+0000] {dag.py:3823} INFO - Setting next_dagrun for weather_to_kafka_dag to 2025-06-17 16:55:00+00:00, run_after=2025-06-17 17:00:00+00:00
[2025-06-17T17:03:04.816+0000] {processor.py:183} INFO - Processing /opt/airflow/dags/weather_to_kafka_dag.py took 0.247 seconds
[2025-06-17T17:03:35.051+0000] {processor.py:161} INFO - Started process (PID=105) to work on /opt/airflow/dags/weather_to_kafka_dag.py
[2025-06-17T17:03:35.053+0000] {processor.py:830} INFO - Processing file /opt/airflow/dags/weather_to_kafka_dag.py for tasks to queue
[2025-06-17T17:03:35.054+0000] {logging_mixin.py:188} INFO - [2025-06-17T17:03:35.054+0000] {dagbag.py:538} INFO - Filling up the DagBag from /opt/airflow/dags/weather_to_kafka_dag.py
[2025-06-17T17:03:35.084+0000] {processor.py:840} INFO - DAG(s) 'weather_to_kafka_dag' retrieved from /opt/airflow/dags/weather_to_kafka_dag.py
[2025-06-17T17:03:35.123+0000] {logging_mixin.py:188} INFO - [2025-06-17T17:03:35.123+0000] {dag.py:3036} INFO - Sync 1 DAGs
[2025-06-17T17:03:35.170+0000] {logging_mixin.py:188} INFO - [2025-06-17T17:03:35.170+0000] {dag.py:3823} INFO - Setting next_dagrun for weather_to_kafka_dag to 2025-06-17 16:55:00+00:00, run_after=2025-06-17 17:00:00+00:00
[2025-06-17T17:03:35.239+0000] {processor.py:183} INFO - Processing /opt/airflow/dags/weather_to_kafka_dag.py took 0.192 seconds
[2025-06-17T17:04:05.633+0000] {processor.py:161} INFO - Started process (PID=106) to work on /opt/airflow/dags/weather_to_kafka_dag.py
[2025-06-17T17:04:05.634+0000] {processor.py:830} INFO - Processing file /opt/airflow/dags/weather_to_kafka_dag.py for tasks to queue
[2025-06-17T17:04:05.636+0000] {logging_mixin.py:188} INFO - [2025-06-17T17:04:05.636+0000] {dagbag.py:538} INFO - Filling up the DagBag from /opt/airflow/dags/weather_to_kafka_dag.py
[2025-06-17T17:04:05.667+0000] {processor.py:840} INFO - DAG(s) 'weather_to_kafka_dag' retrieved from /opt/airflow/dags/weather_to_kafka_dag.py
[2025-06-17T17:04:05.701+0000] {logging_mixin.py:188} INFO - [2025-06-17T17:04:05.701+0000] {dag.py:3036} INFO - Sync 1 DAGs
[2025-06-17T17:04:05.741+0000] {logging_mixin.py:188} INFO - [2025-06-17T17:04:05.740+0000] {dag.py:3823} INFO - Setting next_dagrun for weather_to_kafka_dag to 2025-06-17 16:55:00+00:00, run_after=2025-06-17 17:00:00+00:00
[2025-06-17T17:04:05.812+0000] {processor.py:183} INFO - Processing /opt/airflow/dags/weather_to_kafka_dag.py took 0.182 seconds
[2025-06-17T17:04:35.965+0000] {processor.py:161} INFO - Started process (PID=107) to work on /opt/airflow/dags/weather_to_kafka_dag.py
[2025-06-17T17:04:35.966+0000] {processor.py:830} INFO - Processing file /opt/airflow/dags/weather_to_kafka_dag.py for tasks to queue
[2025-06-17T17:04:35.971+0000] {logging_mixin.py:188} INFO - [2025-06-17T17:04:35.967+0000] {dagbag.py:538} INFO - Filling up the DagBag from /opt/airflow/dags/weather_to_kafka_dag.py
[2025-06-17T17:04:36.005+0000] {processor.py:840} INFO - DAG(s) 'weather_to_kafka_dag' retrieved from /opt/airflow/dags/weather_to_kafka_dag.py
[2025-06-17T17:04:36.049+0000] {logging_mixin.py:188} INFO - [2025-06-17T17:04:36.048+0000] {dag.py:3036} INFO - Sync 1 DAGs
[2025-06-17T17:04:36.089+0000] {logging_mixin.py:188} INFO - [2025-06-17T17:04:36.088+0000] {dag.py:3823} INFO - Setting next_dagrun for weather_to_kafka_dag to 2025-06-17 16:55:00+00:00, run_after=2025-06-17 17:00:00+00:00
[2025-06-17T17:04:36.166+0000] {processor.py:183} INFO - Processing /opt/airflow/dags/weather_to_kafka_dag.py took 0.205 seconds
[2025-06-17T17:05:06.674+0000] {processor.py:161} INFO - Started process (PID=108) to work on /opt/airflow/dags/weather_to_kafka_dag.py
[2025-06-17T17:05:06.675+0000] {processor.py:830} INFO - Processing file /opt/airflow/dags/weather_to_kafka_dag.py for tasks to queue
[2025-06-17T17:05:06.677+0000] {logging_mixin.py:188} INFO - [2025-06-17T17:05:06.677+0000] {dagbag.py:538} INFO - Filling up the DagBag from /opt/airflow/dags/weather_to_kafka_dag.py
[2025-06-17T17:05:06.707+0000] {processor.py:840} INFO - DAG(s) 'weather_to_kafka_dag' retrieved from /opt/airflow/dags/weather_to_kafka_dag.py
[2025-06-17T17:05:06.755+0000] {logging_mixin.py:188} INFO - [2025-06-17T17:05:06.755+0000] {dag.py:3036} INFO - Sync 1 DAGs
[2025-06-17T17:05:06.796+0000] {logging_mixin.py:188} INFO - [2025-06-17T17:05:06.796+0000] {dag.py:3823} INFO - Setting next_dagrun for weather_to_kafka_dag to 2025-06-17 17:00:00+00:00, run_after=2025-06-17 17:05:00+00:00
[2025-06-17T17:05:06.864+0000] {processor.py:183} INFO - Processing /opt/airflow/dags/weather_to_kafka_dag.py took 0.193 seconds
[2025-06-17T17:05:37.399+0000] {processor.py:161} INFO - Started process (PID=109) to work on /opt/airflow/dags/weather_to_kafka_dag.py
[2025-06-17T17:05:37.401+0000] {processor.py:830} INFO - Processing file /opt/airflow/dags/weather_to_kafka_dag.py for tasks to queue
[2025-06-17T17:05:37.402+0000] {logging_mixin.py:188} INFO - [2025-06-17T17:05:37.402+0000] {dagbag.py:538} INFO - Filling up the DagBag from /opt/airflow/dags/weather_to_kafka_dag.py
[2025-06-17T17:05:37.431+0000] {processor.py:840} INFO - DAG(s) 'weather_to_kafka_dag' retrieved from /opt/airflow/dags/weather_to_kafka_dag.py
[2025-06-17T17:05:37.480+0000] {logging_mixin.py:188} INFO - [2025-06-17T17:05:37.479+0000] {dag.py:3036} INFO - Sync 1 DAGs
[2025-06-17T17:05:37.517+0000] {logging_mixin.py:188} INFO - [2025-06-17T17:05:37.517+0000] {dag.py:3823} INFO - Setting next_dagrun for weather_to_kafka_dag to 2025-06-17 17:00:00+00:00, run_after=2025-06-17 17:05:00+00:00
[2025-06-17T17:05:37.590+0000] {processor.py:183} INFO - Processing /opt/airflow/dags/weather_to_kafka_dag.py took 0.209 seconds
[2025-06-17T17:06:07.934+0000] {processor.py:161} INFO - Started process (PID=110) to work on /opt/airflow/dags/weather_to_kafka_dag.py
[2025-06-17T17:06:07.935+0000] {processor.py:830} INFO - Processing file /opt/airflow/dags/weather_to_kafka_dag.py for tasks to queue
[2025-06-17T17:06:07.937+0000] {logging_mixin.py:188} INFO - [2025-06-17T17:06:07.937+0000] {dagbag.py:538} INFO - Filling up the DagBag from /opt/airflow/dags/weather_to_kafka_dag.py
[2025-06-17T17:06:07.966+0000] {processor.py:840} INFO - DAG(s) 'weather_to_kafka_dag' retrieved from /opt/airflow/dags/weather_to_kafka_dag.py
[2025-06-17T17:06:08.023+0000] {logging_mixin.py:188} INFO - [2025-06-17T17:06:08.022+0000] {dag.py:3036} INFO - Sync 1 DAGs
[2025-06-17T17:06:08.066+0000] {logging_mixin.py:188} INFO - [2025-06-17T17:06:08.066+0000] {dag.py:3823} INFO - Setting next_dagrun for weather_to_kafka_dag to 2025-06-17 17:00:00+00:00, run_after=2025-06-17 17:05:00+00:00
[2025-06-17T17:06:08.135+0000] {processor.py:183} INFO - Processing /opt/airflow/dags/weather_to_kafka_dag.py took 0.211 seconds
[2025-06-17T17:06:38.459+0000] {processor.py:161} INFO - Started process (PID=111) to work on /opt/airflow/dags/weather_to_kafka_dag.py
[2025-06-17T17:06:38.460+0000] {processor.py:830} INFO - Processing file /opt/airflow/dags/weather_to_kafka_dag.py for tasks to queue
[2025-06-17T17:06:38.462+0000] {logging_mixin.py:188} INFO - [2025-06-17T17:06:38.462+0000] {dagbag.py:538} INFO - Filling up the DagBag from /opt/airflow/dags/weather_to_kafka_dag.py
[2025-06-17T17:06:38.491+0000] {processor.py:840} INFO - DAG(s) 'weather_to_kafka_dag' retrieved from /opt/airflow/dags/weather_to_kafka_dag.py
[2025-06-17T17:06:38.539+0000] {logging_mixin.py:188} INFO - [2025-06-17T17:06:38.539+0000] {dag.py:3036} INFO - Sync 1 DAGs
[2025-06-17T17:06:38.577+0000] {logging_mixin.py:188} INFO - [2025-06-17T17:06:38.577+0000] {dag.py:3823} INFO - Setting next_dagrun for weather_to_kafka_dag to 2025-06-17 17:00:00+00:00, run_after=2025-06-17 17:05:00+00:00
[2025-06-17T17:06:38.639+0000] {processor.py:183} INFO - Processing /opt/airflow/dags/weather_to_kafka_dag.py took 0.183 seconds
[2025-06-17T17:07:08.805+0000] {processor.py:161} INFO - Started process (PID=112) to work on /opt/airflow/dags/weather_to_kafka_dag.py
[2025-06-17T17:07:08.807+0000] {processor.py:830} INFO - Processing file /opt/airflow/dags/weather_to_kafka_dag.py for tasks to queue
[2025-06-17T17:07:08.808+0000] {logging_mixin.py:188} INFO - [2025-06-17T17:07:08.808+0000] {dagbag.py:538} INFO - Filling up the DagBag from /opt/airflow/dags/weather_to_kafka_dag.py
[2025-06-17T17:07:08.838+0000] {processor.py:840} INFO - DAG(s) 'weather_to_kafka_dag' retrieved from /opt/airflow/dags/weather_to_kafka_dag.py
[2025-06-17T17:07:08.884+0000] {logging_mixin.py:188} INFO - [2025-06-17T17:07:08.883+0000] {dag.py:3036} INFO - Sync 1 DAGs
[2025-06-17T17:07:08.928+0000] {logging_mixin.py:188} INFO - [2025-06-17T17:07:08.927+0000] {dag.py:3823} INFO - Setting next_dagrun for weather_to_kafka_dag to 2025-06-17 17:00:00+00:00, run_after=2025-06-17 17:05:00+00:00
[2025-06-17T17:07:09.017+0000] {processor.py:183} INFO - Processing /opt/airflow/dags/weather_to_kafka_dag.py took 0.216 seconds
[2025-06-17T17:07:39.488+0000] {processor.py:161} INFO - Started process (PID=113) to work on /opt/airflow/dags/weather_to_kafka_dag.py
[2025-06-17T17:07:39.489+0000] {processor.py:830} INFO - Processing file /opt/airflow/dags/weather_to_kafka_dag.py for tasks to queue
[2025-06-17T17:07:39.491+0000] {logging_mixin.py:188} INFO - [2025-06-17T17:07:39.490+0000] {dagbag.py:538} INFO - Filling up the DagBag from /opt/airflow/dags/weather_to_kafka_dag.py
[2025-06-17T17:07:39.526+0000] {processor.py:840} INFO - DAG(s) 'weather_to_kafka_dag' retrieved from /opt/airflow/dags/weather_to_kafka_dag.py
[2025-06-17T17:07:39.581+0000] {logging_mixin.py:188} INFO - [2025-06-17T17:07:39.580+0000] {dag.py:3036} INFO - Sync 1 DAGs
[2025-06-17T17:07:39.618+0000] {logging_mixin.py:188} INFO - [2025-06-17T17:07:39.618+0000] {dag.py:3823} INFO - Setting next_dagrun for weather_to_kafka_dag to 2025-06-17 17:00:00+00:00, run_after=2025-06-17 17:05:00+00:00
[2025-06-17T17:07:39.691+0000] {processor.py:183} INFO - Processing /opt/airflow/dags/weather_to_kafka_dag.py took 0.206 seconds
[2025-06-17T17:08:10.037+0000] {processor.py:161} INFO - Started process (PID=114) to work on /opt/airflow/dags/weather_to_kafka_dag.py
[2025-06-17T17:08:10.038+0000] {processor.py:830} INFO - Processing file /opt/airflow/dags/weather_to_kafka_dag.py for tasks to queue
[2025-06-17T17:08:10.039+0000] {logging_mixin.py:188} INFO - [2025-06-17T17:08:10.039+0000] {dagbag.py:538} INFO - Filling up the DagBag from /opt/airflow/dags/weather_to_kafka_dag.py
[2025-06-17T17:08:10.072+0000] {processor.py:840} INFO - DAG(s) 'weather_to_kafka_dag' retrieved from /opt/airflow/dags/weather_to_kafka_dag.py
[2025-06-17T17:08:10.110+0000] {logging_mixin.py:188} INFO - [2025-06-17T17:08:10.109+0000] {dag.py:3036} INFO - Sync 1 DAGs
[2025-06-17T17:08:10.144+0000] {logging_mixin.py:188} INFO - [2025-06-17T17:08:10.144+0000] {dag.py:3823} INFO - Setting next_dagrun for weather_to_kafka_dag to 2025-06-17 17:00:00+00:00, run_after=2025-06-17 17:05:00+00:00
[2025-06-17T17:08:10.222+0000] {processor.py:183} INFO - Processing /opt/airflow/dags/weather_to_kafka_dag.py took 0.195 seconds
[2025-06-17T17:08:40.637+0000] {processor.py:161} INFO - Started process (PID=115) to work on /opt/airflow/dags/weather_to_kafka_dag.py
[2025-06-17T17:08:40.638+0000] {processor.py:830} INFO - Processing file /opt/airflow/dags/weather_to_kafka_dag.py for tasks to queue
[2025-06-17T17:08:40.639+0000] {logging_mixin.py:188} INFO - [2025-06-17T17:08:40.639+0000] {dagbag.py:538} INFO - Filling up the DagBag from /opt/airflow/dags/weather_to_kafka_dag.py
[2025-06-17T17:08:40.664+0000] {processor.py:840} INFO - DAG(s) 'weather_to_kafka_dag' retrieved from /opt/airflow/dags/weather_to_kafka_dag.py
[2025-06-17T17:08:40.703+0000] {logging_mixin.py:188} INFO - [2025-06-17T17:08:40.703+0000] {dag.py:3036} INFO - Sync 1 DAGs
[2025-06-17T17:08:40.739+0000] {logging_mixin.py:188} INFO - [2025-06-17T17:08:40.739+0000] {dag.py:3823} INFO - Setting next_dagrun for weather_to_kafka_dag to 2025-06-17 17:00:00+00:00, run_after=2025-06-17 17:05:00+00:00
[2025-06-17T17:08:40.811+0000] {processor.py:183} INFO - Processing /opt/airflow/dags/weather_to_kafka_dag.py took 0.178 seconds
[2025-06-17T17:09:11.051+0000] {processor.py:161} INFO - Started process (PID=116) to work on /opt/airflow/dags/weather_to_kafka_dag.py
[2025-06-17T17:09:11.053+0000] {processor.py:830} INFO - Processing file /opt/airflow/dags/weather_to_kafka_dag.py for tasks to queue
[2025-06-17T17:09:11.054+0000] {logging_mixin.py:188} INFO - [2025-06-17T17:09:11.054+0000] {dagbag.py:538} INFO - Filling up the DagBag from /opt/airflow/dags/weather_to_kafka_dag.py
[2025-06-17T17:09:11.086+0000] {processor.py:840} INFO - DAG(s) 'weather_to_kafka_dag' retrieved from /opt/airflow/dags/weather_to_kafka_dag.py
[2025-06-17T17:09:11.132+0000] {logging_mixin.py:188} INFO - [2025-06-17T17:09:11.132+0000] {dag.py:3036} INFO - Sync 1 DAGs
[2025-06-17T17:09:11.174+0000] {logging_mixin.py:188} INFO - [2025-06-17T17:09:11.174+0000] {dag.py:3823} INFO - Setting next_dagrun for weather_to_kafka_dag to 2025-06-17 17:00:00+00:00, run_after=2025-06-17 17:05:00+00:00
[2025-06-17T17:09:11.290+0000] {processor.py:183} INFO - Processing /opt/airflow/dags/weather_to_kafka_dag.py took 0.247 seconds
[2025-06-17T17:09:41.654+0000] {processor.py:161} INFO - Started process (PID=117) to work on /opt/airflow/dags/weather_to_kafka_dag.py
[2025-06-17T17:09:41.655+0000] {processor.py:830} INFO - Processing file /opt/airflow/dags/weather_to_kafka_dag.py for tasks to queue
[2025-06-17T17:09:41.657+0000] {logging_mixin.py:188} INFO - [2025-06-17T17:09:41.656+0000] {dagbag.py:538} INFO - Filling up the DagBag from /opt/airflow/dags/weather_to_kafka_dag.py
[2025-06-17T17:09:41.683+0000] {processor.py:840} INFO - DAG(s) 'weather_to_kafka_dag' retrieved from /opt/airflow/dags/weather_to_kafka_dag.py
[2025-06-17T17:09:41.722+0000] {logging_mixin.py:188} INFO - [2025-06-17T17:09:41.722+0000] {dag.py:3036} INFO - Sync 1 DAGs
[2025-06-17T17:09:41.760+0000] {logging_mixin.py:188} INFO - [2025-06-17T17:09:41.760+0000] {dag.py:3823} INFO - Setting next_dagrun for weather_to_kafka_dag to 2025-06-17 17:00:00+00:00, run_after=2025-06-17 17:05:00+00:00
[2025-06-17T17:09:41.828+0000] {processor.py:183} INFO - Processing /opt/airflow/dags/weather_to_kafka_dag.py took 0.178 seconds
[2025-06-17T17:10:12.105+0000] {processor.py:161} INFO - Started process (PID=118) to work on /opt/airflow/dags/weather_to_kafka_dag.py
[2025-06-17T17:10:12.106+0000] {processor.py:830} INFO - Processing file /opt/airflow/dags/weather_to_kafka_dag.py for tasks to queue
[2025-06-17T17:10:12.108+0000] {logging_mixin.py:188} INFO - [2025-06-17T17:10:12.108+0000] {dagbag.py:538} INFO - Filling up the DagBag from /opt/airflow/dags/weather_to_kafka_dag.py
[2025-06-17T17:10:12.151+0000] {processor.py:840} INFO - DAG(s) 'weather_to_kafka_dag' retrieved from /opt/airflow/dags/weather_to_kafka_dag.py
[2025-06-17T17:10:12.195+0000] {logging_mixin.py:188} INFO - [2025-06-17T17:10:12.195+0000] {dag.py:3036} INFO - Sync 1 DAGs
[2025-06-17T17:10:12.232+0000] {logging_mixin.py:188} INFO - [2025-06-17T17:10:12.232+0000] {dag.py:3823} INFO - Setting next_dagrun for weather_to_kafka_dag to 2025-06-17 17:05:00+00:00, run_after=2025-06-17 17:10:00+00:00
[2025-06-17T17:10:12.324+0000] {processor.py:183} INFO - Processing /opt/airflow/dags/weather_to_kafka_dag.py took 0.222 seconds
[2025-06-17T17:10:42.535+0000] {processor.py:161} INFO - Started process (PID=119) to work on /opt/airflow/dags/weather_to_kafka_dag.py
[2025-06-17T17:10:42.536+0000] {processor.py:830} INFO - Processing file /opt/airflow/dags/weather_to_kafka_dag.py for tasks to queue
[2025-06-17T17:10:42.537+0000] {logging_mixin.py:188} INFO - [2025-06-17T17:10:42.537+0000] {dagbag.py:538} INFO - Filling up the DagBag from /opt/airflow/dags/weather_to_kafka_dag.py
[2025-06-17T17:10:42.568+0000] {processor.py:840} INFO - DAG(s) 'weather_to_kafka_dag' retrieved from /opt/airflow/dags/weather_to_kafka_dag.py
[2025-06-17T17:10:42.605+0000] {logging_mixin.py:188} INFO - [2025-06-17T17:10:42.605+0000] {dag.py:3036} INFO - Sync 1 DAGs
[2025-06-17T17:10:42.637+0000] {logging_mixin.py:188} INFO - [2025-06-17T17:10:42.637+0000] {dag.py:3823} INFO - Setting next_dagrun for weather_to_kafka_dag to 2025-06-17 17:05:00+00:00, run_after=2025-06-17 17:10:00+00:00
[2025-06-17T17:10:42.709+0000] {processor.py:183} INFO - Processing /opt/airflow/dags/weather_to_kafka_dag.py took 0.178 seconds
[2025-06-17T17:11:13.039+0000] {processor.py:161} INFO - Started process (PID=120) to work on /opt/airflow/dags/weather_to_kafka_dag.py
[2025-06-17T17:11:13.040+0000] {processor.py:830} INFO - Processing file /opt/airflow/dags/weather_to_kafka_dag.py for tasks to queue
[2025-06-17T17:11:13.041+0000] {logging_mixin.py:188} INFO - [2025-06-17T17:11:13.041+0000] {dagbag.py:538} INFO - Filling up the DagBag from /opt/airflow/dags/weather_to_kafka_dag.py
[2025-06-17T17:11:13.072+0000] {processor.py:840} INFO - DAG(s) 'weather_to_kafka_dag' retrieved from /opt/airflow/dags/weather_to_kafka_dag.py
[2025-06-17T17:11:13.122+0000] {logging_mixin.py:188} INFO - [2025-06-17T17:11:13.121+0000] {dag.py:3036} INFO - Sync 1 DAGs
[2025-06-17T17:11:13.160+0000] {logging_mixin.py:188} INFO - [2025-06-17T17:11:13.160+0000] {dag.py:3823} INFO - Setting next_dagrun for weather_to_kafka_dag to 2025-06-17 17:05:00+00:00, run_after=2025-06-17 17:10:00+00:00
[2025-06-17T17:11:13.236+0000] {processor.py:183} INFO - Processing /opt/airflow/dags/weather_to_kafka_dag.py took 0.201 seconds
[2025-06-17T17:11:43.579+0000] {processor.py:161} INFO - Started process (PID=121) to work on /opt/airflow/dags/weather_to_kafka_dag.py
[2025-06-17T17:11:43.580+0000] {processor.py:830} INFO - Processing file /opt/airflow/dags/weather_to_kafka_dag.py for tasks to queue
[2025-06-17T17:11:43.582+0000] {logging_mixin.py:188} INFO - [2025-06-17T17:11:43.582+0000] {dagbag.py:538} INFO - Filling up the DagBag from /opt/airflow/dags/weather_to_kafka_dag.py
[2025-06-17T17:11:43.630+0000] {processor.py:840} INFO - DAG(s) 'weather_to_kafka_dag' retrieved from /opt/airflow/dags/weather_to_kafka_dag.py
[2025-06-17T17:11:43.676+0000] {logging_mixin.py:188} INFO - [2025-06-17T17:11:43.676+0000] {dag.py:3036} INFO - Sync 1 DAGs
[2025-06-17T17:11:43.716+0000] {logging_mixin.py:188} INFO - [2025-06-17T17:11:43.715+0000] {dag.py:3823} INFO - Setting next_dagrun for weather_to_kafka_dag to 2025-06-17 17:05:00+00:00, run_after=2025-06-17 17:10:00+00:00
[2025-06-17T17:11:43.783+0000] {processor.py:183} INFO - Processing /opt/airflow/dags/weather_to_kafka_dag.py took 0.208 seconds
[2025-06-17T17:12:14.186+0000] {processor.py:161} INFO - Started process (PID=122) to work on /opt/airflow/dags/weather_to_kafka_dag.py
[2025-06-17T17:12:14.188+0000] {processor.py:830} INFO - Processing file /opt/airflow/dags/weather_to_kafka_dag.py for tasks to queue
[2025-06-17T17:12:14.189+0000] {logging_mixin.py:188} INFO - [2025-06-17T17:12:14.189+0000] {dagbag.py:538} INFO - Filling up the DagBag from /opt/airflow/dags/weather_to_kafka_dag.py
[2025-06-17T17:12:14.223+0000] {processor.py:840} INFO - DAG(s) 'weather_to_kafka_dag' retrieved from /opt/airflow/dags/weather_to_kafka_dag.py
[2025-06-17T17:12:14.262+0000] {logging_mixin.py:188} INFO - [2025-06-17T17:12:14.262+0000] {dag.py:3036} INFO - Sync 1 DAGs
[2025-06-17T17:12:14.307+0000] {logging_mixin.py:188} INFO - [2025-06-17T17:12:14.307+0000] {dag.py:3823} INFO - Setting next_dagrun for weather_to_kafka_dag to 2025-06-17 17:05:00+00:00, run_after=2025-06-17 17:10:00+00:00
[2025-06-17T17:12:14.373+0000] {processor.py:183} INFO - Processing /opt/airflow/dags/weather_to_kafka_dag.py took 0.190 seconds
[2025-06-17T17:12:44.850+0000] {processor.py:161} INFO - Started process (PID=123) to work on /opt/airflow/dags/weather_to_kafka_dag.py
[2025-06-17T17:12:44.854+0000] {processor.py:830} INFO - Processing file /opt/airflow/dags/weather_to_kafka_dag.py for tasks to queue
[2025-06-17T17:12:44.857+0000] {logging_mixin.py:188} INFO - [2025-06-17T17:12:44.856+0000] {dagbag.py:538} INFO - Filling up the DagBag from /opt/airflow/dags/weather_to_kafka_dag.py
[2025-06-17T17:12:44.921+0000] {processor.py:840} INFO - DAG(s) 'weather_to_kafka_dag' retrieved from /opt/airflow/dags/weather_to_kafka_dag.py
[2025-06-17T17:12:44.984+0000] {logging_mixin.py:188} INFO - [2025-06-17T17:12:44.984+0000] {dag.py:3036} INFO - Sync 1 DAGs
[2025-06-17T17:12:45.032+0000] {logging_mixin.py:188} INFO - [2025-06-17T17:12:45.031+0000] {dag.py:3823} INFO - Setting next_dagrun for weather_to_kafka_dag to 2025-06-17 17:05:00+00:00, run_after=2025-06-17 17:10:00+00:00
[2025-06-17T17:12:45.100+0000] {processor.py:183} INFO - Processing /opt/airflow/dags/weather_to_kafka_dag.py took 0.262 seconds
[2025-06-17T17:13:15.445+0000] {processor.py:161} INFO - Started process (PID=124) to work on /opt/airflow/dags/weather_to_kafka_dag.py
[2025-06-17T17:13:15.446+0000] {processor.py:830} INFO - Processing file /opt/airflow/dags/weather_to_kafka_dag.py for tasks to queue
[2025-06-17T17:13:15.447+0000] {logging_mixin.py:188} INFO - [2025-06-17T17:13:15.447+0000] {dagbag.py:538} INFO - Filling up the DagBag from /opt/airflow/dags/weather_to_kafka_dag.py
[2025-06-17T17:13:15.482+0000] {processor.py:840} INFO - DAG(s) 'weather_to_kafka_dag' retrieved from /opt/airflow/dags/weather_to_kafka_dag.py
[2025-06-17T17:13:15.523+0000] {logging_mixin.py:188} INFO - [2025-06-17T17:13:15.522+0000] {dag.py:3036} INFO - Sync 1 DAGs
[2025-06-17T17:13:15.561+0000] {logging_mixin.py:188} INFO - [2025-06-17T17:13:15.561+0000] {dag.py:3823} INFO - Setting next_dagrun for weather_to_kafka_dag to 2025-06-17 17:05:00+00:00, run_after=2025-06-17 17:10:00+00:00
[2025-06-17T17:13:15.644+0000] {processor.py:183} INFO - Processing /opt/airflow/dags/weather_to_kafka_dag.py took 0.204 seconds
[2025-06-17T17:13:46.019+0000] {processor.py:161} INFO - Started process (PID=125) to work on /opt/airflow/dags/weather_to_kafka_dag.py
[2025-06-17T17:13:46.020+0000] {processor.py:830} INFO - Processing file /opt/airflow/dags/weather_to_kafka_dag.py for tasks to queue
[2025-06-17T17:13:46.022+0000] {logging_mixin.py:188} INFO - [2025-06-17T17:13:46.021+0000] {dagbag.py:538} INFO - Filling up the DagBag from /opt/airflow/dags/weather_to_kafka_dag.py
[2025-06-17T17:13:46.054+0000] {processor.py:840} INFO - DAG(s) 'weather_to_kafka_dag' retrieved from /opt/airflow/dags/weather_to_kafka_dag.py
[2025-06-17T17:13:46.119+0000] {logging_mixin.py:188} INFO - [2025-06-17T17:13:46.118+0000] {dag.py:3036} INFO - Sync 1 DAGs
[2025-06-17T17:13:46.171+0000] {logging_mixin.py:188} INFO - [2025-06-17T17:13:46.170+0000] {dag.py:3823} INFO - Setting next_dagrun for weather_to_kafka_dag to 2025-06-17 17:05:00+00:00, run_after=2025-06-17 17:10:00+00:00
[2025-06-17T17:13:46.274+0000] {processor.py:183} INFO - Processing /opt/airflow/dags/weather_to_kafka_dag.py took 0.259 seconds
[2025-06-17T17:14:16.381+0000] {processor.py:161} INFO - Started process (PID=126) to work on /opt/airflow/dags/weather_to_kafka_dag.py
[2025-06-17T17:14:16.382+0000] {processor.py:830} INFO - Processing file /opt/airflow/dags/weather_to_kafka_dag.py for tasks to queue
[2025-06-17T17:14:16.383+0000] {logging_mixin.py:188} INFO - [2025-06-17T17:14:16.383+0000] {dagbag.py:538} INFO - Filling up the DagBag from /opt/airflow/dags/weather_to_kafka_dag.py
[2025-06-17T17:14:16.412+0000] {processor.py:840} INFO - DAG(s) 'weather_to_kafka_dag' retrieved from /opt/airflow/dags/weather_to_kafka_dag.py
[2025-06-17T17:14:16.451+0000] {logging_mixin.py:188} INFO - [2025-06-17T17:14:16.451+0000] {dag.py:3036} INFO - Sync 1 DAGs
[2025-06-17T17:14:16.495+0000] {logging_mixin.py:188} INFO - [2025-06-17T17:14:16.495+0000] {dag.py:3823} INFO - Setting next_dagrun for weather_to_kafka_dag to 2025-06-17 17:05:00+00:00, run_after=2025-06-17 17:10:00+00:00
[2025-06-17T17:14:16.560+0000] {processor.py:183} INFO - Processing /opt/airflow/dags/weather_to_kafka_dag.py took 0.191 seconds
[2025-06-17T17:14:46.985+0000] {processor.py:161} INFO - Started process (PID=127) to work on /opt/airflow/dags/weather_to_kafka_dag.py
[2025-06-17T17:14:46.987+0000] {processor.py:830} INFO - Processing file /opt/airflow/dags/weather_to_kafka_dag.py for tasks to queue
[2025-06-17T17:14:46.988+0000] {logging_mixin.py:188} INFO - [2025-06-17T17:14:46.988+0000] {dagbag.py:538} INFO - Filling up the DagBag from /opt/airflow/dags/weather_to_kafka_dag.py
[2025-06-17T17:14:47.019+0000] {processor.py:840} INFO - DAG(s) 'weather_to_kafka_dag' retrieved from /opt/airflow/dags/weather_to_kafka_dag.py
[2025-06-17T17:14:47.057+0000] {logging_mixin.py:188} INFO - [2025-06-17T17:14:47.056+0000] {dag.py:3036} INFO - Sync 1 DAGs
[2025-06-17T17:14:47.100+0000] {logging_mixin.py:188} INFO - [2025-06-17T17:14:47.100+0000] {dag.py:3823} INFO - Setting next_dagrun for weather_to_kafka_dag to 2025-06-17 17:05:00+00:00, run_after=2025-06-17 17:10:00+00:00
[2025-06-17T17:14:47.167+0000] {processor.py:183} INFO - Processing /opt/airflow/dags/weather_to_kafka_dag.py took 0.185 seconds
[2025-06-17T17:15:17.637+0000] {processor.py:161} INFO - Started process (PID=128) to work on /opt/airflow/dags/weather_to_kafka_dag.py
[2025-06-17T17:15:17.638+0000] {processor.py:830} INFO - Processing file /opt/airflow/dags/weather_to_kafka_dag.py for tasks to queue
[2025-06-17T17:15:17.639+0000] {logging_mixin.py:188} INFO - [2025-06-17T17:15:17.639+0000] {dagbag.py:538} INFO - Filling up the DagBag from /opt/airflow/dags/weather_to_kafka_dag.py
[2025-06-17T17:15:17.677+0000] {processor.py:840} INFO - DAG(s) 'weather_to_kafka_dag' retrieved from /opt/airflow/dags/weather_to_kafka_dag.py
[2025-06-17T17:15:17.717+0000] {logging_mixin.py:188} INFO - [2025-06-17T17:15:17.716+0000] {dag.py:3036} INFO - Sync 1 DAGs
[2025-06-17T17:15:17.755+0000] {logging_mixin.py:188} INFO - [2025-06-17T17:15:17.754+0000] {dag.py:3823} INFO - Setting next_dagrun for weather_to_kafka_dag to 2025-06-17 17:10:00+00:00, run_after=2025-06-17 17:15:00+00:00
[2025-06-17T17:15:17.833+0000] {processor.py:183} INFO - Processing /opt/airflow/dags/weather_to_kafka_dag.py took 0.200 seconds
[2025-06-17T17:15:48.260+0000] {processor.py:161} INFO - Started process (PID=129) to work on /opt/airflow/dags/weather_to_kafka_dag.py
[2025-06-17T17:15:48.261+0000] {processor.py:830} INFO - Processing file /opt/airflow/dags/weather_to_kafka_dag.py for tasks to queue
[2025-06-17T17:15:48.263+0000] {logging_mixin.py:188} INFO - [2025-06-17T17:15:48.262+0000] {dagbag.py:538} INFO - Filling up the DagBag from /opt/airflow/dags/weather_to_kafka_dag.py
[2025-06-17T17:15:48.290+0000] {processor.py:840} INFO - DAG(s) 'weather_to_kafka_dag' retrieved from /opt/airflow/dags/weather_to_kafka_dag.py
[2025-06-17T17:15:48.329+0000] {logging_mixin.py:188} INFO - [2025-06-17T17:15:48.328+0000] {dag.py:3036} INFO - Sync 1 DAGs
[2025-06-17T17:15:48.365+0000] {logging_mixin.py:188} INFO - [2025-06-17T17:15:48.365+0000] {dag.py:3823} INFO - Setting next_dagrun for weather_to_kafka_dag to 2025-06-17 17:10:00+00:00, run_after=2025-06-17 17:15:00+00:00
[2025-06-17T17:15:48.441+0000] {processor.py:183} INFO - Processing /opt/airflow/dags/weather_to_kafka_dag.py took 0.184 seconds
[2025-06-17T17:16:18.704+0000] {processor.py:161} INFO - Started process (PID=130) to work on /opt/airflow/dags/weather_to_kafka_dag.py
[2025-06-17T17:16:18.705+0000] {processor.py:830} INFO - Processing file /opt/airflow/dags/weather_to_kafka_dag.py for tasks to queue
[2025-06-17T17:16:18.707+0000] {logging_mixin.py:188} INFO - [2025-06-17T17:16:18.706+0000] {dagbag.py:538} INFO - Filling up the DagBag from /opt/airflow/dags/weather_to_kafka_dag.py
[2025-06-17T17:16:18.739+0000] {processor.py:840} INFO - DAG(s) 'weather_to_kafka_dag' retrieved from /opt/airflow/dags/weather_to_kafka_dag.py
[2025-06-17T17:16:18.778+0000] {logging_mixin.py:188} INFO - [2025-06-17T17:16:18.778+0000] {dag.py:3036} INFO - Sync 1 DAGs
[2025-06-17T17:16:18.815+0000] {logging_mixin.py:188} INFO - [2025-06-17T17:16:18.815+0000] {dag.py:3823} INFO - Setting next_dagrun for weather_to_kafka_dag to 2025-06-17 17:10:00+00:00, run_after=2025-06-17 17:15:00+00:00
[2025-06-17T17:16:18.884+0000] {processor.py:183} INFO - Processing /opt/airflow/dags/weather_to_kafka_dag.py took 0.183 seconds
[2025-06-17T17:16:49.202+0000] {processor.py:161} INFO - Started process (PID=131) to work on /opt/airflow/dags/weather_to_kafka_dag.py
[2025-06-17T17:16:49.204+0000] {processor.py:830} INFO - Processing file /opt/airflow/dags/weather_to_kafka_dag.py for tasks to queue
[2025-06-17T17:16:49.205+0000] {logging_mixin.py:188} INFO - [2025-06-17T17:16:49.205+0000] {dagbag.py:538} INFO - Filling up the DagBag from /opt/airflow/dags/weather_to_kafka_dag.py
[2025-06-17T17:16:49.232+0000] {processor.py:840} INFO - DAG(s) 'weather_to_kafka_dag' retrieved from /opt/airflow/dags/weather_to_kafka_dag.py
[2025-06-17T17:16:49.274+0000] {logging_mixin.py:188} INFO - [2025-06-17T17:16:49.274+0000] {dag.py:3036} INFO - Sync 1 DAGs
[2025-06-17T17:16:49.330+0000] {logging_mixin.py:188} INFO - [2025-06-17T17:16:49.330+0000] {dag.py:3823} INFO - Setting next_dagrun for weather_to_kafka_dag to 2025-06-17 17:10:00+00:00, run_after=2025-06-17 17:15:00+00:00
[2025-06-17T17:16:49.415+0000] {processor.py:183} INFO - Processing /opt/airflow/dags/weather_to_kafka_dag.py took 0.216 seconds
[2025-06-17T17:17:19.758+0000] {processor.py:161} INFO - Started process (PID=132) to work on /opt/airflow/dags/weather_to_kafka_dag.py
[2025-06-17T17:17:19.759+0000] {processor.py:830} INFO - Processing file /opt/airflow/dags/weather_to_kafka_dag.py for tasks to queue
[2025-06-17T17:17:19.761+0000] {logging_mixin.py:188} INFO - [2025-06-17T17:17:19.760+0000] {dagbag.py:538} INFO - Filling up the DagBag from /opt/airflow/dags/weather_to_kafka_dag.py
[2025-06-17T17:17:19.792+0000] {processor.py:840} INFO - DAG(s) 'weather_to_kafka_dag' retrieved from /opt/airflow/dags/weather_to_kafka_dag.py
[2025-06-17T17:17:19.831+0000] {logging_mixin.py:188} INFO - [2025-06-17T17:17:19.831+0000] {dag.py:3036} INFO - Sync 1 DAGs
[2025-06-17T17:17:19.868+0000] {logging_mixin.py:188} INFO - [2025-06-17T17:17:19.868+0000] {dag.py:3823} INFO - Setting next_dagrun for weather_to_kafka_dag to 2025-06-17 17:10:00+00:00, run_after=2025-06-17 17:15:00+00:00
[2025-06-17T17:17:19.932+0000] {processor.py:183} INFO - Processing /opt/airflow/dags/weather_to_kafka_dag.py took 0.196 seconds
[2025-06-17T17:17:50.379+0000] {processor.py:161} INFO - Started process (PID=133) to work on /opt/airflow/dags/weather_to_kafka_dag.py
[2025-06-17T17:17:50.380+0000] {processor.py:830} INFO - Processing file /opt/airflow/dags/weather_to_kafka_dag.py for tasks to queue
[2025-06-17T17:17:50.382+0000] {logging_mixin.py:188} INFO - [2025-06-17T17:17:50.381+0000] {dagbag.py:538} INFO - Filling up the DagBag from /opt/airflow/dags/weather_to_kafka_dag.py
[2025-06-17T17:17:50.412+0000] {processor.py:840} INFO - DAG(s) 'weather_to_kafka_dag' retrieved from /opt/airflow/dags/weather_to_kafka_dag.py
[2025-06-17T17:17:50.451+0000] {logging_mixin.py:188} INFO - [2025-06-17T17:17:50.451+0000] {dag.py:3036} INFO - Sync 1 DAGs
[2025-06-17T17:17:50.489+0000] {logging_mixin.py:188} INFO - [2025-06-17T17:17:50.488+0000] {dag.py:3823} INFO - Setting next_dagrun for weather_to_kafka_dag to 2025-06-17 17:10:00+00:00, run_after=2025-06-17 17:15:00+00:00
[2025-06-17T17:17:50.562+0000] {processor.py:183} INFO - Processing /opt/airflow/dags/weather_to_kafka_dag.py took 0.187 seconds
[2025-06-17T17:18:20.751+0000] {processor.py:161} INFO - Started process (PID=134) to work on /opt/airflow/dags/weather_to_kafka_dag.py
[2025-06-17T17:18:20.753+0000] {processor.py:830} INFO - Processing file /opt/airflow/dags/weather_to_kafka_dag.py for tasks to queue
[2025-06-17T17:18:20.754+0000] {logging_mixin.py:188} INFO - [2025-06-17T17:18:20.754+0000] {dagbag.py:538} INFO - Filling up the DagBag from /opt/airflow/dags/weather_to_kafka_dag.py
[2025-06-17T17:18:20.784+0000] {processor.py:840} INFO - DAG(s) 'weather_to_kafka_dag' retrieved from /opt/airflow/dags/weather_to_kafka_dag.py
[2025-06-17T17:18:20.823+0000] {logging_mixin.py:188} INFO - [2025-06-17T17:18:20.823+0000] {dag.py:3036} INFO - Sync 1 DAGs
[2025-06-17T17:18:20.860+0000] {logging_mixin.py:188} INFO - [2025-06-17T17:18:20.859+0000] {dag.py:3823} INFO - Setting next_dagrun for weather_to_kafka_dag to 2025-06-17 17:10:00+00:00, run_after=2025-06-17 17:15:00+00:00
[2025-06-17T17:18:20.935+0000] {processor.py:183} INFO - Processing /opt/airflow/dags/weather_to_kafka_dag.py took 0.187 seconds
[2025-06-17T17:18:51.281+0000] {processor.py:161} INFO - Started process (PID=135) to work on /opt/airflow/dags/weather_to_kafka_dag.py
[2025-06-17T17:18:51.282+0000] {processor.py:830} INFO - Processing file /opt/airflow/dags/weather_to_kafka_dag.py for tasks to queue
[2025-06-17T17:18:51.284+0000] {logging_mixin.py:188} INFO - [2025-06-17T17:18:51.283+0000] {dagbag.py:538} INFO - Filling up the DagBag from /opt/airflow/dags/weather_to_kafka_dag.py
[2025-06-17T17:18:51.323+0000] {processor.py:840} INFO - DAG(s) 'weather_to_kafka_dag' retrieved from /opt/airflow/dags/weather_to_kafka_dag.py
[2025-06-17T17:18:51.369+0000] {logging_mixin.py:188} INFO - [2025-06-17T17:18:51.369+0000] {dag.py:3036} INFO - Sync 1 DAGs
[2025-06-17T17:18:51.406+0000] {logging_mixin.py:188} INFO - [2025-06-17T17:18:51.406+0000] {dag.py:3823} INFO - Setting next_dagrun for weather_to_kafka_dag to 2025-06-17 17:10:00+00:00, run_after=2025-06-17 17:15:00+00:00
[2025-06-17T17:18:51.482+0000] {processor.py:183} INFO - Processing /opt/airflow/dags/weather_to_kafka_dag.py took 0.205 seconds
[2025-06-17T17:19:02.913+0000] {processor.py:161} INFO - Started process (PID=136) to work on /opt/airflow/dags/weather_to_kafka_dag.py
[2025-06-17T17:19:02.915+0000] {processor.py:830} INFO - Processing file /opt/airflow/dags/weather_to_kafka_dag.py for tasks to queue
[2025-06-17T17:19:02.916+0000] {logging_mixin.py:188} INFO - [2025-06-17T17:19:02.915+0000] {dagbag.py:538} INFO - Filling up the DagBag from /opt/airflow/dags/weather_to_kafka_dag.py
[2025-06-17T17:19:02.950+0000] {processor.py:840} INFO - DAG(s) 'weather_to_kafka_dag' retrieved from /opt/airflow/dags/weather_to_kafka_dag.py
[2025-06-17T17:19:03.105+0000] {logging_mixin.py:188} INFO - [2025-06-17T17:19:03.105+0000] {dag.py:3036} INFO - Sync 1 DAGs
[2025-06-17T17:19:03.140+0000] {logging_mixin.py:188} INFO - [2025-06-17T17:19:03.140+0000] {dag.py:3823} INFO - Setting next_dagrun for weather_to_kafka_dag to 2025-06-17 17:10:00+00:00, run_after=2025-06-17 17:15:00+00:00
[2025-06-17T17:19:03.215+0000] {processor.py:183} INFO - Processing /opt/airflow/dags/weather_to_kafka_dag.py took 0.306 seconds
[2025-06-17T17:19:33.416+0000] {processor.py:161} INFO - Started process (PID=137) to work on /opt/airflow/dags/weather_to_kafka_dag.py
[2025-06-17T17:19:33.418+0000] {processor.py:830} INFO - Processing file /opt/airflow/dags/weather_to_kafka_dag.py for tasks to queue
[2025-06-17T17:19:33.419+0000] {logging_mixin.py:188} INFO - [2025-06-17T17:19:33.419+0000] {dagbag.py:538} INFO - Filling up the DagBag from /opt/airflow/dags/weather_to_kafka_dag.py
[2025-06-17T17:19:33.447+0000] {processor.py:840} INFO - DAG(s) 'weather_to_kafka_dag' retrieved from /opt/airflow/dags/weather_to_kafka_dag.py
[2025-06-17T17:19:33.486+0000] {logging_mixin.py:188} INFO - [2025-06-17T17:19:33.486+0000] {dag.py:3036} INFO - Sync 1 DAGs
[2025-06-17T17:19:33.523+0000] {logging_mixin.py:188} INFO - [2025-06-17T17:19:33.523+0000] {dag.py:3823} INFO - Setting next_dagrun for weather_to_kafka_dag to 2025-06-17 17:10:00+00:00, run_after=2025-06-17 17:15:00+00:00
[2025-06-17T17:19:33.622+0000] {processor.py:183} INFO - Processing /opt/airflow/dags/weather_to_kafka_dag.py took 0.209 seconds
[2025-06-17T17:20:03.778+0000] {processor.py:161} INFO - Started process (PID=138) to work on /opt/airflow/dags/weather_to_kafka_dag.py
[2025-06-17T17:20:03.779+0000] {processor.py:830} INFO - Processing file /opt/airflow/dags/weather_to_kafka_dag.py for tasks to queue
[2025-06-17T17:20:03.781+0000] {logging_mixin.py:188} INFO - [2025-06-17T17:20:03.780+0000] {dagbag.py:538} INFO - Filling up the DagBag from /opt/airflow/dags/weather_to_kafka_dag.py
[2025-06-17T17:20:03.813+0000] {processor.py:840} INFO - DAG(s) 'weather_to_kafka_dag' retrieved from /opt/airflow/dags/weather_to_kafka_dag.py
[2025-06-17T17:20:03.863+0000] {logging_mixin.py:188} INFO - [2025-06-17T17:20:03.862+0000] {dag.py:3036} INFO - Sync 1 DAGs
[2025-06-17T17:20:03.902+0000] {logging_mixin.py:188} INFO - [2025-06-17T17:20:03.901+0000] {dag.py:3823} INFO - Setting next_dagrun for weather_to_kafka_dag to 2025-06-17 17:15:00+00:00, run_after=2025-06-17 17:20:00+00:00
[2025-06-17T17:20:03.991+0000] {processor.py:183} INFO - Processing /opt/airflow/dags/weather_to_kafka_dag.py took 0.216 seconds
[2025-06-17T17:20:34.103+0000] {processor.py:161} INFO - Started process (PID=139) to work on /opt/airflow/dags/weather_to_kafka_dag.py
[2025-06-17T17:20:34.104+0000] {processor.py:830} INFO - Processing file /opt/airflow/dags/weather_to_kafka_dag.py for tasks to queue
[2025-06-17T17:20:34.106+0000] {logging_mixin.py:188} INFO - [2025-06-17T17:20:34.105+0000] {dagbag.py:538} INFO - Filling up the DagBag from /opt/airflow/dags/weather_to_kafka_dag.py
[2025-06-17T17:20:34.136+0000] {processor.py:840} INFO - DAG(s) 'weather_to_kafka_dag' retrieved from /opt/airflow/dags/weather_to_kafka_dag.py
[2025-06-17T17:20:34.184+0000] {logging_mixin.py:188} INFO - [2025-06-17T17:20:34.184+0000] {dag.py:3036} INFO - Sync 1 DAGs
[2025-06-17T17:20:34.219+0000] {logging_mixin.py:188} INFO - [2025-06-17T17:20:34.219+0000] {dag.py:3823} INFO - Setting next_dagrun for weather_to_kafka_dag to 2025-06-17 17:15:00+00:00, run_after=2025-06-17 17:20:00+00:00
[2025-06-17T17:20:34.288+0000] {processor.py:183} INFO - Processing /opt/airflow/dags/weather_to_kafka_dag.py took 0.191 seconds
[2025-06-17T17:21:04.576+0000] {processor.py:161} INFO - Started process (PID=140) to work on /opt/airflow/dags/weather_to_kafka_dag.py
[2025-06-17T17:21:04.578+0000] {processor.py:830} INFO - Processing file /opt/airflow/dags/weather_to_kafka_dag.py for tasks to queue
[2025-06-17T17:21:04.579+0000] {logging_mixin.py:188} INFO - [2025-06-17T17:21:04.579+0000] {dagbag.py:538} INFO - Filling up the DagBag from /opt/airflow/dags/weather_to_kafka_dag.py
[2025-06-17T17:21:04.609+0000] {processor.py:840} INFO - DAG(s) 'weather_to_kafka_dag' retrieved from /opt/airflow/dags/weather_to_kafka_dag.py
[2025-06-17T17:21:04.655+0000] {logging_mixin.py:188} INFO - [2025-06-17T17:21:04.655+0000] {dag.py:3036} INFO - Sync 1 DAGs
[2025-06-17T17:21:04.693+0000] {logging_mixin.py:188} INFO - [2025-06-17T17:21:04.693+0000] {dag.py:3823} INFO - Setting next_dagrun for weather_to_kafka_dag to 2025-06-17 17:15:00+00:00, run_after=2025-06-17 17:20:00+00:00
[2025-06-17T17:21:04.767+0000] {processor.py:183} INFO - Processing /opt/airflow/dags/weather_to_kafka_dag.py took 0.194 seconds
[2025-06-17T17:21:34.990+0000] {processor.py:161} INFO - Started process (PID=141) to work on /opt/airflow/dags/weather_to_kafka_dag.py
[2025-06-17T17:21:34.992+0000] {processor.py:830} INFO - Processing file /opt/airflow/dags/weather_to_kafka_dag.py for tasks to queue
[2025-06-17T17:21:34.993+0000] {logging_mixin.py:188} INFO - [2025-06-17T17:21:34.993+0000] {dagbag.py:538} INFO - Filling up the DagBag from /opt/airflow/dags/weather_to_kafka_dag.py
[2025-06-17T17:21:35.023+0000] {processor.py:840} INFO - DAG(s) 'weather_to_kafka_dag' retrieved from /opt/airflow/dags/weather_to_kafka_dag.py
[2025-06-17T17:21:35.061+0000] {logging_mixin.py:188} INFO - [2025-06-17T17:21:35.061+0000] {dag.py:3036} INFO - Sync 1 DAGs
[2025-06-17T17:21:35.097+0000] {logging_mixin.py:188} INFO - [2025-06-17T17:21:35.096+0000] {dag.py:3823} INFO - Setting next_dagrun for weather_to_kafka_dag to 2025-06-17 17:15:00+00:00, run_after=2025-06-17 17:20:00+00:00
[2025-06-17T17:21:35.165+0000] {processor.py:183} INFO - Processing /opt/airflow/dags/weather_to_kafka_dag.py took 0.178 seconds
[2025-06-17T17:22:05.438+0000] {processor.py:161} INFO - Started process (PID=142) to work on /opt/airflow/dags/weather_to_kafka_dag.py
[2025-06-17T17:22:05.439+0000] {processor.py:830} INFO - Processing file /opt/airflow/dags/weather_to_kafka_dag.py for tasks to queue
[2025-06-17T17:22:05.441+0000] {logging_mixin.py:188} INFO - [2025-06-17T17:22:05.440+0000] {dagbag.py:538} INFO - Filling up the DagBag from /opt/airflow/dags/weather_to_kafka_dag.py
[2025-06-17T17:22:05.490+0000] {processor.py:840} INFO - DAG(s) 'weather_to_kafka_dag' retrieved from /opt/airflow/dags/weather_to_kafka_dag.py
[2025-06-17T17:22:05.536+0000] {logging_mixin.py:188} INFO - [2025-06-17T17:22:05.536+0000] {dag.py:3036} INFO - Sync 1 DAGs
[2025-06-17T17:22:05.586+0000] {logging_mixin.py:188} INFO - [2025-06-17T17:22:05.586+0000] {dag.py:3823} INFO - Setting next_dagrun for weather_to_kafka_dag to 2025-06-17 17:15:00+00:00, run_after=2025-06-17 17:20:00+00:00
[2025-06-17T17:22:05.658+0000] {processor.py:183} INFO - Processing /opt/airflow/dags/weather_to_kafka_dag.py took 0.224 seconds
[2025-06-17T17:22:36.371+0000] {processor.py:161} INFO - Started process (PID=143) to work on /opt/airflow/dags/weather_to_kafka_dag.py
[2025-06-17T17:22:36.373+0000] {processor.py:830} INFO - Processing file /opt/airflow/dags/weather_to_kafka_dag.py for tasks to queue
[2025-06-17T17:22:36.374+0000] {logging_mixin.py:188} INFO - [2025-06-17T17:22:36.374+0000] {dagbag.py:538} INFO - Filling up the DagBag from /opt/airflow/dags/weather_to_kafka_dag.py
[2025-06-17T17:22:36.415+0000] {processor.py:840} INFO - DAG(s) 'weather_to_kafka_dag' retrieved from /opt/airflow/dags/weather_to_kafka_dag.py
[2025-06-17T17:22:36.459+0000] {logging_mixin.py:188} INFO - [2025-06-17T17:22:36.459+0000] {dag.py:3036} INFO - Sync 1 DAGs
[2025-06-17T17:22:36.507+0000] {logging_mixin.py:188} INFO - [2025-06-17T17:22:36.507+0000] {dag.py:3823} INFO - Setting next_dagrun for weather_to_kafka_dag to 2025-06-17 17:15:00+00:00, run_after=2025-06-17 17:20:00+00:00
[2025-06-17T17:22:36.595+0000] {processor.py:183} INFO - Processing /opt/airflow/dags/weather_to_kafka_dag.py took 0.227 seconds
[2025-06-17T17:23:07.291+0000] {processor.py:161} INFO - Started process (PID=144) to work on /opt/airflow/dags/weather_to_kafka_dag.py
[2025-06-17T17:23:07.292+0000] {processor.py:830} INFO - Processing file /opt/airflow/dags/weather_to_kafka_dag.py for tasks to queue
[2025-06-17T17:23:07.294+0000] {logging_mixin.py:188} INFO - [2025-06-17T17:23:07.293+0000] {dagbag.py:538} INFO - Filling up the DagBag from /opt/airflow/dags/weather_to_kafka_dag.py
[2025-06-17T17:23:07.323+0000] {processor.py:840} INFO - DAG(s) 'weather_to_kafka_dag' retrieved from /opt/airflow/dags/weather_to_kafka_dag.py
[2025-06-17T17:23:07.361+0000] {logging_mixin.py:188} INFO - [2025-06-17T17:23:07.360+0000] {dag.py:3036} INFO - Sync 1 DAGs
[2025-06-17T17:23:07.397+0000] {logging_mixin.py:188} INFO - [2025-06-17T17:23:07.397+0000] {dag.py:3823} INFO - Setting next_dagrun for weather_to_kafka_dag to 2025-06-17 17:15:00+00:00, run_after=2025-06-17 17:20:00+00:00
[2025-06-17T17:23:07.483+0000] {processor.py:183} INFO - Processing /opt/airflow/dags/weather_to_kafka_dag.py took 0.196 seconds
[2025-06-17T17:23:38.353+0000] {processor.py:161} INFO - Started process (PID=145) to work on /opt/airflow/dags/weather_to_kafka_dag.py
[2025-06-17T17:23:38.354+0000] {processor.py:830} INFO - Processing file /opt/airflow/dags/weather_to_kafka_dag.py for tasks to queue
[2025-06-17T17:23:38.356+0000] {logging_mixin.py:188} INFO - [2025-06-17T17:23:38.355+0000] {dagbag.py:538} INFO - Filling up the DagBag from /opt/airflow/dags/weather_to_kafka_dag.py
[2025-06-17T17:23:38.391+0000] {processor.py:840} INFO - DAG(s) 'weather_to_kafka_dag' retrieved from /opt/airflow/dags/weather_to_kafka_dag.py
[2025-06-17T17:23:38.431+0000] {logging_mixin.py:188} INFO - [2025-06-17T17:23:38.431+0000] {dag.py:3036} INFO - Sync 1 DAGs
[2025-06-17T17:23:38.469+0000] {logging_mixin.py:188} INFO - [2025-06-17T17:23:38.469+0000] {dag.py:3823} INFO - Setting next_dagrun for weather_to_kafka_dag to 2025-06-17 17:15:00+00:00, run_after=2025-06-17 17:20:00+00:00
[2025-06-17T17:23:38.542+0000] {processor.py:183} INFO - Processing /opt/airflow/dags/weather_to_kafka_dag.py took 0.215 seconds
[2025-06-17T17:24:09.163+0000] {processor.py:161} INFO - Started process (PID=146) to work on /opt/airflow/dags/weather_to_kafka_dag.py
[2025-06-17T17:24:09.165+0000] {processor.py:830} INFO - Processing file /opt/airflow/dags/weather_to_kafka_dag.py for tasks to queue
[2025-06-17T17:24:09.166+0000] {logging_mixin.py:188} INFO - [2025-06-17T17:24:09.166+0000] {dagbag.py:538} INFO - Filling up the DagBag from /opt/airflow/dags/weather_to_kafka_dag.py
[2025-06-17T17:24:09.196+0000] {processor.py:840} INFO - DAG(s) 'weather_to_kafka_dag' retrieved from /opt/airflow/dags/weather_to_kafka_dag.py
[2025-06-17T17:24:09.240+0000] {logging_mixin.py:188} INFO - [2025-06-17T17:24:09.240+0000] {dag.py:3036} INFO - Sync 1 DAGs
[2025-06-17T17:24:09.276+0000] {logging_mixin.py:188} INFO - [2025-06-17T17:24:09.276+0000] {dag.py:3823} INFO - Setting next_dagrun for weather_to_kafka_dag to 2025-06-17 17:15:00+00:00, run_after=2025-06-17 17:20:00+00:00
[2025-06-17T17:24:09.351+0000] {processor.py:183} INFO - Processing /opt/airflow/dags/weather_to_kafka_dag.py took 0.191 seconds
[2025-06-17T17:24:39.640+0000] {processor.py:161} INFO - Started process (PID=158) to work on /opt/airflow/dags/weather_to_kafka_dag.py
[2025-06-17T17:24:39.641+0000] {processor.py:830} INFO - Processing file /opt/airflow/dags/weather_to_kafka_dag.py for tasks to queue
[2025-06-17T17:24:39.648+0000] {logging_mixin.py:188} INFO - [2025-06-17T17:24:39.642+0000] {dagbag.py:538} INFO - Filling up the DagBag from /opt/airflow/dags/weather_to_kafka_dag.py
[2025-06-17T17:24:39.686+0000] {processor.py:840} INFO - DAG(s) 'weather_to_kafka_dag' retrieved from /opt/airflow/dags/weather_to_kafka_dag.py
[2025-06-17T17:24:39.727+0000] {logging_mixin.py:188} INFO - [2025-06-17T17:24:39.727+0000] {dag.py:3036} INFO - Sync 1 DAGs
[2025-06-17T17:24:39.773+0000] {logging_mixin.py:188} INFO - [2025-06-17T17:24:39.773+0000] {dag.py:3823} INFO - Setting next_dagrun for weather_to_kafka_dag to 2025-06-17 17:20:00+00:00, run_after=2025-06-17 17:25:00+00:00
[2025-06-17T17:24:39.834+0000] {processor.py:183} INFO - Processing /opt/airflow/dags/weather_to_kafka_dag.py took 0.198 seconds
[2025-06-17T17:25:10.265+0000] {processor.py:161} INFO - Started process (PID=170) to work on /opt/airflow/dags/weather_to_kafka_dag.py
[2025-06-17T17:25:10.267+0000] {processor.py:830} INFO - Processing file /opt/airflow/dags/weather_to_kafka_dag.py for tasks to queue
[2025-06-17T17:25:10.268+0000] {logging_mixin.py:188} INFO - [2025-06-17T17:25:10.268+0000] {dagbag.py:538} INFO - Filling up the DagBag from /opt/airflow/dags/weather_to_kafka_dag.py
[2025-06-17T17:25:10.301+0000] {processor.py:840} INFO - DAG(s) 'weather_to_kafka_dag' retrieved from /opt/airflow/dags/weather_to_kafka_dag.py
[2025-06-17T17:25:10.340+0000] {logging_mixin.py:188} INFO - [2025-06-17T17:25:10.339+0000] {dag.py:3036} INFO - Sync 1 DAGs
[2025-06-17T17:25:10.392+0000] {logging_mixin.py:188} INFO - [2025-06-17T17:25:10.392+0000] {dag.py:3823} INFO - Setting next_dagrun for weather_to_kafka_dag to 2025-06-17 17:25:00+00:00, run_after=2025-06-17 17:30:00+00:00
[2025-06-17T17:25:10.462+0000] {processor.py:183} INFO - Processing /opt/airflow/dags/weather_to_kafka_dag.py took 0.201 seconds
[2025-06-17T17:25:40.903+0000] {processor.py:161} INFO - Started process (PID=182) to work on /opt/airflow/dags/weather_to_kafka_dag.py
[2025-06-17T17:25:40.904+0000] {processor.py:830} INFO - Processing file /opt/airflow/dags/weather_to_kafka_dag.py for tasks to queue
[2025-06-17T17:25:40.905+0000] {logging_mixin.py:188} INFO - [2025-06-17T17:25:40.905+0000] {dagbag.py:538} INFO - Filling up the DagBag from /opt/airflow/dags/weather_to_kafka_dag.py
[2025-06-17T17:25:40.936+0000] {processor.py:840} INFO - DAG(s) 'weather_to_kafka_dag' retrieved from /opt/airflow/dags/weather_to_kafka_dag.py
[2025-06-17T17:25:40.975+0000] {logging_mixin.py:188} INFO - [2025-06-17T17:25:40.975+0000] {dag.py:3036} INFO - Sync 1 DAGs
[2025-06-17T17:25:41.012+0000] {logging_mixin.py:188} INFO - [2025-06-17T17:25:41.012+0000] {dag.py:3823} INFO - Setting next_dagrun for weather_to_kafka_dag to 2025-06-17 17:25:00+00:00, run_after=2025-06-17 17:30:00+00:00
[2025-06-17T17:25:41.116+0000] {processor.py:183} INFO - Processing /opt/airflow/dags/weather_to_kafka_dag.py took 0.217 seconds
[2025-06-17T17:26:11.422+0000] {processor.py:161} INFO - Started process (PID=194) to work on /opt/airflow/dags/weather_to_kafka_dag.py
[2025-06-17T17:26:11.423+0000] {processor.py:830} INFO - Processing file /opt/airflow/dags/weather_to_kafka_dag.py for tasks to queue
[2025-06-17T17:26:11.425+0000] {logging_mixin.py:188} INFO - [2025-06-17T17:26:11.424+0000] {dagbag.py:538} INFO - Filling up the DagBag from /opt/airflow/dags/weather_to_kafka_dag.py
[2025-06-17T17:26:11.455+0000] {processor.py:840} INFO - DAG(s) 'weather_to_kafka_dag' retrieved from /opt/airflow/dags/weather_to_kafka_dag.py
[2025-06-17T17:26:11.499+0000] {logging_mixin.py:188} INFO - [2025-06-17T17:26:11.499+0000] {dag.py:3036} INFO - Sync 1 DAGs
[2025-06-17T17:26:11.538+0000] {logging_mixin.py:188} INFO - [2025-06-17T17:26:11.538+0000] {dag.py:3823} INFO - Setting next_dagrun for weather_to_kafka_dag to 2025-06-17 17:25:00+00:00, run_after=2025-06-17 17:30:00+00:00
[2025-06-17T17:26:11.626+0000] {processor.py:183} INFO - Processing /opt/airflow/dags/weather_to_kafka_dag.py took 0.208 seconds
[2025-06-17T17:26:42.016+0000] {processor.py:161} INFO - Started process (PID=195) to work on /opt/airflow/dags/weather_to_kafka_dag.py
[2025-06-17T17:26:42.017+0000] {processor.py:830} INFO - Processing file /opt/airflow/dags/weather_to_kafka_dag.py for tasks to queue
[2025-06-17T17:26:42.019+0000] {logging_mixin.py:188} INFO - [2025-06-17T17:26:42.018+0000] {dagbag.py:538} INFO - Filling up the DagBag from /opt/airflow/dags/weather_to_kafka_dag.py
[2025-06-17T17:26:42.052+0000] {processor.py:840} INFO - DAG(s) 'weather_to_kafka_dag' retrieved from /opt/airflow/dags/weather_to_kafka_dag.py
[2025-06-17T17:26:42.095+0000] {logging_mixin.py:188} INFO - [2025-06-17T17:26:42.095+0000] {dag.py:3036} INFO - Sync 1 DAGs
[2025-06-17T17:26:42.133+0000] {logging_mixin.py:188} INFO - [2025-06-17T17:26:42.132+0000] {dag.py:3823} INFO - Setting next_dagrun for weather_to_kafka_dag to 2025-06-17 17:25:00+00:00, run_after=2025-06-17 17:30:00+00:00
[2025-06-17T17:26:42.213+0000] {processor.py:183} INFO - Processing /opt/airflow/dags/weather_to_kafka_dag.py took 0.201 seconds
[2025-06-17T17:27:12.650+0000] {processor.py:161} INFO - Started process (PID=196) to work on /opt/airflow/dags/weather_to_kafka_dag.py
[2025-06-17T17:27:12.651+0000] {processor.py:830} INFO - Processing file /opt/airflow/dags/weather_to_kafka_dag.py for tasks to queue
[2025-06-17T17:27:12.653+0000] {logging_mixin.py:188} INFO - [2025-06-17T17:27:12.652+0000] {dagbag.py:538} INFO - Filling up the DagBag from /opt/airflow/dags/weather_to_kafka_dag.py
[2025-06-17T17:27:12.688+0000] {processor.py:840} INFO - DAG(s) 'weather_to_kafka_dag' retrieved from /opt/airflow/dags/weather_to_kafka_dag.py
[2025-06-17T17:27:12.726+0000] {logging_mixin.py:188} INFO - [2025-06-17T17:27:12.726+0000] {dag.py:3036} INFO - Sync 1 DAGs
[2025-06-17T17:27:12.772+0000] {logging_mixin.py:188} INFO - [2025-06-17T17:27:12.771+0000] {dag.py:3823} INFO - Setting next_dagrun for weather_to_kafka_dag to 2025-06-17 17:25:00+00:00, run_after=2025-06-17 17:30:00+00:00
[2025-06-17T17:27:12.850+0000] {processor.py:183} INFO - Processing /opt/airflow/dags/weather_to_kafka_dag.py took 0.203 seconds
[2025-06-17T17:27:43.155+0000] {processor.py:161} INFO - Started process (PID=197) to work on /opt/airflow/dags/weather_to_kafka_dag.py
[2025-06-17T17:27:43.159+0000] {processor.py:830} INFO - Processing file /opt/airflow/dags/weather_to_kafka_dag.py for tasks to queue
[2025-06-17T17:27:43.163+0000] {logging_mixin.py:188} INFO - [2025-06-17T17:27:43.161+0000] {dagbag.py:538} INFO - Filling up the DagBag from /opt/airflow/dags/weather_to_kafka_dag.py
[2025-06-17T17:27:43.240+0000] {processor.py:840} INFO - DAG(s) 'weather_to_kafka_dag' retrieved from /opt/airflow/dags/weather_to_kafka_dag.py
[2025-06-17T17:27:43.293+0000] {logging_mixin.py:188} INFO - [2025-06-17T17:27:43.293+0000] {dag.py:3036} INFO - Sync 1 DAGs
[2025-06-17T17:27:43.333+0000] {logging_mixin.py:188} INFO - [2025-06-17T17:27:43.333+0000] {dag.py:3823} INFO - Setting next_dagrun for weather_to_kafka_dag to 2025-06-17 17:25:00+00:00, run_after=2025-06-17 17:30:00+00:00
[2025-06-17T17:27:43.445+0000] {processor.py:183} INFO - Processing /opt/airflow/dags/weather_to_kafka_dag.py took 0.299 seconds
[2025-06-17T17:28:13.684+0000] {processor.py:161} INFO - Started process (PID=198) to work on /opt/airflow/dags/weather_to_kafka_dag.py
[2025-06-17T17:28:13.688+0000] {processor.py:830} INFO - Processing file /opt/airflow/dags/weather_to_kafka_dag.py for tasks to queue
[2025-06-17T17:28:13.691+0000] {logging_mixin.py:188} INFO - [2025-06-17T17:28:13.690+0000] {dagbag.py:538} INFO - Filling up the DagBag from /opt/airflow/dags/weather_to_kafka_dag.py
[2025-06-17T17:28:13.727+0000] {processor.py:840} INFO - DAG(s) 'weather_to_kafka_dag' retrieved from /opt/airflow/dags/weather_to_kafka_dag.py
[2025-06-17T17:28:13.766+0000] {logging_mixin.py:188} INFO - [2025-06-17T17:28:13.766+0000] {dag.py:3036} INFO - Sync 1 DAGs
[2025-06-17T17:28:13.807+0000] {logging_mixin.py:188} INFO - [2025-06-17T17:28:13.807+0000] {dag.py:3823} INFO - Setting next_dagrun for weather_to_kafka_dag to 2025-06-17 17:25:00+00:00, run_after=2025-06-17 17:30:00+00:00
[2025-06-17T17:28:13.880+0000] {processor.py:183} INFO - Processing /opt/airflow/dags/weather_to_kafka_dag.py took 0.199 seconds
[2025-06-17T17:28:44.026+0000] {processor.py:161} INFO - Started process (PID=199) to work on /opt/airflow/dags/weather_to_kafka_dag.py
[2025-06-17T17:28:44.028+0000] {processor.py:830} INFO - Processing file /opt/airflow/dags/weather_to_kafka_dag.py for tasks to queue
[2025-06-17T17:28:44.030+0000] {logging_mixin.py:188} INFO - [2025-06-17T17:28:44.029+0000] {dagbag.py:538} INFO - Filling up the DagBag from /opt/airflow/dags/weather_to_kafka_dag.py
[2025-06-17T17:28:44.064+0000] {processor.py:840} INFO - DAG(s) 'weather_to_kafka_dag' retrieved from /opt/airflow/dags/weather_to_kafka_dag.py
[2025-06-17T17:28:44.101+0000] {logging_mixin.py:188} INFO - [2025-06-17T17:28:44.101+0000] {dag.py:3036} INFO - Sync 1 DAGs
[2025-06-17T17:28:44.133+0000] {logging_mixin.py:188} INFO - [2025-06-17T17:28:44.133+0000] {dag.py:3823} INFO - Setting next_dagrun for weather_to_kafka_dag to 2025-06-17 17:25:00+00:00, run_after=2025-06-17 17:30:00+00:00
[2025-06-17T17:28:44.208+0000] {processor.py:183} INFO - Processing /opt/airflow/dags/weather_to_kafka_dag.py took 0.187 seconds
[2025-06-17T17:29:14.348+0000] {processor.py:161} INFO - Started process (PID=200) to work on /opt/airflow/dags/weather_to_kafka_dag.py
[2025-06-17T17:29:14.350+0000] {processor.py:830} INFO - Processing file /opt/airflow/dags/weather_to_kafka_dag.py for tasks to queue
[2025-06-17T17:29:14.351+0000] {logging_mixin.py:188} INFO - [2025-06-17T17:29:14.351+0000] {dagbag.py:538} INFO - Filling up the DagBag from /opt/airflow/dags/weather_to_kafka_dag.py
[2025-06-17T17:29:14.386+0000] {processor.py:840} INFO - DAG(s) 'weather_to_kafka_dag' retrieved from /opt/airflow/dags/weather_to_kafka_dag.py
[2025-06-17T17:29:14.433+0000] {logging_mixin.py:188} INFO - [2025-06-17T17:29:14.433+0000] {dag.py:3036} INFO - Sync 1 DAGs
[2025-06-17T17:29:14.473+0000] {logging_mixin.py:188} INFO - [2025-06-17T17:29:14.472+0000] {dag.py:3823} INFO - Setting next_dagrun for weather_to_kafka_dag to 2025-06-17 17:25:00+00:00, run_after=2025-06-17 17:30:00+00:00
[2025-06-17T17:29:14.564+0000] {processor.py:183} INFO - Processing /opt/airflow/dags/weather_to_kafka_dag.py took 0.219 seconds
[2025-06-17T17:29:44.802+0000] {processor.py:161} INFO - Started process (PID=201) to work on /opt/airflow/dags/weather_to_kafka_dag.py
[2025-06-17T17:29:44.804+0000] {processor.py:830} INFO - Processing file /opt/airflow/dags/weather_to_kafka_dag.py for tasks to queue
[2025-06-17T17:29:44.806+0000] {logging_mixin.py:188} INFO - [2025-06-17T17:29:44.805+0000] {dagbag.py:538} INFO - Filling up the DagBag from /opt/airflow/dags/weather_to_kafka_dag.py
[2025-06-17T17:29:44.835+0000] {processor.py:840} INFO - DAG(s) 'weather_to_kafka_dag' retrieved from /opt/airflow/dags/weather_to_kafka_dag.py
[2025-06-17T17:29:44.873+0000] {logging_mixin.py:188} INFO - [2025-06-17T17:29:44.873+0000] {dag.py:3036} INFO - Sync 1 DAGs
[2025-06-17T17:29:44.915+0000] {logging_mixin.py:188} INFO - [2025-06-17T17:29:44.915+0000] {dag.py:3823} INFO - Setting next_dagrun for weather_to_kafka_dag to 2025-06-17 17:25:00+00:00, run_after=2025-06-17 17:30:00+00:00
[2025-06-17T17:29:44.985+0000] {processor.py:183} INFO - Processing /opt/airflow/dags/weather_to_kafka_dag.py took 0.186 seconds
[2025-06-17T17:30:15.401+0000] {processor.py:161} INFO - Started process (PID=213) to work on /opt/airflow/dags/weather_to_kafka_dag.py
[2025-06-17T17:30:15.403+0000] {processor.py:830} INFO - Processing file /opt/airflow/dags/weather_to_kafka_dag.py for tasks to queue
[2025-06-17T17:30:15.404+0000] {logging_mixin.py:188} INFO - [2025-06-17T17:30:15.404+0000] {dagbag.py:538} INFO - Filling up the DagBag from /opt/airflow/dags/weather_to_kafka_dag.py
[2025-06-17T17:30:15.439+0000] {processor.py:840} INFO - DAG(s) 'weather_to_kafka_dag' retrieved from /opt/airflow/dags/weather_to_kafka_dag.py
[2025-06-17T17:30:15.486+0000] {logging_mixin.py:188} INFO - [2025-06-17T17:30:15.485+0000] {dag.py:3036} INFO - Sync 1 DAGs
[2025-06-17T17:30:15.524+0000] {logging_mixin.py:188} INFO - [2025-06-17T17:30:15.524+0000] {dag.py:3823} INFO - Setting next_dagrun for weather_to_kafka_dag to 2025-06-17 17:30:00+00:00, run_after=2025-06-17 17:35:00+00:00
[2025-06-17T17:30:15.599+0000] {processor.py:183} INFO - Processing /opt/airflow/dags/weather_to_kafka_dag.py took 0.202 seconds
[2025-06-17T17:30:46.097+0000] {processor.py:161} INFO - Started process (PID=214) to work on /opt/airflow/dags/weather_to_kafka_dag.py
[2025-06-17T17:30:46.098+0000] {processor.py:830} INFO - Processing file /opt/airflow/dags/weather_to_kafka_dag.py for tasks to queue
[2025-06-17T17:30:46.100+0000] {logging_mixin.py:188} INFO - [2025-06-17T17:30:46.099+0000] {dagbag.py:538} INFO - Filling up the DagBag from /opt/airflow/dags/weather_to_kafka_dag.py
[2025-06-17T17:30:46.139+0000] {processor.py:840} INFO - DAG(s) 'weather_to_kafka_dag' retrieved from /opt/airflow/dags/weather_to_kafka_dag.py
[2025-06-17T17:30:46.176+0000] {logging_mixin.py:188} INFO - [2025-06-17T17:30:46.175+0000] {dag.py:3036} INFO - Sync 1 DAGs
[2025-06-17T17:30:46.213+0000] {logging_mixin.py:188} INFO - [2025-06-17T17:30:46.212+0000] {dag.py:3823} INFO - Setting next_dagrun for weather_to_kafka_dag to 2025-06-17 17:30:00+00:00, run_after=2025-06-17 17:35:00+00:00
[2025-06-17T17:30:46.295+0000] {processor.py:183} INFO - Processing /opt/airflow/dags/weather_to_kafka_dag.py took 0.203 seconds
[2025-06-17T17:31:16.909+0000] {processor.py:161} INFO - Started process (PID=226) to work on /opt/airflow/dags/weather_to_kafka_dag.py
[2025-06-17T17:31:16.911+0000] {processor.py:830} INFO - Processing file /opt/airflow/dags/weather_to_kafka_dag.py for tasks to queue
[2025-06-17T17:31:16.912+0000] {logging_mixin.py:188} INFO - [2025-06-17T17:31:16.912+0000] {dagbag.py:538} INFO - Filling up the DagBag from /opt/airflow/dags/weather_to_kafka_dag.py
[2025-06-17T17:31:16.944+0000] {processor.py:840} INFO - DAG(s) 'weather_to_kafka_dag' retrieved from /opt/airflow/dags/weather_to_kafka_dag.py
[2025-06-17T17:31:16.984+0000] {logging_mixin.py:188} INFO - [2025-06-17T17:31:16.983+0000] {dag.py:3036} INFO - Sync 1 DAGs
[2025-06-17T17:31:17.021+0000] {logging_mixin.py:188} INFO - [2025-06-17T17:31:17.021+0000] {dag.py:3823} INFO - Setting next_dagrun for weather_to_kafka_dag to 2025-06-17 17:30:00+00:00, run_after=2025-06-17 17:35:00+00:00
[2025-06-17T17:31:17.100+0000] {processor.py:183} INFO - Processing /opt/airflow/dags/weather_to_kafka_dag.py took 0.194 seconds
[2025-06-17T17:31:47.448+0000] {processor.py:161} INFO - Started process (PID=227) to work on /opt/airflow/dags/weather_to_kafka_dag.py
[2025-06-17T17:31:47.449+0000] {processor.py:830} INFO - Processing file /opt/airflow/dags/weather_to_kafka_dag.py for tasks to queue
[2025-06-17T17:31:47.450+0000] {logging_mixin.py:188} INFO - [2025-06-17T17:31:47.450+0000] {dagbag.py:538} INFO - Filling up the DagBag from /opt/airflow/dags/weather_to_kafka_dag.py
[2025-06-17T17:31:47.483+0000] {processor.py:840} INFO - DAG(s) 'weather_to_kafka_dag' retrieved from /opt/airflow/dags/weather_to_kafka_dag.py
[2025-06-17T17:31:47.525+0000] {logging_mixin.py:188} INFO - [2025-06-17T17:31:47.525+0000] {dag.py:3036} INFO - Sync 1 DAGs
[2025-06-17T17:31:47.564+0000] {logging_mixin.py:188} INFO - [2025-06-17T17:31:47.563+0000] {dag.py:3823} INFO - Setting next_dagrun for weather_to_kafka_dag to 2025-06-17 17:30:00+00:00, run_after=2025-06-17 17:35:00+00:00
[2025-06-17T17:31:47.672+0000] {processor.py:183} INFO - Processing /opt/airflow/dags/weather_to_kafka_dag.py took 0.228 seconds
[2025-06-17T17:32:18.091+0000] {processor.py:161} INFO - Started process (PID=228) to work on /opt/airflow/dags/weather_to_kafka_dag.py
[2025-06-17T17:32:18.093+0000] {processor.py:830} INFO - Processing file /opt/airflow/dags/weather_to_kafka_dag.py for tasks to queue
[2025-06-17T17:32:18.094+0000] {logging_mixin.py:188} INFO - [2025-06-17T17:32:18.094+0000] {dagbag.py:538} INFO - Filling up the DagBag from /opt/airflow/dags/weather_to_kafka_dag.py
[2025-06-17T17:32:18.123+0000] {processor.py:840} INFO - DAG(s) 'weather_to_kafka_dag' retrieved from /opt/airflow/dags/weather_to_kafka_dag.py
[2025-06-17T17:32:18.162+0000] {logging_mixin.py:188} INFO - [2025-06-17T17:32:18.162+0000] {dag.py:3036} INFO - Sync 1 DAGs
[2025-06-17T17:32:18.199+0000] {logging_mixin.py:188} INFO - [2025-06-17T17:32:18.199+0000] {dag.py:3823} INFO - Setting next_dagrun for weather_to_kafka_dag to 2025-06-17 17:30:00+00:00, run_after=2025-06-17 17:35:00+00:00
[2025-06-17T17:32:18.282+0000] {processor.py:183} INFO - Processing /opt/airflow/dags/weather_to_kafka_dag.py took 0.195 seconds
[2025-06-17T17:32:48.636+0000] {processor.py:161} INFO - Started process (PID=229) to work on /opt/airflow/dags/weather_to_kafka_dag.py
[2025-06-17T17:32:48.637+0000] {processor.py:830} INFO - Processing file /opt/airflow/dags/weather_to_kafka_dag.py for tasks to queue
[2025-06-17T17:32:48.638+0000] {logging_mixin.py:188} INFO - [2025-06-17T17:32:48.638+0000] {dagbag.py:538} INFO - Filling up the DagBag from /opt/airflow/dags/weather_to_kafka_dag.py
[2025-06-17T17:32:48.672+0000] {processor.py:840} INFO - DAG(s) 'weather_to_kafka_dag' retrieved from /opt/airflow/dags/weather_to_kafka_dag.py
[2025-06-17T17:32:48.710+0000] {logging_mixin.py:188} INFO - [2025-06-17T17:32:48.710+0000] {dag.py:3036} INFO - Sync 1 DAGs
[2025-06-17T17:32:48.747+0000] {logging_mixin.py:188} INFO - [2025-06-17T17:32:48.747+0000] {dag.py:3823} INFO - Setting next_dagrun for weather_to_kafka_dag to 2025-06-17 17:30:00+00:00, run_after=2025-06-17 17:35:00+00:00
[2025-06-17T17:32:48.816+0000] {processor.py:183} INFO - Processing /opt/airflow/dags/weather_to_kafka_dag.py took 0.184 seconds
[2025-06-17T17:33:18.914+0000] {processor.py:161} INFO - Started process (PID=230) to work on /opt/airflow/dags/weather_to_kafka_dag.py
[2025-06-17T17:33:18.916+0000] {processor.py:830} INFO - Processing file /opt/airflow/dags/weather_to_kafka_dag.py for tasks to queue
[2025-06-17T17:33:18.917+0000] {logging_mixin.py:188} INFO - [2025-06-17T17:33:18.917+0000] {dagbag.py:538} INFO - Filling up the DagBag from /opt/airflow/dags/weather_to_kafka_dag.py
[2025-06-17T17:33:18.949+0000] {processor.py:840} INFO - DAG(s) 'weather_to_kafka_dag' retrieved from /opt/airflow/dags/weather_to_kafka_dag.py
[2025-06-17T17:33:18.988+0000] {logging_mixin.py:188} INFO - [2025-06-17T17:33:18.988+0000] {dag.py:3036} INFO - Sync 1 DAGs
[2025-06-17T17:33:19.029+0000] {logging_mixin.py:188} INFO - [2025-06-17T17:33:19.029+0000] {dag.py:3823} INFO - Setting next_dagrun for weather_to_kafka_dag to 2025-06-17 17:30:00+00:00, run_after=2025-06-17 17:35:00+00:00
[2025-06-17T17:33:19.117+0000] {processor.py:183} INFO - Processing /opt/airflow/dags/weather_to_kafka_dag.py took 0.206 seconds
[2025-06-17T17:33:49.642+0000] {processor.py:161} INFO - Started process (PID=231) to work on /opt/airflow/dags/weather_to_kafka_dag.py
[2025-06-17T17:33:49.644+0000] {processor.py:830} INFO - Processing file /opt/airflow/dags/weather_to_kafka_dag.py for tasks to queue
[2025-06-17T17:33:49.645+0000] {logging_mixin.py:188} INFO - [2025-06-17T17:33:49.645+0000] {dagbag.py:538} INFO - Filling up the DagBag from /opt/airflow/dags/weather_to_kafka_dag.py
[2025-06-17T17:33:49.672+0000] {processor.py:840} INFO - DAG(s) 'weather_to_kafka_dag' retrieved from /opt/airflow/dags/weather_to_kafka_dag.py
[2025-06-17T17:33:49.712+0000] {logging_mixin.py:188} INFO - [2025-06-17T17:33:49.712+0000] {dag.py:3036} INFO - Sync 1 DAGs
[2025-06-17T17:33:49.751+0000] {logging_mixin.py:188} INFO - [2025-06-17T17:33:49.750+0000] {dag.py:3823} INFO - Setting next_dagrun for weather_to_kafka_dag to 2025-06-17 17:30:00+00:00, run_after=2025-06-17 17:35:00+00:00
[2025-06-17T17:33:49.833+0000] {processor.py:183} INFO - Processing /opt/airflow/dags/weather_to_kafka_dag.py took 0.195 seconds
[2025-06-17T17:34:20.216+0000] {processor.py:161} INFO - Started process (PID=232) to work on /opt/airflow/dags/weather_to_kafka_dag.py
[2025-06-17T17:34:20.217+0000] {processor.py:830} INFO - Processing file /opt/airflow/dags/weather_to_kafka_dag.py for tasks to queue
[2025-06-17T17:34:20.219+0000] {logging_mixin.py:188} INFO - [2025-06-17T17:34:20.218+0000] {dagbag.py:538} INFO - Filling up the DagBag from /opt/airflow/dags/weather_to_kafka_dag.py
[2025-06-17T17:34:20.248+0000] {processor.py:840} INFO - DAG(s) 'weather_to_kafka_dag' retrieved from /opt/airflow/dags/weather_to_kafka_dag.py
[2025-06-17T17:34:20.288+0000] {logging_mixin.py:188} INFO - [2025-06-17T17:34:20.288+0000] {dag.py:3036} INFO - Sync 1 DAGs
[2025-06-17T17:34:20.328+0000] {logging_mixin.py:188} INFO - [2025-06-17T17:34:20.327+0000] {dag.py:3823} INFO - Setting next_dagrun for weather_to_kafka_dag to 2025-06-17 17:30:00+00:00, run_after=2025-06-17 17:35:00+00:00
[2025-06-17T17:34:20.399+0000] {processor.py:183} INFO - Processing /opt/airflow/dags/weather_to_kafka_dag.py took 0.187 seconds
[2025-06-17T17:34:50.694+0000] {processor.py:161} INFO - Started process (PID=233) to work on /opt/airflow/dags/weather_to_kafka_dag.py
[2025-06-17T17:34:50.695+0000] {processor.py:830} INFO - Processing file /opt/airflow/dags/weather_to_kafka_dag.py for tasks to queue
[2025-06-17T17:34:50.697+0000] {logging_mixin.py:188} INFO - [2025-06-17T17:34:50.696+0000] {dagbag.py:538} INFO - Filling up the DagBag from /opt/airflow/dags/weather_to_kafka_dag.py
[2025-06-17T17:34:50.724+0000] {processor.py:840} INFO - DAG(s) 'weather_to_kafka_dag' retrieved from /opt/airflow/dags/weather_to_kafka_dag.py
[2025-06-17T17:34:50.764+0000] {logging_mixin.py:188} INFO - [2025-06-17T17:34:50.763+0000] {dag.py:3036} INFO - Sync 1 DAGs
[2025-06-17T17:34:50.803+0000] {logging_mixin.py:188} INFO - [2025-06-17T17:34:50.803+0000] {dag.py:3823} INFO - Setting next_dagrun for weather_to_kafka_dag to 2025-06-17 17:30:00+00:00, run_after=2025-06-17 17:35:00+00:00
[2025-06-17T17:34:50.907+0000] {processor.py:183} INFO - Processing /opt/airflow/dags/weather_to_kafka_dag.py took 0.216 seconds
[2025-06-17T17:35:22.019+0000] {processor.py:161} INFO - Started process (PID=245) to work on /opt/airflow/dags/weather_to_kafka_dag.py
[2025-06-17T17:35:22.027+0000] {processor.py:830} INFO - Processing file /opt/airflow/dags/weather_to_kafka_dag.py for tasks to queue
[2025-06-17T17:35:22.037+0000] {logging_mixin.py:188} INFO - [2025-06-17T17:35:22.035+0000] {dagbag.py:538} INFO - Filling up the DagBag from /opt/airflow/dags/weather_to_kafka_dag.py
[2025-06-17T17:35:22.203+0000] {processor.py:840} INFO - DAG(s) 'weather_to_kafka_dag' retrieved from /opt/airflow/dags/weather_to_kafka_dag.py
[2025-06-17T17:35:22.348+0000] {logging_mixin.py:188} INFO - [2025-06-17T17:35:22.348+0000] {dag.py:3036} INFO - Sync 1 DAGs
[2025-06-17T17:35:22.585+0000] {logging_mixin.py:188} INFO - [2025-06-17T17:35:22.584+0000] {dag.py:3823} INFO - Setting next_dagrun for weather_to_kafka_dag to 2025-06-17 17:35:00+00:00, run_after=2025-06-17 17:40:00+00:00
[2025-06-17T17:35:22.699+0000] {processor.py:183} INFO - Processing /opt/airflow/dags/weather_to_kafka_dag.py took 0.718 seconds
[2025-06-17T17:35:52.826+0000] {processor.py:161} INFO - Started process (PID=246) to work on /opt/airflow/dags/weather_to_kafka_dag.py
[2025-06-17T17:35:52.827+0000] {processor.py:830} INFO - Processing file /opt/airflow/dags/weather_to_kafka_dag.py for tasks to queue
[2025-06-17T17:35:52.828+0000] {logging_mixin.py:188} INFO - [2025-06-17T17:35:52.828+0000] {dagbag.py:538} INFO - Filling up the DagBag from /opt/airflow/dags/weather_to_kafka_dag.py
[2025-06-17T17:35:52.977+0000] {processor.py:840} INFO - DAG(s) 'weather_to_kafka_dag' retrieved from /opt/airflow/dags/weather_to_kafka_dag.py
[2025-06-17T17:35:53.227+0000] {logging_mixin.py:188} INFO - [2025-06-17T17:35:53.227+0000] {dag.py:3036} INFO - Sync 1 DAGs
[2025-06-17T17:35:53.291+0000] {logging_mixin.py:188} INFO - [2025-06-17T17:35:53.291+0000] {dag.py:3823} INFO - Setting next_dagrun for weather_to_kafka_dag to 2025-06-17 17:35:00+00:00, run_after=2025-06-17 17:40:00+00:00
[2025-06-17T17:35:53.389+0000] {processor.py:183} INFO - Processing /opt/airflow/dags/weather_to_kafka_dag.py took 0.567 seconds
[2025-06-17T17:36:23.535+0000] {processor.py:161} INFO - Started process (PID=258) to work on /opt/airflow/dags/weather_to_kafka_dag.py
[2025-06-17T17:36:23.538+0000] {processor.py:830} INFO - Processing file /opt/airflow/dags/weather_to_kafka_dag.py for tasks to queue
[2025-06-17T17:36:23.541+0000] {logging_mixin.py:188} INFO - [2025-06-17T17:36:23.540+0000] {dagbag.py:538} INFO - Filling up the DagBag from /opt/airflow/dags/weather_to_kafka_dag.py
[2025-06-17T17:36:23.598+0000] {processor.py:840} INFO - DAG(s) 'weather_to_kafka_dag' retrieved from /opt/airflow/dags/weather_to_kafka_dag.py
[2025-06-17T17:36:23.670+0000] {logging_mixin.py:188} INFO - [2025-06-17T17:36:23.670+0000] {dag.py:3036} INFO - Sync 1 DAGs
[2025-06-17T17:36:23.733+0000] {logging_mixin.py:188} INFO - [2025-06-17T17:36:23.733+0000] {dag.py:3823} INFO - Setting next_dagrun for weather_to_kafka_dag to 2025-06-17 17:35:00+00:00, run_after=2025-06-17 17:40:00+00:00
[2025-06-17T17:36:23.808+0000] {processor.py:183} INFO - Processing /opt/airflow/dags/weather_to_kafka_dag.py took 0.278 seconds
[2025-06-17T17:36:54.842+0000] {processor.py:161} INFO - Started process (PID=259) to work on /opt/airflow/dags/weather_to_kafka_dag.py
[2025-06-17T17:36:54.844+0000] {processor.py:830} INFO - Processing file /opt/airflow/dags/weather_to_kafka_dag.py for tasks to queue
[2025-06-17T17:36:54.845+0000] {logging_mixin.py:188} INFO - [2025-06-17T17:36:54.845+0000] {dagbag.py:538} INFO - Filling up the DagBag from /opt/airflow/dags/weather_to_kafka_dag.py
[2025-06-17T17:36:54.883+0000] {processor.py:840} INFO - DAG(s) 'weather_to_kafka_dag' retrieved from /opt/airflow/dags/weather_to_kafka_dag.py
[2025-06-17T17:36:54.927+0000] {logging_mixin.py:188} INFO - [2025-06-17T17:36:54.926+0000] {dag.py:3036} INFO - Sync 1 DAGs
[2025-06-17T17:36:54.964+0000] {logging_mixin.py:188} INFO - [2025-06-17T17:36:54.964+0000] {dag.py:3823} INFO - Setting next_dagrun for weather_to_kafka_dag to 2025-06-17 17:35:00+00:00, run_after=2025-06-17 17:40:00+00:00
[2025-06-17T17:36:55.043+0000] {processor.py:183} INFO - Processing /opt/airflow/dags/weather_to_kafka_dag.py took 0.204 seconds
[2025-06-17T17:37:25.357+0000] {processor.py:161} INFO - Started process (PID=260) to work on /opt/airflow/dags/weather_to_kafka_dag.py
[2025-06-17T17:37:25.358+0000] {processor.py:830} INFO - Processing file /opt/airflow/dags/weather_to_kafka_dag.py for tasks to queue
[2025-06-17T17:37:25.360+0000] {logging_mixin.py:188} INFO - [2025-06-17T17:37:25.359+0000] {dagbag.py:538} INFO - Filling up the DagBag from /opt/airflow/dags/weather_to_kafka_dag.py
[2025-06-17T17:37:25.395+0000] {processor.py:840} INFO - DAG(s) 'weather_to_kafka_dag' retrieved from /opt/airflow/dags/weather_to_kafka_dag.py
[2025-06-17T17:37:25.434+0000] {logging_mixin.py:188} INFO - [2025-06-17T17:37:25.433+0000] {dag.py:3036} INFO - Sync 1 DAGs
[2025-06-17T17:37:25.487+0000] {logging_mixin.py:188} INFO - [2025-06-17T17:37:25.486+0000] {dag.py:3823} INFO - Setting next_dagrun for weather_to_kafka_dag to 2025-06-17 17:35:00+00:00, run_after=2025-06-17 17:40:00+00:00
[2025-06-17T17:37:25.561+0000] {processor.py:183} INFO - Processing /opt/airflow/dags/weather_to_kafka_dag.py took 0.208 seconds
[2025-06-17T17:37:55.799+0000] {processor.py:161} INFO - Started process (PID=261) to work on /opt/airflow/dags/weather_to_kafka_dag.py
[2025-06-17T17:37:55.801+0000] {processor.py:830} INFO - Processing file /opt/airflow/dags/weather_to_kafka_dag.py for tasks to queue
[2025-06-17T17:37:55.802+0000] {logging_mixin.py:188} INFO - [2025-06-17T17:37:55.802+0000] {dagbag.py:538} INFO - Filling up the DagBag from /opt/airflow/dags/weather_to_kafka_dag.py
[2025-06-17T17:37:55.834+0000] {processor.py:840} INFO - DAG(s) 'weather_to_kafka_dag' retrieved from /opt/airflow/dags/weather_to_kafka_dag.py
[2025-06-17T17:37:55.872+0000] {logging_mixin.py:188} INFO - [2025-06-17T17:37:55.872+0000] {dag.py:3036} INFO - Sync 1 DAGs
[2025-06-17T17:37:55.923+0000] {logging_mixin.py:188} INFO - [2025-06-17T17:37:55.923+0000] {dag.py:3823} INFO - Setting next_dagrun for weather_to_kafka_dag to 2025-06-17 17:35:00+00:00, run_after=2025-06-17 17:40:00+00:00
[2025-06-17T17:37:56.002+0000] {processor.py:183} INFO - Processing /opt/airflow/dags/weather_to_kafka_dag.py took 0.206 seconds
[2025-06-17T17:38:27.174+0000] {processor.py:161} INFO - Started process (PID=262) to work on /opt/airflow/dags/weather_to_kafka_dag.py
[2025-06-17T17:38:27.176+0000] {processor.py:830} INFO - Processing file /opt/airflow/dags/weather_to_kafka_dag.py for tasks to queue
[2025-06-17T17:38:27.177+0000] {logging_mixin.py:188} INFO - [2025-06-17T17:38:27.177+0000] {dagbag.py:538} INFO - Filling up the DagBag from /opt/airflow/dags/weather_to_kafka_dag.py
[2025-06-17T17:38:27.209+0000] {processor.py:840} INFO - DAG(s) 'weather_to_kafka_dag' retrieved from /opt/airflow/dags/weather_to_kafka_dag.py
[2025-06-17T17:38:27.256+0000] {logging_mixin.py:188} INFO - [2025-06-17T17:38:27.256+0000] {dag.py:3036} INFO - Sync 1 DAGs
[2025-06-17T17:38:27.295+0000] {logging_mixin.py:188} INFO - [2025-06-17T17:38:27.295+0000] {dag.py:3823} INFO - Setting next_dagrun for weather_to_kafka_dag to 2025-06-17 17:35:00+00:00, run_after=2025-06-17 17:40:00+00:00
[2025-06-17T17:38:27.365+0000] {processor.py:183} INFO - Processing /opt/airflow/dags/weather_to_kafka_dag.py took 0.195 seconds
[2025-06-17T17:38:58.579+0000] {processor.py:161} INFO - Started process (PID=263) to work on /opt/airflow/dags/weather_to_kafka_dag.py
[2025-06-17T17:38:58.580+0000] {processor.py:830} INFO - Processing file /opt/airflow/dags/weather_to_kafka_dag.py for tasks to queue
[2025-06-17T17:38:58.582+0000] {logging_mixin.py:188} INFO - [2025-06-17T17:38:58.582+0000] {dagbag.py:538} INFO - Filling up the DagBag from /opt/airflow/dags/weather_to_kafka_dag.py
[2025-06-17T17:38:58.609+0000] {processor.py:840} INFO - DAG(s) 'weather_to_kafka_dag' retrieved from /opt/airflow/dags/weather_to_kafka_dag.py
[2025-06-17T17:38:58.648+0000] {logging_mixin.py:188} INFO - [2025-06-17T17:38:58.648+0000] {dag.py:3036} INFO - Sync 1 DAGs
[2025-06-17T17:38:58.687+0000] {logging_mixin.py:188} INFO - [2025-06-17T17:38:58.687+0000] {dag.py:3823} INFO - Setting next_dagrun for weather_to_kafka_dag to 2025-06-17 17:35:00+00:00, run_after=2025-06-17 17:40:00+00:00
[2025-06-17T17:38:58.778+0000] {processor.py:183} INFO - Processing /opt/airflow/dags/weather_to_kafka_dag.py took 0.203 seconds
[2025-06-17T17:39:29.231+0000] {processor.py:161} INFO - Started process (PID=264) to work on /opt/airflow/dags/weather_to_kafka_dag.py
[2025-06-17T17:39:29.232+0000] {processor.py:830} INFO - Processing file /opt/airflow/dags/weather_to_kafka_dag.py for tasks to queue
[2025-06-17T17:39:29.233+0000] {logging_mixin.py:188} INFO - [2025-06-17T17:39:29.233+0000] {dagbag.py:538} INFO - Filling up the DagBag from /opt/airflow/dags/weather_to_kafka_dag.py
[2025-06-17T17:39:29.266+0000] {processor.py:840} INFO - DAG(s) 'weather_to_kafka_dag' retrieved from /opt/airflow/dags/weather_to_kafka_dag.py
[2025-06-17T17:39:29.304+0000] {logging_mixin.py:188} INFO - [2025-06-17T17:39:29.304+0000] {dag.py:3036} INFO - Sync 1 DAGs
[2025-06-17T17:39:29.342+0000] {logging_mixin.py:188} INFO - [2025-06-17T17:39:29.342+0000] {dag.py:3823} INFO - Setting next_dagrun for weather_to_kafka_dag to 2025-06-17 17:35:00+00:00, run_after=2025-06-17 17:40:00+00:00
[2025-06-17T17:39:29.422+0000] {processor.py:183} INFO - Processing /opt/airflow/dags/weather_to_kafka_dag.py took 0.194 seconds
[2025-06-17T17:40:00.544+0000] {processor.py:161} INFO - Started process (PID=265) to work on /opt/airflow/dags/weather_to_kafka_dag.py
[2025-06-17T17:40:00.546+0000] {processor.py:830} INFO - Processing file /opt/airflow/dags/weather_to_kafka_dag.py for tasks to queue
[2025-06-17T17:40:00.547+0000] {logging_mixin.py:188} INFO - [2025-06-17T17:40:00.547+0000] {dagbag.py:538} INFO - Filling up the DagBag from /opt/airflow/dags/weather_to_kafka_dag.py
[2025-06-17T17:40:00.580+0000] {processor.py:840} INFO - DAG(s) 'weather_to_kafka_dag' retrieved from /opt/airflow/dags/weather_to_kafka_dag.py
[2025-06-17T17:40:00.618+0000] {logging_mixin.py:188} INFO - [2025-06-17T17:40:00.618+0000] {dag.py:3036} INFO - Sync 1 DAGs
[2025-06-17T17:40:00.656+0000] {logging_mixin.py:188} INFO - [2025-06-17T17:40:00.655+0000] {dag.py:3823} INFO - Setting next_dagrun for weather_to_kafka_dag to 2025-06-17 17:35:00+00:00, run_after=2025-06-17 17:40:00+00:00
[2025-06-17T17:40:00.739+0000] {processor.py:183} INFO - Processing /opt/airflow/dags/weather_to_kafka_dag.py took 0.199 seconds
[2025-06-17T17:40:31.053+0000] {processor.py:161} INFO - Started process (PID=277) to work on /opt/airflow/dags/weather_to_kafka_dag.py
[2025-06-17T17:40:31.055+0000] {processor.py:830} INFO - Processing file /opt/airflow/dags/weather_to_kafka_dag.py for tasks to queue
[2025-06-17T17:40:31.057+0000] {logging_mixin.py:188} INFO - [2025-06-17T17:40:31.056+0000] {dagbag.py:538} INFO - Filling up the DagBag from /opt/airflow/dags/weather_to_kafka_dag.py
[2025-06-17T17:40:31.088+0000] {processor.py:840} INFO - DAG(s) 'weather_to_kafka_dag' retrieved from /opt/airflow/dags/weather_to_kafka_dag.py
[2025-06-17T17:40:31.126+0000] {logging_mixin.py:188} INFO - [2025-06-17T17:40:31.126+0000] {dag.py:3036} INFO - Sync 1 DAGs
[2025-06-17T17:40:31.165+0000] {logging_mixin.py:188} INFO - [2025-06-17T17:40:31.165+0000] {dag.py:3823} INFO - Setting next_dagrun for weather_to_kafka_dag to 2025-06-17 17:40:00+00:00, run_after=2025-06-17 17:45:00+00:00
[2025-06-17T17:40:31.257+0000] {processor.py:183} INFO - Processing /opt/airflow/dags/weather_to_kafka_dag.py took 0.207 seconds
[2025-06-17T17:41:01.621+0000] {processor.py:161} INFO - Started process (PID=278) to work on /opt/airflow/dags/weather_to_kafka_dag.py
[2025-06-17T17:41:01.623+0000] {processor.py:830} INFO - Processing file /opt/airflow/dags/weather_to_kafka_dag.py for tasks to queue
[2025-06-17T17:41:01.624+0000] {logging_mixin.py:188} INFO - [2025-06-17T17:41:01.624+0000] {dagbag.py:538} INFO - Filling up the DagBag from /opt/airflow/dags/weather_to_kafka_dag.py
[2025-06-17T17:41:01.656+0000] {processor.py:840} INFO - DAG(s) 'weather_to_kafka_dag' retrieved from /opt/airflow/dags/weather_to_kafka_dag.py
[2025-06-17T17:41:01.696+0000] {logging_mixin.py:188} INFO - [2025-06-17T17:41:01.696+0000] {dag.py:3036} INFO - Sync 1 DAGs
[2025-06-17T17:41:01.734+0000] {logging_mixin.py:188} INFO - [2025-06-17T17:41:01.734+0000] {dag.py:3823} INFO - Setting next_dagrun for weather_to_kafka_dag to 2025-06-17 17:40:00+00:00, run_after=2025-06-17 17:45:00+00:00
[2025-06-17T17:41:01.815+0000] {processor.py:183} INFO - Processing /opt/airflow/dags/weather_to_kafka_dag.py took 0.198 seconds
[2025-06-17T17:41:32.147+0000] {processor.py:161} INFO - Started process (PID=291) to work on /opt/airflow/dags/weather_to_kafka_dag.py
[2025-06-17T17:41:32.148+0000] {processor.py:830} INFO - Processing file /opt/airflow/dags/weather_to_kafka_dag.py for tasks to queue
[2025-06-17T17:41:32.150+0000] {logging_mixin.py:188} INFO - [2025-06-17T17:41:32.149+0000] {dagbag.py:538} INFO - Filling up the DagBag from /opt/airflow/dags/weather_to_kafka_dag.py
[2025-06-17T17:41:32.183+0000] {processor.py:840} INFO - DAG(s) 'weather_to_kafka_dag' retrieved from /opt/airflow/dags/weather_to_kafka_dag.py
[2025-06-17T17:41:32.224+0000] {logging_mixin.py:188} INFO - [2025-06-17T17:41:32.223+0000] {dag.py:3036} INFO - Sync 1 DAGs
[2025-06-17T17:41:32.262+0000] {logging_mixin.py:188} INFO - [2025-06-17T17:41:32.262+0000] {dag.py:3823} INFO - Setting next_dagrun for weather_to_kafka_dag to 2025-06-17 17:40:00+00:00, run_after=2025-06-17 17:45:00+00:00
[2025-06-17T17:41:32.336+0000] {processor.py:183} INFO - Processing /opt/airflow/dags/weather_to_kafka_dag.py took 0.193 seconds
[2025-06-17T17:42:02.812+0000] {processor.py:161} INFO - Started process (PID=292) to work on /opt/airflow/dags/weather_to_kafka_dag.py
[2025-06-17T17:42:02.813+0000] {processor.py:830} INFO - Processing file /opt/airflow/dags/weather_to_kafka_dag.py for tasks to queue
[2025-06-17T17:42:02.815+0000] {logging_mixin.py:188} INFO - [2025-06-17T17:42:02.814+0000] {dagbag.py:538} INFO - Filling up the DagBag from /opt/airflow/dags/weather_to_kafka_dag.py
[2025-06-17T17:42:02.846+0000] {processor.py:840} INFO - DAG(s) 'weather_to_kafka_dag' retrieved from /opt/airflow/dags/weather_to_kafka_dag.py
[2025-06-17T17:42:02.886+0000] {logging_mixin.py:188} INFO - [2025-06-17T17:42:02.886+0000] {dag.py:3036} INFO - Sync 1 DAGs
[2025-06-17T17:42:02.924+0000] {logging_mixin.py:188} INFO - [2025-06-17T17:42:02.924+0000] {dag.py:3823} INFO - Setting next_dagrun for weather_to_kafka_dag to 2025-06-17 17:40:00+00:00, run_after=2025-06-17 17:45:00+00:00
[2025-06-17T17:42:03.046+0000] {processor.py:183} INFO - Processing /opt/airflow/dags/weather_to_kafka_dag.py took 0.237 seconds
[2025-06-17T17:42:33.228+0000] {processor.py:161} INFO - Started process (PID=293) to work on /opt/airflow/dags/weather_to_kafka_dag.py
[2025-06-17T17:42:33.230+0000] {processor.py:830} INFO - Processing file /opt/airflow/dags/weather_to_kafka_dag.py for tasks to queue
[2025-06-17T17:42:33.231+0000] {logging_mixin.py:188} INFO - [2025-06-17T17:42:33.231+0000] {dagbag.py:538} INFO - Filling up the DagBag from /opt/airflow/dags/weather_to_kafka_dag.py
[2025-06-17T17:42:33.263+0000] {processor.py:840} INFO - DAG(s) 'weather_to_kafka_dag' retrieved from /opt/airflow/dags/weather_to_kafka_dag.py
[2025-06-17T17:42:33.303+0000] {logging_mixin.py:188} INFO - [2025-06-17T17:42:33.303+0000] {dag.py:3036} INFO - Sync 1 DAGs
[2025-06-17T17:42:33.347+0000] {logging_mixin.py:188} INFO - [2025-06-17T17:42:33.347+0000] {dag.py:3823} INFO - Setting next_dagrun for weather_to_kafka_dag to 2025-06-17 17:40:00+00:00, run_after=2025-06-17 17:45:00+00:00
[2025-06-17T17:42:33.426+0000] {processor.py:183} INFO - Processing /opt/airflow/dags/weather_to_kafka_dag.py took 0.202 seconds
[2025-06-17T17:43:03.730+0000] {processor.py:161} INFO - Started process (PID=294) to work on /opt/airflow/dags/weather_to_kafka_dag.py
[2025-06-17T17:43:03.731+0000] {processor.py:830} INFO - Processing file /opt/airflow/dags/weather_to_kafka_dag.py for tasks to queue
[2025-06-17T17:43:03.732+0000] {logging_mixin.py:188} INFO - [2025-06-17T17:43:03.732+0000] {dagbag.py:538} INFO - Filling up the DagBag from /opt/airflow/dags/weather_to_kafka_dag.py
[2025-06-17T17:43:03.780+0000] {processor.py:840} INFO - DAG(s) 'weather_to_kafka_dag' retrieved from /opt/airflow/dags/weather_to_kafka_dag.py
[2025-06-17T17:43:03.844+0000] {logging_mixin.py:188} INFO - [2025-06-17T17:43:03.844+0000] {dag.py:3036} INFO - Sync 1 DAGs
[2025-06-17T17:43:03.908+0000] {logging_mixin.py:188} INFO - [2025-06-17T17:43:03.908+0000] {dag.py:3823} INFO - Setting next_dagrun for weather_to_kafka_dag to 2025-06-17 17:40:00+00:00, run_after=2025-06-17 17:45:00+00:00
[2025-06-17T17:43:04.001+0000] {processor.py:183} INFO - Processing /opt/airflow/dags/weather_to_kafka_dag.py took 0.275 seconds
[2025-06-17T17:43:34.066+0000] {processor.py:161} INFO - Started process (PID=295) to work on /opt/airflow/dags/weather_to_kafka_dag.py
[2025-06-17T17:43:34.067+0000] {processor.py:830} INFO - Processing file /opt/airflow/dags/weather_to_kafka_dag.py for tasks to queue
[2025-06-17T17:43:34.068+0000] {logging_mixin.py:188} INFO - [2025-06-17T17:43:34.068+0000] {dagbag.py:538} INFO - Filling up the DagBag from /opt/airflow/dags/weather_to_kafka_dag.py
[2025-06-17T17:43:34.102+0000] {processor.py:840} INFO - DAG(s) 'weather_to_kafka_dag' retrieved from /opt/airflow/dags/weather_to_kafka_dag.py
[2025-06-17T17:43:34.142+0000] {logging_mixin.py:188} INFO - [2025-06-17T17:43:34.142+0000] {dag.py:3036} INFO - Sync 1 DAGs
[2025-06-17T17:43:34.182+0000] {logging_mixin.py:188} INFO - [2025-06-17T17:43:34.181+0000] {dag.py:3823} INFO - Setting next_dagrun for weather_to_kafka_dag to 2025-06-17 17:40:00+00:00, run_after=2025-06-17 17:45:00+00:00
[2025-06-17T17:43:34.255+0000] {processor.py:183} INFO - Processing /opt/airflow/dags/weather_to_kafka_dag.py took 0.193 seconds
[2025-06-17T17:44:04.537+0000] {processor.py:161} INFO - Started process (PID=296) to work on /opt/airflow/dags/weather_to_kafka_dag.py
[2025-06-17T17:44:04.539+0000] {processor.py:830} INFO - Processing file /opt/airflow/dags/weather_to_kafka_dag.py for tasks to queue
[2025-06-17T17:44:04.541+0000] {logging_mixin.py:188} INFO - [2025-06-17T17:44:04.540+0000] {dagbag.py:538} INFO - Filling up the DagBag from /opt/airflow/dags/weather_to_kafka_dag.py
[2025-06-17T17:44:04.574+0000] {processor.py:840} INFO - DAG(s) 'weather_to_kafka_dag' retrieved from /opt/airflow/dags/weather_to_kafka_dag.py
[2025-06-17T17:44:04.615+0000] {logging_mixin.py:188} INFO - [2025-06-17T17:44:04.614+0000] {dag.py:3036} INFO - Sync 1 DAGs
[2025-06-17T17:44:04.654+0000] {logging_mixin.py:188} INFO - [2025-06-17T17:44:04.654+0000] {dag.py:3823} INFO - Setting next_dagrun for weather_to_kafka_dag to 2025-06-17 17:40:00+00:00, run_after=2025-06-17 17:45:00+00:00
[2025-06-17T17:44:04.721+0000] {processor.py:183} INFO - Processing /opt/airflow/dags/weather_to_kafka_dag.py took 0.188 seconds
[2025-06-17T17:44:34.964+0000] {processor.py:161} INFO - Started process (PID=297) to work on /opt/airflow/dags/weather_to_kafka_dag.py
[2025-06-17T17:44:34.965+0000] {processor.py:830} INFO - Processing file /opt/airflow/dags/weather_to_kafka_dag.py for tasks to queue
[2025-06-17T17:44:34.966+0000] {logging_mixin.py:188} INFO - [2025-06-17T17:44:34.966+0000] {dagbag.py:538} INFO - Filling up the DagBag from /opt/airflow/dags/weather_to_kafka_dag.py
[2025-06-17T17:44:34.992+0000] {processor.py:840} INFO - DAG(s) 'weather_to_kafka_dag' retrieved from /opt/airflow/dags/weather_to_kafka_dag.py
[2025-06-17T17:44:35.031+0000] {logging_mixin.py:188} INFO - [2025-06-17T17:44:35.031+0000] {dag.py:3036} INFO - Sync 1 DAGs
[2025-06-17T17:44:35.067+0000] {logging_mixin.py:188} INFO - [2025-06-17T17:44:35.067+0000] {dag.py:3823} INFO - Setting next_dagrun for weather_to_kafka_dag to 2025-06-17 17:40:00+00:00, run_after=2025-06-17 17:45:00+00:00
[2025-06-17T17:44:35.137+0000] {processor.py:183} INFO - Processing /opt/airflow/dags/weather_to_kafka_dag.py took 0.184 seconds
[2025-06-17T17:45:06.905+0000] {processor.py:161} INFO - Started process (PID=309) to work on /opt/airflow/dags/weather_to_kafka_dag.py
[2025-06-17T17:45:06.907+0000] {processor.py:830} INFO - Processing file /opt/airflow/dags/weather_to_kafka_dag.py for tasks to queue
[2025-06-17T17:45:06.908+0000] {logging_mixin.py:188} INFO - [2025-06-17T17:45:06.908+0000] {dagbag.py:538} INFO - Filling up the DagBag from /opt/airflow/dags/weather_to_kafka_dag.py
[2025-06-17T17:45:06.937+0000] {processor.py:840} INFO - DAG(s) 'weather_to_kafka_dag' retrieved from /opt/airflow/dags/weather_to_kafka_dag.py
[2025-06-17T17:45:06.975+0000] {logging_mixin.py:188} INFO - [2025-06-17T17:45:06.975+0000] {dag.py:3036} INFO - Sync 1 DAGs
[2025-06-17T17:45:07.016+0000] {logging_mixin.py:188} INFO - [2025-06-17T17:45:07.016+0000] {dag.py:3823} INFO - Setting next_dagrun for weather_to_kafka_dag to 2025-06-17 17:45:00+00:00, run_after=2025-06-17 17:50:00+00:00
[2025-06-17T17:45:07.099+0000] {processor.py:183} INFO - Processing /opt/airflow/dags/weather_to_kafka_dag.py took 0.197 seconds
[2025-06-17T17:45:37.251+0000] {processor.py:161} INFO - Started process (PID=321) to work on /opt/airflow/dags/weather_to_kafka_dag.py
[2025-06-17T17:45:37.253+0000] {processor.py:830} INFO - Processing file /opt/airflow/dags/weather_to_kafka_dag.py for tasks to queue
[2025-06-17T17:45:37.254+0000] {logging_mixin.py:188} INFO - [2025-06-17T17:45:37.254+0000] {dagbag.py:538} INFO - Filling up the DagBag from /opt/airflow/dags/weather_to_kafka_dag.py
[2025-06-17T17:45:37.287+0000] {processor.py:840} INFO - DAG(s) 'weather_to_kafka_dag' retrieved from /opt/airflow/dags/weather_to_kafka_dag.py
[2025-06-17T17:45:37.326+0000] {logging_mixin.py:188} INFO - [2025-06-17T17:45:37.326+0000] {dag.py:3036} INFO - Sync 1 DAGs
[2025-06-17T17:45:37.364+0000] {logging_mixin.py:188} INFO - [2025-06-17T17:45:37.363+0000] {dag.py:3823} INFO - Setting next_dagrun for weather_to_kafka_dag to 2025-06-17 17:45:00+00:00, run_after=2025-06-17 17:50:00+00:00
[2025-06-17T17:45:37.438+0000] {processor.py:183} INFO - Processing /opt/airflow/dags/weather_to_kafka_dag.py took 0.190 seconds
[2025-06-17T17:46:10.804+0000] {processor.py:161} INFO - Started process (PID=333) to work on /opt/airflow/dags/weather_to_kafka_dag.py
[2025-06-17T17:46:10.806+0000] {processor.py:830} INFO - Processing file /opt/airflow/dags/weather_to_kafka_dag.py for tasks to queue
[2025-06-17T17:46:10.807+0000] {logging_mixin.py:188} INFO - [2025-06-17T17:46:10.807+0000] {dagbag.py:538} INFO - Filling up the DagBag from /opt/airflow/dags/weather_to_kafka_dag.py
[2025-06-17T17:46:10.840+0000] {processor.py:840} INFO - DAG(s) 'weather_to_kafka_dag' retrieved from /opt/airflow/dags/weather_to_kafka_dag.py
[2025-06-17T17:46:10.879+0000] {logging_mixin.py:188} INFO - [2025-06-17T17:46:10.879+0000] {dag.py:3036} INFO - Sync 1 DAGs
[2025-06-17T17:46:10.918+0000] {logging_mixin.py:188} INFO - [2025-06-17T17:46:10.918+0000] {dag.py:3823} INFO - Setting next_dagrun for weather_to_kafka_dag to 2025-06-17 17:45:00+00:00, run_after=2025-06-17 17:50:00+00:00
[2025-06-17T17:46:11.033+0000] {processor.py:183} INFO - Processing /opt/airflow/dags/weather_to_kafka_dag.py took 0.232 seconds
[2025-06-17T17:46:42.071+0000] {processor.py:161} INFO - Started process (PID=345) to work on /opt/airflow/dags/weather_to_kafka_dag.py
[2025-06-17T17:46:42.073+0000] {processor.py:830} INFO - Processing file /opt/airflow/dags/weather_to_kafka_dag.py for tasks to queue
[2025-06-17T17:46:42.074+0000] {logging_mixin.py:188} INFO - [2025-06-17T17:46:42.074+0000] {dagbag.py:538} INFO - Filling up the DagBag from /opt/airflow/dags/weather_to_kafka_dag.py
[2025-06-17T17:46:42.102+0000] {processor.py:840} INFO - DAG(s) 'weather_to_kafka_dag' retrieved from /opt/airflow/dags/weather_to_kafka_dag.py
[2025-06-17T17:46:42.142+0000] {logging_mixin.py:188} INFO - [2025-06-17T17:46:42.141+0000] {dag.py:3036} INFO - Sync 1 DAGs
[2025-06-17T17:46:42.180+0000] {logging_mixin.py:188} INFO - [2025-06-17T17:46:42.180+0000] {dag.py:3823} INFO - Setting next_dagrun for weather_to_kafka_dag to 2025-06-17 17:45:00+00:00, run_after=2025-06-17 17:50:00+00:00
[2025-06-17T17:46:42.275+0000] {processor.py:183} INFO - Processing /opt/airflow/dags/weather_to_kafka_dag.py took 0.207 seconds
[2025-06-17T17:47:12.559+0000] {processor.py:161} INFO - Started process (PID=346) to work on /opt/airflow/dags/weather_to_kafka_dag.py
[2025-06-17T17:47:12.560+0000] {processor.py:830} INFO - Processing file /opt/airflow/dags/weather_to_kafka_dag.py for tasks to queue
[2025-06-17T17:47:12.562+0000] {logging_mixin.py:188} INFO - [2025-06-17T17:47:12.561+0000] {dagbag.py:538} INFO - Filling up the DagBag from /opt/airflow/dags/weather_to_kafka_dag.py
[2025-06-17T17:47:12.591+0000] {processor.py:840} INFO - DAG(s) 'weather_to_kafka_dag' retrieved from /opt/airflow/dags/weather_to_kafka_dag.py
[2025-06-17T17:47:12.631+0000] {logging_mixin.py:188} INFO - [2025-06-17T17:47:12.630+0000] {dag.py:3036} INFO - Sync 1 DAGs
[2025-06-17T17:47:12.670+0000] {logging_mixin.py:188} INFO - [2025-06-17T17:47:12.669+0000] {dag.py:3823} INFO - Setting next_dagrun for weather_to_kafka_dag to 2025-06-17 17:45:00+00:00, run_after=2025-06-17 17:50:00+00:00
[2025-06-17T17:47:12.744+0000] {processor.py:183} INFO - Processing /opt/airflow/dags/weather_to_kafka_dag.py took 0.189 seconds
[2025-06-17T17:47:42.875+0000] {processor.py:161} INFO - Started process (PID=347) to work on /opt/airflow/dags/weather_to_kafka_dag.py
[2025-06-17T17:47:42.876+0000] {processor.py:830} INFO - Processing file /opt/airflow/dags/weather_to_kafka_dag.py for tasks to queue
[2025-06-17T17:47:42.878+0000] {logging_mixin.py:188} INFO - [2025-06-17T17:47:42.877+0000] {dagbag.py:538} INFO - Filling up the DagBag from /opt/airflow/dags/weather_to_kafka_dag.py
[2025-06-17T17:47:42.909+0000] {processor.py:840} INFO - DAG(s) 'weather_to_kafka_dag' retrieved from /opt/airflow/dags/weather_to_kafka_dag.py
[2025-06-17T17:47:42.949+0000] {logging_mixin.py:188} INFO - [2025-06-17T17:47:42.948+0000] {dag.py:3036} INFO - Sync 1 DAGs
[2025-06-17T17:47:42.989+0000] {logging_mixin.py:188} INFO - [2025-06-17T17:47:42.988+0000] {dag.py:3823} INFO - Setting next_dagrun for weather_to_kafka_dag to 2025-06-17 17:45:00+00:00, run_after=2025-06-17 17:50:00+00:00
[2025-06-17T17:47:43.063+0000] {processor.py:183} INFO - Processing /opt/airflow/dags/weather_to_kafka_dag.py took 0.192 seconds
[2025-06-17T17:48:13.245+0000] {processor.py:161} INFO - Started process (PID=348) to work on /opt/airflow/dags/weather_to_kafka_dag.py
[2025-06-17T17:48:13.247+0000] {processor.py:830} INFO - Processing file /opt/airflow/dags/weather_to_kafka_dag.py for tasks to queue
[2025-06-17T17:48:13.248+0000] {logging_mixin.py:188} INFO - [2025-06-17T17:48:13.248+0000] {dagbag.py:538} INFO - Filling up the DagBag from /opt/airflow/dags/weather_to_kafka_dag.py
[2025-06-17T17:48:13.275+0000] {processor.py:840} INFO - DAG(s) 'weather_to_kafka_dag' retrieved from /opt/airflow/dags/weather_to_kafka_dag.py
[2025-06-17T17:48:13.315+0000] {logging_mixin.py:188} INFO - [2025-06-17T17:48:13.315+0000] {dag.py:3036} INFO - Sync 1 DAGs
[2025-06-17T17:48:13.352+0000] {logging_mixin.py:188} INFO - [2025-06-17T17:48:13.352+0000] {dag.py:3823} INFO - Setting next_dagrun for weather_to_kafka_dag to 2025-06-17 17:45:00+00:00, run_after=2025-06-17 17:50:00+00:00
[2025-06-17T17:48:13.422+0000] {processor.py:183} INFO - Processing /opt/airflow/dags/weather_to_kafka_dag.py took 0.180 seconds
[2025-06-17T17:48:43.756+0000] {processor.py:161} INFO - Started process (PID=349) to work on /opt/airflow/dags/weather_to_kafka_dag.py
[2025-06-17T17:48:43.758+0000] {processor.py:830} INFO - Processing file /opt/airflow/dags/weather_to_kafka_dag.py for tasks to queue
[2025-06-17T17:48:43.759+0000] {logging_mixin.py:188} INFO - [2025-06-17T17:48:43.759+0000] {dagbag.py:538} INFO - Filling up the DagBag from /opt/airflow/dags/weather_to_kafka_dag.py
[2025-06-17T17:48:43.791+0000] {processor.py:840} INFO - DAG(s) 'weather_to_kafka_dag' retrieved from /opt/airflow/dags/weather_to_kafka_dag.py
[2025-06-17T17:48:43.829+0000] {logging_mixin.py:188} INFO - [2025-06-17T17:48:43.828+0000] {dag.py:3036} INFO - Sync 1 DAGs
[2025-06-17T17:48:43.868+0000] {logging_mixin.py:188} INFO - [2025-06-17T17:48:43.867+0000] {dag.py:3823} INFO - Setting next_dagrun for weather_to_kafka_dag to 2025-06-17 17:45:00+00:00, run_after=2025-06-17 17:50:00+00:00
[2025-06-17T17:48:43.951+0000] {processor.py:183} INFO - Processing /opt/airflow/dags/weather_to_kafka_dag.py took 0.198 seconds
[2025-06-17T17:49:14.144+0000] {processor.py:161} INFO - Started process (PID=350) to work on /opt/airflow/dags/weather_to_kafka_dag.py
[2025-06-17T17:49:14.145+0000] {processor.py:830} INFO - Processing file /opt/airflow/dags/weather_to_kafka_dag.py for tasks to queue
[2025-06-17T17:49:14.146+0000] {logging_mixin.py:188} INFO - [2025-06-17T17:49:14.146+0000] {dagbag.py:538} INFO - Filling up the DagBag from /opt/airflow/dags/weather_to_kafka_dag.py
[2025-06-17T17:49:14.178+0000] {processor.py:840} INFO - DAG(s) 'weather_to_kafka_dag' retrieved from /opt/airflow/dags/weather_to_kafka_dag.py
[2025-06-17T17:49:14.217+0000] {logging_mixin.py:188} INFO - [2025-06-17T17:49:14.216+0000] {dag.py:3036} INFO - Sync 1 DAGs
[2025-06-17T17:49:14.267+0000] {logging_mixin.py:188} INFO - [2025-06-17T17:49:14.267+0000] {dag.py:3823} INFO - Setting next_dagrun for weather_to_kafka_dag to 2025-06-17 17:45:00+00:00, run_after=2025-06-17 17:50:00+00:00
[2025-06-17T17:49:14.355+0000] {processor.py:183} INFO - Processing /opt/airflow/dags/weather_to_kafka_dag.py took 0.214 seconds
[2025-06-17T17:49:44.609+0000] {processor.py:161} INFO - Started process (PID=351) to work on /opt/airflow/dags/weather_to_kafka_dag.py
[2025-06-17T17:49:44.611+0000] {processor.py:830} INFO - Processing file /opt/airflow/dags/weather_to_kafka_dag.py for tasks to queue
[2025-06-17T17:49:44.612+0000] {logging_mixin.py:188} INFO - [2025-06-17T17:49:44.612+0000] {dagbag.py:538} INFO - Filling up the DagBag from /opt/airflow/dags/weather_to_kafka_dag.py
[2025-06-17T17:49:44.646+0000] {processor.py:840} INFO - DAG(s) 'weather_to_kafka_dag' retrieved from /opt/airflow/dags/weather_to_kafka_dag.py
[2025-06-17T17:49:44.683+0000] {logging_mixin.py:188} INFO - [2025-06-17T17:49:44.683+0000] {dag.py:3036} INFO - Sync 1 DAGs
[2025-06-17T17:49:44.719+0000] {logging_mixin.py:188} INFO - [2025-06-17T17:49:44.718+0000] {dag.py:3823} INFO - Setting next_dagrun for weather_to_kafka_dag to 2025-06-17 17:45:00+00:00, run_after=2025-06-17 17:50:00+00:00
[2025-06-17T17:49:44.807+0000] {processor.py:183} INFO - Processing /opt/airflow/dags/weather_to_kafka_dag.py took 0.202 seconds
[2025-06-17T17:50:15.217+0000] {processor.py:161} INFO - Started process (PID=363) to work on /opt/airflow/dags/weather_to_kafka_dag.py
[2025-06-17T17:50:15.219+0000] {processor.py:830} INFO - Processing file /opt/airflow/dags/weather_to_kafka_dag.py for tasks to queue
[2025-06-17T17:50:15.220+0000] {logging_mixin.py:188} INFO - [2025-06-17T17:50:15.220+0000] {dagbag.py:538} INFO - Filling up the DagBag from /opt/airflow/dags/weather_to_kafka_dag.py
[2025-06-17T17:50:15.248+0000] {processor.py:840} INFO - DAG(s) 'weather_to_kafka_dag' retrieved from /opt/airflow/dags/weather_to_kafka_dag.py
[2025-06-17T17:50:15.289+0000] {logging_mixin.py:188} INFO - [2025-06-17T17:50:15.288+0000] {dag.py:3036} INFO - Sync 1 DAGs
[2025-06-17T17:50:15.327+0000] {logging_mixin.py:188} INFO - [2025-06-17T17:50:15.327+0000] {dag.py:3823} INFO - Setting next_dagrun for weather_to_kafka_dag to 2025-06-17 17:50:00+00:00, run_after=2025-06-17 17:55:00+00:00
[2025-06-17T17:50:15.402+0000] {processor.py:183} INFO - Processing /opt/airflow/dags/weather_to_kafka_dag.py took 0.188 seconds
[2025-06-17T17:50:46.618+0000] {processor.py:161} INFO - Started process (PID=364) to work on /opt/airflow/dags/weather_to_kafka_dag.py
[2025-06-17T17:50:46.620+0000] {processor.py:830} INFO - Processing file /opt/airflow/dags/weather_to_kafka_dag.py for tasks to queue
[2025-06-17T17:50:46.621+0000] {logging_mixin.py:188} INFO - [2025-06-17T17:50:46.621+0000] {dagbag.py:538} INFO - Filling up the DagBag from /opt/airflow/dags/weather_to_kafka_dag.py
[2025-06-17T17:50:46.658+0000] {processor.py:840} INFO - DAG(s) 'weather_to_kafka_dag' retrieved from /opt/airflow/dags/weather_to_kafka_dag.py
[2025-06-17T17:50:46.705+0000] {logging_mixin.py:188} INFO - [2025-06-17T17:50:46.704+0000] {dag.py:3036} INFO - Sync 1 DAGs
[2025-06-17T17:50:46.755+0000] {logging_mixin.py:188} INFO - [2025-06-17T17:50:46.755+0000] {dag.py:3823} INFO - Setting next_dagrun for weather_to_kafka_dag to 2025-06-17 17:50:00+00:00, run_after=2025-06-17 17:55:00+00:00
[2025-06-17T17:50:46.834+0000] {processor.py:183} INFO - Processing /opt/airflow/dags/weather_to_kafka_dag.py took 0.222 seconds
[2025-06-17T17:51:17.577+0000] {processor.py:161} INFO - Started process (PID=376) to work on /opt/airflow/dags/weather_to_kafka_dag.py
[2025-06-17T17:51:17.579+0000] {processor.py:830} INFO - Processing file /opt/airflow/dags/weather_to_kafka_dag.py for tasks to queue
[2025-06-17T17:51:17.580+0000] {logging_mixin.py:188} INFO - [2025-06-17T17:51:17.580+0000] {dagbag.py:538} INFO - Filling up the DagBag from /opt/airflow/dags/weather_to_kafka_dag.py
[2025-06-17T17:51:17.614+0000] {processor.py:840} INFO - DAG(s) 'weather_to_kafka_dag' retrieved from /opt/airflow/dags/weather_to_kafka_dag.py
[2025-06-17T17:51:17.654+0000] {logging_mixin.py:188} INFO - [2025-06-17T17:51:17.654+0000] {dag.py:3036} INFO - Sync 1 DAGs
[2025-06-17T17:51:17.694+0000] {logging_mixin.py:188} INFO - [2025-06-17T17:51:17.694+0000] {dag.py:3823} INFO - Setting next_dagrun for weather_to_kafka_dag to 2025-06-17 17:50:00+00:00, run_after=2025-06-17 17:55:00+00:00
[2025-06-17T17:51:17.773+0000] {processor.py:183} INFO - Processing /opt/airflow/dags/weather_to_kafka_dag.py took 0.199 seconds
[2025-06-17T17:51:48.675+0000] {processor.py:161} INFO - Started process (PID=377) to work on /opt/airflow/dags/weather_to_kafka_dag.py
[2025-06-17T17:51:48.676+0000] {processor.py:830} INFO - Processing file /opt/airflow/dags/weather_to_kafka_dag.py for tasks to queue
[2025-06-17T17:51:48.678+0000] {logging_mixin.py:188} INFO - [2025-06-17T17:51:48.677+0000] {dagbag.py:538} INFO - Filling up the DagBag from /opt/airflow/dags/weather_to_kafka_dag.py
[2025-06-17T17:51:48.706+0000] {processor.py:840} INFO - DAG(s) 'weather_to_kafka_dag' retrieved from /opt/airflow/dags/weather_to_kafka_dag.py
[2025-06-17T17:51:48.744+0000] {logging_mixin.py:188} INFO - [2025-06-17T17:51:48.743+0000] {dag.py:3036} INFO - Sync 1 DAGs
[2025-06-17T17:51:48.784+0000] {logging_mixin.py:188} INFO - [2025-06-17T17:51:48.784+0000] {dag.py:3823} INFO - Setting next_dagrun for weather_to_kafka_dag to 2025-06-17 17:50:00+00:00, run_after=2025-06-17 17:55:00+00:00
[2025-06-17T17:51:48.867+0000] {processor.py:183} INFO - Processing /opt/airflow/dags/weather_to_kafka_dag.py took 0.195 seconds
[2025-06-17T17:52:19.424+0000] {processor.py:161} INFO - Started process (PID=378) to work on /opt/airflow/dags/weather_to_kafka_dag.py
[2025-06-17T17:52:19.426+0000] {processor.py:830} INFO - Processing file /opt/airflow/dags/weather_to_kafka_dag.py for tasks to queue
[2025-06-17T17:52:19.428+0000] {logging_mixin.py:188} INFO - [2025-06-17T17:52:19.427+0000] {dagbag.py:538} INFO - Filling up the DagBag from /opt/airflow/dags/weather_to_kafka_dag.py
[2025-06-17T17:52:19.461+0000] {processor.py:840} INFO - DAG(s) 'weather_to_kafka_dag' retrieved from /opt/airflow/dags/weather_to_kafka_dag.py
[2025-06-17T17:52:19.500+0000] {logging_mixin.py:188} INFO - [2025-06-17T17:52:19.499+0000] {dag.py:3036} INFO - Sync 1 DAGs
[2025-06-17T17:52:19.539+0000] {logging_mixin.py:188} INFO - [2025-06-17T17:52:19.539+0000] {dag.py:3823} INFO - Setting next_dagrun for weather_to_kafka_dag to 2025-06-17 17:50:00+00:00, run_after=2025-06-17 17:55:00+00:00
[2025-06-17T17:52:19.619+0000] {processor.py:183} INFO - Processing /opt/airflow/dags/weather_to_kafka_dag.py took 0.198 seconds
[2025-06-17T17:52:50.336+0000] {processor.py:161} INFO - Started process (PID=379) to work on /opt/airflow/dags/weather_to_kafka_dag.py
[2025-06-17T17:52:50.337+0000] {processor.py:830} INFO - Processing file /opt/airflow/dags/weather_to_kafka_dag.py for tasks to queue
[2025-06-17T17:52:50.338+0000] {logging_mixin.py:188} INFO - [2025-06-17T17:52:50.338+0000] {dagbag.py:538} INFO - Filling up the DagBag from /opt/airflow/dags/weather_to_kafka_dag.py
[2025-06-17T17:52:50.367+0000] {processor.py:840} INFO - DAG(s) 'weather_to_kafka_dag' retrieved from /opt/airflow/dags/weather_to_kafka_dag.py
[2025-06-17T17:52:50.405+0000] {logging_mixin.py:188} INFO - [2025-06-17T17:52:50.404+0000] {dag.py:3036} INFO - Sync 1 DAGs
[2025-06-17T17:52:50.442+0000] {logging_mixin.py:188} INFO - [2025-06-17T17:52:50.442+0000] {dag.py:3823} INFO - Setting next_dagrun for weather_to_kafka_dag to 2025-06-17 17:50:00+00:00, run_after=2025-06-17 17:55:00+00:00
[2025-06-17T17:52:50.520+0000] {processor.py:183} INFO - Processing /opt/airflow/dags/weather_to_kafka_dag.py took 0.188 seconds
[2025-06-17T17:53:21.353+0000] {processor.py:161} INFO - Started process (PID=380) to work on /opt/airflow/dags/weather_to_kafka_dag.py
[2025-06-17T17:53:21.355+0000] {processor.py:830} INFO - Processing file /opt/airflow/dags/weather_to_kafka_dag.py for tasks to queue
[2025-06-17T17:53:21.356+0000] {logging_mixin.py:188} INFO - [2025-06-17T17:53:21.356+0000] {dagbag.py:538} INFO - Filling up the DagBag from /opt/airflow/dags/weather_to_kafka_dag.py
[2025-06-17T17:53:21.385+0000] {processor.py:840} INFO - DAG(s) 'weather_to_kafka_dag' retrieved from /opt/airflow/dags/weather_to_kafka_dag.py
[2025-06-17T17:53:21.424+0000] {logging_mixin.py:188} INFO - [2025-06-17T17:53:21.424+0000] {dag.py:3036} INFO - Sync 1 DAGs
[2025-06-17T17:53:21.463+0000] {logging_mixin.py:188} INFO - [2025-06-17T17:53:21.462+0000] {dag.py:3823} INFO - Setting next_dagrun for weather_to_kafka_dag to 2025-06-17 17:50:00+00:00, run_after=2025-06-17 17:55:00+00:00
[2025-06-17T17:53:21.560+0000] {processor.py:183} INFO - Processing /opt/airflow/dags/weather_to_kafka_dag.py took 0.210 seconds
[2025-06-17T17:53:52.010+0000] {processor.py:161} INFO - Started process (PID=381) to work on /opt/airflow/dags/weather_to_kafka_dag.py
[2025-06-17T17:53:52.012+0000] {processor.py:830} INFO - Processing file /opt/airflow/dags/weather_to_kafka_dag.py for tasks to queue
[2025-06-17T17:53:52.013+0000] {logging_mixin.py:188} INFO - [2025-06-17T17:53:52.013+0000] {dagbag.py:538} INFO - Filling up the DagBag from /opt/airflow/dags/weather_to_kafka_dag.py
[2025-06-17T17:53:52.042+0000] {processor.py:840} INFO - DAG(s) 'weather_to_kafka_dag' retrieved from /opt/airflow/dags/weather_to_kafka_dag.py
[2025-06-17T17:53:52.082+0000] {logging_mixin.py:188} INFO - [2025-06-17T17:53:52.081+0000] {dag.py:3036} INFO - Sync 1 DAGs
[2025-06-17T17:53:52.121+0000] {logging_mixin.py:188} INFO - [2025-06-17T17:53:52.121+0000] {dag.py:3823} INFO - Setting next_dagrun for weather_to_kafka_dag to 2025-06-17 17:50:00+00:00, run_after=2025-06-17 17:55:00+00:00
[2025-06-17T17:53:52.204+0000] {processor.py:183} INFO - Processing /opt/airflow/dags/weather_to_kafka_dag.py took 0.197 seconds
[2025-06-17T17:54:22.727+0000] {processor.py:161} INFO - Started process (PID=382) to work on /opt/airflow/dags/weather_to_kafka_dag.py
[2025-06-17T17:54:22.728+0000] {processor.py:830} INFO - Processing file /opt/airflow/dags/weather_to_kafka_dag.py for tasks to queue
[2025-06-17T17:54:22.730+0000] {logging_mixin.py:188} INFO - [2025-06-17T17:54:22.729+0000] {dagbag.py:538} INFO - Filling up the DagBag from /opt/airflow/dags/weather_to_kafka_dag.py
[2025-06-17T17:54:22.762+0000] {processor.py:840} INFO - DAG(s) 'weather_to_kafka_dag' retrieved from /opt/airflow/dags/weather_to_kafka_dag.py
[2025-06-17T17:54:22.828+0000] {logging_mixin.py:188} INFO - [2025-06-17T17:54:22.827+0000] {dag.py:3036} INFO - Sync 1 DAGs
[2025-06-17T17:54:22.867+0000] {logging_mixin.py:188} INFO - [2025-06-17T17:54:22.866+0000] {dag.py:3823} INFO - Setting next_dagrun for weather_to_kafka_dag to 2025-06-17 17:50:00+00:00, run_after=2025-06-17 17:55:00+00:00
[2025-06-17T17:54:22.975+0000] {processor.py:183} INFO - Processing /opt/airflow/dags/weather_to_kafka_dag.py took 0.252 seconds
[2025-06-17T17:54:53.257+0000] {processor.py:161} INFO - Started process (PID=383) to work on /opt/airflow/dags/weather_to_kafka_dag.py
[2025-06-17T17:54:53.258+0000] {processor.py:830} INFO - Processing file /opt/airflow/dags/weather_to_kafka_dag.py for tasks to queue
[2025-06-17T17:54:53.260+0000] {logging_mixin.py:188} INFO - [2025-06-17T17:54:53.259+0000] {dagbag.py:538} INFO - Filling up the DagBag from /opt/airflow/dags/weather_to_kafka_dag.py
[2025-06-17T17:54:53.288+0000] {processor.py:840} INFO - DAG(s) 'weather_to_kafka_dag' retrieved from /opt/airflow/dags/weather_to_kafka_dag.py
[2025-06-17T17:54:53.327+0000] {logging_mixin.py:188} INFO - [2025-06-17T17:54:53.327+0000] {dag.py:3036} INFO - Sync 1 DAGs
[2025-06-17T17:54:53.366+0000] {logging_mixin.py:188} INFO - [2025-06-17T17:54:53.366+0000] {dag.py:3823} INFO - Setting next_dagrun for weather_to_kafka_dag to 2025-06-17 17:50:00+00:00, run_after=2025-06-17 17:55:00+00:00
[2025-06-17T17:54:53.457+0000] {processor.py:183} INFO - Processing /opt/airflow/dags/weather_to_kafka_dag.py took 0.203 seconds
[2025-06-17T17:55:24.638+0000] {processor.py:161} INFO - Started process (PID=395) to work on /opt/airflow/dags/weather_to_kafka_dag.py
[2025-06-17T17:55:24.639+0000] {processor.py:830} INFO - Processing file /opt/airflow/dags/weather_to_kafka_dag.py for tasks to queue
[2025-06-17T17:55:24.640+0000] {logging_mixin.py:188} INFO - [2025-06-17T17:55:24.640+0000] {dagbag.py:538} INFO - Filling up the DagBag from /opt/airflow/dags/weather_to_kafka_dag.py
[2025-06-17T17:55:24.668+0000] {processor.py:840} INFO - DAG(s) 'weather_to_kafka_dag' retrieved from /opt/airflow/dags/weather_to_kafka_dag.py
[2025-06-17T17:55:24.704+0000] {logging_mixin.py:188} INFO - [2025-06-17T17:55:24.704+0000] {dag.py:3036} INFO - Sync 1 DAGs
[2025-06-17T17:55:24.741+0000] {logging_mixin.py:188} INFO - [2025-06-17T17:55:24.740+0000] {dag.py:3823} INFO - Setting next_dagrun for weather_to_kafka_dag to 2025-06-17 17:55:00+00:00, run_after=2025-06-17 18:00:00+00:00
[2025-06-17T17:55:24.834+0000] {processor.py:183} INFO - Processing /opt/airflow/dags/weather_to_kafka_dag.py took 0.199 seconds
[2025-06-17T17:55:56.066+0000] {processor.py:161} INFO - Started process (PID=396) to work on /opt/airflow/dags/weather_to_kafka_dag.py
[2025-06-17T17:55:56.068+0000] {processor.py:830} INFO - Processing file /opt/airflow/dags/weather_to_kafka_dag.py for tasks to queue
[2025-06-17T17:55:56.069+0000] {logging_mixin.py:188} INFO - [2025-06-17T17:55:56.069+0000] {dagbag.py:538} INFO - Filling up the DagBag from /opt/airflow/dags/weather_to_kafka_dag.py
[2025-06-17T17:55:56.101+0000] {processor.py:840} INFO - DAG(s) 'weather_to_kafka_dag' retrieved from /opt/airflow/dags/weather_to_kafka_dag.py
[2025-06-17T17:55:56.139+0000] {logging_mixin.py:188} INFO - [2025-06-17T17:55:56.139+0000] {dag.py:3036} INFO - Sync 1 DAGs
[2025-06-17T17:55:56.177+0000] {logging_mixin.py:188} INFO - [2025-06-17T17:55:56.177+0000] {dag.py:3823} INFO - Setting next_dagrun for weather_to_kafka_dag to 2025-06-17 17:55:00+00:00, run_after=2025-06-17 18:00:00+00:00
[2025-06-17T17:55:56.267+0000] {processor.py:183} INFO - Processing /opt/airflow/dags/weather_to_kafka_dag.py took 0.204 seconds
[2025-06-17T17:56:27.253+0000] {processor.py:161} INFO - Started process (PID=408) to work on /opt/airflow/dags/weather_to_kafka_dag.py
[2025-06-17T17:56:27.256+0000] {processor.py:830} INFO - Processing file /opt/airflow/dags/weather_to_kafka_dag.py for tasks to queue
[2025-06-17T17:56:27.258+0000] {logging_mixin.py:188} INFO - [2025-06-17T17:56:27.257+0000] {dagbag.py:538} INFO - Filling up the DagBag from /opt/airflow/dags/weather_to_kafka_dag.py
[2025-06-17T17:56:27.290+0000] {processor.py:840} INFO - DAG(s) 'weather_to_kafka_dag' retrieved from /opt/airflow/dags/weather_to_kafka_dag.py
[2025-06-17T17:56:27.332+0000] {logging_mixin.py:188} INFO - [2025-06-17T17:56:27.332+0000] {dag.py:3036} INFO - Sync 1 DAGs
[2025-06-17T17:56:27.372+0000] {logging_mixin.py:188} INFO - [2025-06-17T17:56:27.371+0000] {dag.py:3823} INFO - Setting next_dagrun for weather_to_kafka_dag to 2025-06-17 17:55:00+00:00, run_after=2025-06-17 18:00:00+00:00
[2025-06-17T17:56:27.451+0000] {processor.py:183} INFO - Processing /opt/airflow/dags/weather_to_kafka_dag.py took 0.204 seconds
[2025-06-17T17:56:58.334+0000] {processor.py:161} INFO - Started process (PID=409) to work on /opt/airflow/dags/weather_to_kafka_dag.py
[2025-06-17T17:56:58.336+0000] {processor.py:830} INFO - Processing file /opt/airflow/dags/weather_to_kafka_dag.py for tasks to queue
[2025-06-17T17:56:58.338+0000] {logging_mixin.py:188} INFO - [2025-06-17T17:56:58.337+0000] {dagbag.py:538} INFO - Filling up the DagBag from /opt/airflow/dags/weather_to_kafka_dag.py
[2025-06-17T17:56:58.365+0000] {processor.py:840} INFO - DAG(s) 'weather_to_kafka_dag' retrieved from /opt/airflow/dags/weather_to_kafka_dag.py
[2025-06-17T17:56:58.404+0000] {logging_mixin.py:188} INFO - [2025-06-17T17:56:58.403+0000] {dag.py:3036} INFO - Sync 1 DAGs
[2025-06-17T17:56:58.443+0000] {logging_mixin.py:188} INFO - [2025-06-17T17:56:58.443+0000] {dag.py:3823} INFO - Setting next_dagrun for weather_to_kafka_dag to 2025-06-17 17:55:00+00:00, run_after=2025-06-17 18:00:00+00:00
[2025-06-17T17:56:58.532+0000] {processor.py:183} INFO - Processing /opt/airflow/dags/weather_to_kafka_dag.py took 0.201 seconds
[2025-06-17T17:57:29.053+0000] {processor.py:161} INFO - Started process (PID=410) to work on /opt/airflow/dags/weather_to_kafka_dag.py
[2025-06-17T17:57:29.054+0000] {processor.py:830} INFO - Processing file /opt/airflow/dags/weather_to_kafka_dag.py for tasks to queue
[2025-06-17T17:57:29.055+0000] {logging_mixin.py:188} INFO - [2025-06-17T17:57:29.055+0000] {dagbag.py:538} INFO - Filling up the DagBag from /opt/airflow/dags/weather_to_kafka_dag.py
[2025-06-17T17:57:29.085+0000] {processor.py:840} INFO - DAG(s) 'weather_to_kafka_dag' retrieved from /opt/airflow/dags/weather_to_kafka_dag.py
[2025-06-17T17:57:29.124+0000] {logging_mixin.py:188} INFO - [2025-06-17T17:57:29.124+0000] {dag.py:3036} INFO - Sync 1 DAGs
[2025-06-17T17:57:29.164+0000] {logging_mixin.py:188} INFO - [2025-06-17T17:57:29.164+0000] {dag.py:3823} INFO - Setting next_dagrun for weather_to_kafka_dag to 2025-06-17 17:55:00+00:00, run_after=2025-06-17 18:00:00+00:00
[2025-06-17T17:57:29.245+0000] {processor.py:183} INFO - Processing /opt/airflow/dags/weather_to_kafka_dag.py took 0.196 seconds
[2025-06-17T17:58:00.069+0000] {processor.py:161} INFO - Started process (PID=411) to work on /opt/airflow/dags/weather_to_kafka_dag.py
[2025-06-17T17:58:00.070+0000] {processor.py:830} INFO - Processing file /opt/airflow/dags/weather_to_kafka_dag.py for tasks to queue
[2025-06-17T17:58:00.071+0000] {logging_mixin.py:188} INFO - [2025-06-17T17:58:00.071+0000] {dagbag.py:538} INFO - Filling up the DagBag from /opt/airflow/dags/weather_to_kafka_dag.py
[2025-06-17T17:58:00.099+0000] {processor.py:840} INFO - DAG(s) 'weather_to_kafka_dag' retrieved from /opt/airflow/dags/weather_to_kafka_dag.py
[2025-06-17T17:58:00.135+0000] {logging_mixin.py:188} INFO - [2025-06-17T17:58:00.135+0000] {dag.py:3036} INFO - Sync 1 DAGs
[2025-06-17T17:58:00.178+0000] {logging_mixin.py:188} INFO - [2025-06-17T17:58:00.177+0000] {dag.py:3823} INFO - Setting next_dagrun for weather_to_kafka_dag to 2025-06-17 17:55:00+00:00, run_after=2025-06-17 18:00:00+00:00
[2025-06-17T17:58:00.263+0000] {processor.py:183} INFO - Processing /opt/airflow/dags/weather_to_kafka_dag.py took 0.198 seconds
[2025-06-17T17:58:30.952+0000] {processor.py:161} INFO - Started process (PID=412) to work on /opt/airflow/dags/weather_to_kafka_dag.py
[2025-06-17T17:58:30.954+0000] {processor.py:830} INFO - Processing file /opt/airflow/dags/weather_to_kafka_dag.py for tasks to queue
[2025-06-17T17:58:30.955+0000] {logging_mixin.py:188} INFO - [2025-06-17T17:58:30.955+0000] {dagbag.py:538} INFO - Filling up the DagBag from /opt/airflow/dags/weather_to_kafka_dag.py
[2025-06-17T17:58:30.986+0000] {processor.py:840} INFO - DAG(s) 'weather_to_kafka_dag' retrieved from /opt/airflow/dags/weather_to_kafka_dag.py
[2025-06-17T17:58:31.026+0000] {logging_mixin.py:188} INFO - [2025-06-17T17:58:31.026+0000] {dag.py:3036} INFO - Sync 1 DAGs
[2025-06-17T17:58:31.065+0000] {logging_mixin.py:188} INFO - [2025-06-17T17:58:31.065+0000] {dag.py:3823} INFO - Setting next_dagrun for weather_to_kafka_dag to 2025-06-17 17:55:00+00:00, run_after=2025-06-17 18:00:00+00:00
[2025-06-17T17:58:31.172+0000] {processor.py:183} INFO - Processing /opt/airflow/dags/weather_to_kafka_dag.py took 0.223 seconds
[2025-06-17T17:59:01.673+0000] {processor.py:161} INFO - Started process (PID=413) to work on /opt/airflow/dags/weather_to_kafka_dag.py
[2025-06-17T17:59:01.675+0000] {processor.py:830} INFO - Processing file /opt/airflow/dags/weather_to_kafka_dag.py for tasks to queue
[2025-06-17T17:59:01.676+0000] {logging_mixin.py:188} INFO - [2025-06-17T17:59:01.676+0000] {dagbag.py:538} INFO - Filling up the DagBag from /opt/airflow/dags/weather_to_kafka_dag.py
[2025-06-17T17:59:01.710+0000] {processor.py:840} INFO - DAG(s) 'weather_to_kafka_dag' retrieved from /opt/airflow/dags/weather_to_kafka_dag.py
[2025-06-17T17:59:01.748+0000] {logging_mixin.py:188} INFO - [2025-06-17T17:59:01.748+0000] {dag.py:3036} INFO - Sync 1 DAGs
[2025-06-17T17:59:01.786+0000] {logging_mixin.py:188} INFO - [2025-06-17T17:59:01.786+0000] {dag.py:3823} INFO - Setting next_dagrun for weather_to_kafka_dag to 2025-06-17 17:55:00+00:00, run_after=2025-06-17 18:00:00+00:00
[2025-06-17T17:59:01.856+0000] {processor.py:183} INFO - Processing /opt/airflow/dags/weather_to_kafka_dag.py took 0.187 seconds
[2025-06-17T17:59:32.293+0000] {processor.py:161} INFO - Started process (PID=414) to work on /opt/airflow/dags/weather_to_kafka_dag.py
[2025-06-17T17:59:32.295+0000] {processor.py:830} INFO - Processing file /opt/airflow/dags/weather_to_kafka_dag.py for tasks to queue
[2025-06-17T17:59:32.297+0000] {logging_mixin.py:188} INFO - [2025-06-17T17:59:32.296+0000] {dagbag.py:538} INFO - Filling up the DagBag from /opt/airflow/dags/weather_to_kafka_dag.py
[2025-06-17T17:59:32.330+0000] {processor.py:840} INFO - DAG(s) 'weather_to_kafka_dag' retrieved from /opt/airflow/dags/weather_to_kafka_dag.py
[2025-06-17T17:59:32.371+0000] {logging_mixin.py:188} INFO - [2025-06-17T17:59:32.371+0000] {dag.py:3036} INFO - Sync 1 DAGs
[2025-06-17T17:59:32.415+0000] {logging_mixin.py:188} INFO - [2025-06-17T17:59:32.415+0000] {dag.py:3823} INFO - Setting next_dagrun for weather_to_kafka_dag to 2025-06-17 17:55:00+00:00, run_after=2025-06-17 18:00:00+00:00
[2025-06-17T17:59:32.501+0000] {processor.py:183} INFO - Processing /opt/airflow/dags/weather_to_kafka_dag.py took 0.213 seconds
[2025-06-17T18:00:05.974+0000] {processor.py:161} INFO - Started process (PID=426) to work on /opt/airflow/dags/weather_to_kafka_dag.py
[2025-06-17T18:00:05.975+0000] {processor.py:830} INFO - Processing file /opt/airflow/dags/weather_to_kafka_dag.py for tasks to queue
[2025-06-17T18:00:05.976+0000] {logging_mixin.py:188} INFO - [2025-06-17T18:00:05.976+0000] {dagbag.py:538} INFO - Filling up the DagBag from /opt/airflow/dags/weather_to_kafka_dag.py
[2025-06-17T18:00:06.010+0000] {processor.py:840} INFO - DAG(s) 'weather_to_kafka_dag' retrieved from /opt/airflow/dags/weather_to_kafka_dag.py
[2025-06-17T18:00:06.049+0000] {logging_mixin.py:188} INFO - [2025-06-17T18:00:06.049+0000] {dag.py:3036} INFO - Sync 1 DAGs
[2025-06-17T18:00:06.086+0000] {logging_mixin.py:188} INFO - [2025-06-17T18:00:06.085+0000] {dag.py:3823} INFO - Setting next_dagrun for weather_to_kafka_dag to 2025-06-17 18:00:00+00:00, run_after=2025-06-17 18:05:00+00:00
[2025-06-17T18:00:06.166+0000] {processor.py:183} INFO - Processing /opt/airflow/dags/weather_to_kafka_dag.py took 0.196 seconds
[2025-06-17T18:00:36.642+0000] {processor.py:161} INFO - Started process (PID=427) to work on /opt/airflow/dags/weather_to_kafka_dag.py
[2025-06-17T18:00:36.645+0000] {processor.py:830} INFO - Processing file /opt/airflow/dags/weather_to_kafka_dag.py for tasks to queue
[2025-06-17T18:00:36.647+0000] {logging_mixin.py:188} INFO - [2025-06-17T18:00:36.646+0000] {dagbag.py:538} INFO - Filling up the DagBag from /opt/airflow/dags/weather_to_kafka_dag.py
[2025-06-17T18:00:36.678+0000] {processor.py:840} INFO - DAG(s) 'weather_to_kafka_dag' retrieved from /opt/airflow/dags/weather_to_kafka_dag.py
[2025-06-17T18:00:36.722+0000] {logging_mixin.py:188} INFO - [2025-06-17T18:00:36.722+0000] {dag.py:3036} INFO - Sync 1 DAGs
[2025-06-17T18:00:36.761+0000] {logging_mixin.py:188} INFO - [2025-06-17T18:00:36.761+0000] {dag.py:3823} INFO - Setting next_dagrun for weather_to_kafka_dag to 2025-06-17 18:00:00+00:00, run_after=2025-06-17 18:05:00+00:00
[2025-06-17T18:00:36.854+0000] {processor.py:183} INFO - Processing /opt/airflow/dags/weather_to_kafka_dag.py took 0.223 seconds
[2025-06-17T18:01:09.813+0000] {processor.py:161} INFO - Started process (PID=439) to work on /opt/airflow/dags/weather_to_kafka_dag.py
[2025-06-17T18:01:09.814+0000] {processor.py:830} INFO - Processing file /opt/airflow/dags/weather_to_kafka_dag.py for tasks to queue
[2025-06-17T18:01:09.816+0000] {logging_mixin.py:188} INFO - [2025-06-17T18:01:09.816+0000] {dagbag.py:538} INFO - Filling up the DagBag from /opt/airflow/dags/weather_to_kafka_dag.py
[2025-06-17T18:01:09.845+0000] {processor.py:840} INFO - DAG(s) 'weather_to_kafka_dag' retrieved from /opt/airflow/dags/weather_to_kafka_dag.py
[2025-06-17T18:01:09.884+0000] {logging_mixin.py:188} INFO - [2025-06-17T18:01:09.884+0000] {dag.py:3036} INFO - Sync 1 DAGs
[2025-06-17T18:01:09.925+0000] {logging_mixin.py:188} INFO - [2025-06-17T18:01:09.925+0000] {dag.py:3823} INFO - Setting next_dagrun for weather_to_kafka_dag to 2025-06-17 18:00:00+00:00, run_after=2025-06-17 18:05:00+00:00
[2025-06-17T18:01:09.996+0000] {processor.py:183} INFO - Processing /opt/airflow/dags/weather_to_kafka_dag.py took 0.187 seconds
[2025-06-17T18:01:40.807+0000] {processor.py:161} INFO - Started process (PID=440) to work on /opt/airflow/dags/weather_to_kafka_dag.py
[2025-06-17T18:01:40.808+0000] {processor.py:830} INFO - Processing file /opt/airflow/dags/weather_to_kafka_dag.py for tasks to queue
[2025-06-17T18:01:40.810+0000] {logging_mixin.py:188} INFO - [2025-06-17T18:01:40.809+0000] {dagbag.py:538} INFO - Filling up the DagBag from /opt/airflow/dags/weather_to_kafka_dag.py
[2025-06-17T18:01:40.841+0000] {processor.py:840} INFO - DAG(s) 'weather_to_kafka_dag' retrieved from /opt/airflow/dags/weather_to_kafka_dag.py
[2025-06-17T18:01:40.884+0000] {logging_mixin.py:188} INFO - [2025-06-17T18:01:40.883+0000] {dag.py:3036} INFO - Sync 1 DAGs
[2025-06-17T18:01:40.923+0000] {logging_mixin.py:188} INFO - [2025-06-17T18:01:40.923+0000] {dag.py:3823} INFO - Setting next_dagrun for weather_to_kafka_dag to 2025-06-17 18:00:00+00:00, run_after=2025-06-17 18:05:00+00:00
[2025-06-17T18:01:41.002+0000] {processor.py:183} INFO - Processing /opt/airflow/dags/weather_to_kafka_dag.py took 0.199 seconds
[2025-06-17T18:02:11.618+0000] {processor.py:161} INFO - Started process (PID=441) to work on /opt/airflow/dags/weather_to_kafka_dag.py
[2025-06-17T18:02:11.619+0000] {processor.py:830} INFO - Processing file /opt/airflow/dags/weather_to_kafka_dag.py for tasks to queue
[2025-06-17T18:02:11.621+0000] {logging_mixin.py:188} INFO - [2025-06-17T18:02:11.620+0000] {dagbag.py:538} INFO - Filling up the DagBag from /opt/airflow/dags/weather_to_kafka_dag.py
[2025-06-17T18:02:11.651+0000] {processor.py:840} INFO - DAG(s) 'weather_to_kafka_dag' retrieved from /opt/airflow/dags/weather_to_kafka_dag.py
[2025-06-17T18:02:11.693+0000] {logging_mixin.py:188} INFO - [2025-06-17T18:02:11.693+0000] {dag.py:3036} INFO - Sync 1 DAGs
[2025-06-17T18:02:11.732+0000] {logging_mixin.py:188} INFO - [2025-06-17T18:02:11.732+0000] {dag.py:3823} INFO - Setting next_dagrun for weather_to_kafka_dag to 2025-06-17 18:00:00+00:00, run_after=2025-06-17 18:05:00+00:00
[2025-06-17T18:02:11.807+0000] {processor.py:183} INFO - Processing /opt/airflow/dags/weather_to_kafka_dag.py took 0.195 seconds
[2025-06-17T18:02:41.978+0000] {processor.py:161} INFO - Started process (PID=442) to work on /opt/airflow/dags/weather_to_kafka_dag.py
[2025-06-17T18:02:41.979+0000] {processor.py:830} INFO - Processing file /opt/airflow/dags/weather_to_kafka_dag.py for tasks to queue
[2025-06-17T18:02:41.981+0000] {logging_mixin.py:188} INFO - [2025-06-17T18:02:41.980+0000] {dagbag.py:538} INFO - Filling up the DagBag from /opt/airflow/dags/weather_to_kafka_dag.py
[2025-06-17T18:02:42.010+0000] {processor.py:840} INFO - DAG(s) 'weather_to_kafka_dag' retrieved from /opt/airflow/dags/weather_to_kafka_dag.py
[2025-06-17T18:02:42.048+0000] {logging_mixin.py:188} INFO - [2025-06-17T18:02:42.048+0000] {dag.py:3036} INFO - Sync 1 DAGs
[2025-06-17T18:02:42.087+0000] {logging_mixin.py:188} INFO - [2025-06-17T18:02:42.087+0000] {dag.py:3823} INFO - Setting next_dagrun for weather_to_kafka_dag to 2025-06-17 18:00:00+00:00, run_after=2025-06-17 18:05:00+00:00
[2025-06-17T18:02:42.173+0000] {processor.py:183} INFO - Processing /opt/airflow/dags/weather_to_kafka_dag.py took 0.198 seconds
[2025-06-17T18:03:12.373+0000] {processor.py:161} INFO - Started process (PID=443) to work on /opt/airflow/dags/weather_to_kafka_dag.py
[2025-06-17T18:03:12.375+0000] {processor.py:830} INFO - Processing file /opt/airflow/dags/weather_to_kafka_dag.py for tasks to queue
[2025-06-17T18:03:12.376+0000] {logging_mixin.py:188} INFO - [2025-06-17T18:03:12.376+0000] {dagbag.py:538} INFO - Filling up the DagBag from /opt/airflow/dags/weather_to_kafka_dag.py
[2025-06-17T18:03:12.410+0000] {processor.py:840} INFO - DAG(s) 'weather_to_kafka_dag' retrieved from /opt/airflow/dags/weather_to_kafka_dag.py
[2025-06-17T18:03:12.451+0000] {logging_mixin.py:188} INFO - [2025-06-17T18:03:12.450+0000] {dag.py:3036} INFO - Sync 1 DAGs
[2025-06-17T18:03:12.488+0000] {logging_mixin.py:188} INFO - [2025-06-17T18:03:12.488+0000] {dag.py:3823} INFO - Setting next_dagrun for weather_to_kafka_dag to 2025-06-17 18:00:00+00:00, run_after=2025-06-17 18:05:00+00:00
[2025-06-17T18:03:12.566+0000] {processor.py:183} INFO - Processing /opt/airflow/dags/weather_to_kafka_dag.py took 0.196 seconds
[2025-06-17T18:03:42.822+0000] {processor.py:161} INFO - Started process (PID=444) to work on /opt/airflow/dags/weather_to_kafka_dag.py
[2025-06-17T18:03:42.823+0000] {processor.py:830} INFO - Processing file /opt/airflow/dags/weather_to_kafka_dag.py for tasks to queue
[2025-06-17T18:03:42.825+0000] {logging_mixin.py:188} INFO - [2025-06-17T18:03:42.824+0000] {dagbag.py:538} INFO - Filling up the DagBag from /opt/airflow/dags/weather_to_kafka_dag.py
[2025-06-17T18:03:42.856+0000] {processor.py:840} INFO - DAG(s) 'weather_to_kafka_dag' retrieved from /opt/airflow/dags/weather_to_kafka_dag.py
[2025-06-17T18:03:42.894+0000] {logging_mixin.py:188} INFO - [2025-06-17T18:03:42.893+0000] {dag.py:3036} INFO - Sync 1 DAGs
[2025-06-17T18:03:42.932+0000] {logging_mixin.py:188} INFO - [2025-06-17T18:03:42.931+0000] {dag.py:3823} INFO - Setting next_dagrun for weather_to_kafka_dag to 2025-06-17 18:00:00+00:00, run_after=2025-06-17 18:05:00+00:00
[2025-06-17T18:03:43.014+0000] {processor.py:183} INFO - Processing /opt/airflow/dags/weather_to_kafka_dag.py took 0.196 seconds
[2025-06-17T18:04:14.154+0000] {processor.py:161} INFO - Started process (PID=445) to work on /opt/airflow/dags/weather_to_kafka_dag.py
[2025-06-17T18:04:14.155+0000] {processor.py:830} INFO - Processing file /opt/airflow/dags/weather_to_kafka_dag.py for tasks to queue
[2025-06-17T18:04:14.157+0000] {logging_mixin.py:188} INFO - [2025-06-17T18:04:14.156+0000] {dagbag.py:538} INFO - Filling up the DagBag from /opt/airflow/dags/weather_to_kafka_dag.py
[2025-06-17T18:04:14.187+0000] {processor.py:840} INFO - DAG(s) 'weather_to_kafka_dag' retrieved from /opt/airflow/dags/weather_to_kafka_dag.py
[2025-06-17T18:04:14.226+0000] {logging_mixin.py:188} INFO - [2025-06-17T18:04:14.225+0000] {dag.py:3036} INFO - Sync 1 DAGs
[2025-06-17T18:04:14.267+0000] {logging_mixin.py:188} INFO - [2025-06-17T18:04:14.266+0000] {dag.py:3823} INFO - Setting next_dagrun for weather_to_kafka_dag to 2025-06-17 18:00:00+00:00, run_after=2025-06-17 18:05:00+00:00
[2025-06-17T18:04:14.349+0000] {processor.py:183} INFO - Processing /opt/airflow/dags/weather_to_kafka_dag.py took 0.199 seconds
[2025-06-17T18:04:44.611+0000] {processor.py:161} INFO - Started process (PID=446) to work on /opt/airflow/dags/weather_to_kafka_dag.py
[2025-06-17T18:04:44.612+0000] {processor.py:830} INFO - Processing file /opt/airflow/dags/weather_to_kafka_dag.py for tasks to queue
[2025-06-17T18:04:44.614+0000] {logging_mixin.py:188} INFO - [2025-06-17T18:04:44.613+0000] {dagbag.py:538} INFO - Filling up the DagBag from /opt/airflow/dags/weather_to_kafka_dag.py
[2025-06-17T18:04:44.646+0000] {processor.py:840} INFO - DAG(s) 'weather_to_kafka_dag' retrieved from /opt/airflow/dags/weather_to_kafka_dag.py
[2025-06-17T18:04:44.686+0000] {logging_mixin.py:188} INFO - [2025-06-17T18:04:44.685+0000] {dag.py:3036} INFO - Sync 1 DAGs
[2025-06-17T18:04:44.724+0000] {logging_mixin.py:188} INFO - [2025-06-17T18:04:44.723+0000] {dag.py:3823} INFO - Setting next_dagrun for weather_to_kafka_dag to 2025-06-17 18:00:00+00:00, run_after=2025-06-17 18:05:00+00:00
[2025-06-17T18:04:44.794+0000] {processor.py:183} INFO - Processing /opt/airflow/dags/weather_to_kafka_dag.py took 0.186 seconds
[2025-06-17T18:05:15.209+0000] {processor.py:161} INFO - Started process (PID=458) to work on /opt/airflow/dags/weather_to_kafka_dag.py
[2025-06-17T18:05:15.211+0000] {processor.py:830} INFO - Processing file /opt/airflow/dags/weather_to_kafka_dag.py for tasks to queue
[2025-06-17T18:05:15.212+0000] {logging_mixin.py:188} INFO - [2025-06-17T18:05:15.212+0000] {dagbag.py:538} INFO - Filling up the DagBag from /opt/airflow/dags/weather_to_kafka_dag.py
[2025-06-17T18:05:15.240+0000] {processor.py:840} INFO - DAG(s) 'weather_to_kafka_dag' retrieved from /opt/airflow/dags/weather_to_kafka_dag.py
[2025-06-17T18:05:15.279+0000] {logging_mixin.py:188} INFO - [2025-06-17T18:05:15.279+0000] {dag.py:3036} INFO - Sync 1 DAGs
[2025-06-17T18:05:15.316+0000] {logging_mixin.py:188} INFO - [2025-06-17T18:05:15.316+0000] {dag.py:3823} INFO - Setting next_dagrun for weather_to_kafka_dag to 2025-06-17 18:05:00+00:00, run_after=2025-06-17 18:10:00+00:00
[2025-06-17T18:05:15.415+0000] {processor.py:183} INFO - Processing /opt/airflow/dags/weather_to_kafka_dag.py took 0.209 seconds
[2025-06-17T18:05:46.129+0000] {processor.py:161} INFO - Started process (PID=459) to work on /opt/airflow/dags/weather_to_kafka_dag.py
[2025-06-17T18:05:46.131+0000] {processor.py:830} INFO - Processing file /opt/airflow/dags/weather_to_kafka_dag.py for tasks to queue
[2025-06-17T18:05:46.132+0000] {logging_mixin.py:188} INFO - [2025-06-17T18:05:46.131+0000] {dagbag.py:538} INFO - Filling up the DagBag from /opt/airflow/dags/weather_to_kafka_dag.py
[2025-06-17T18:05:46.163+0000] {processor.py:840} INFO - DAG(s) 'weather_to_kafka_dag' retrieved from /opt/airflow/dags/weather_to_kafka_dag.py
[2025-06-17T18:05:46.201+0000] {logging_mixin.py:188} INFO - [2025-06-17T18:05:46.201+0000] {dag.py:3036} INFO - Sync 1 DAGs
[2025-06-17T18:05:46.240+0000] {logging_mixin.py:188} INFO - [2025-06-17T18:05:46.239+0000] {dag.py:3823} INFO - Setting next_dagrun for weather_to_kafka_dag to 2025-06-17 18:05:00+00:00, run_after=2025-06-17 18:10:00+00:00
[2025-06-17T18:05:46.327+0000] {processor.py:183} INFO - Processing /opt/airflow/dags/weather_to_kafka_dag.py took 0.201 seconds
[2025-06-17T18:06:17.384+0000] {processor.py:161} INFO - Started process (PID=471) to work on /opt/airflow/dags/weather_to_kafka_dag.py
[2025-06-17T18:06:17.386+0000] {processor.py:830} INFO - Processing file /opt/airflow/dags/weather_to_kafka_dag.py for tasks to queue
[2025-06-17T18:06:17.387+0000] {logging_mixin.py:188} INFO - [2025-06-17T18:06:17.387+0000] {dagbag.py:538} INFO - Filling up the DagBag from /opt/airflow/dags/weather_to_kafka_dag.py
[2025-06-17T18:06:17.418+0000] {processor.py:840} INFO - DAG(s) 'weather_to_kafka_dag' retrieved from /opt/airflow/dags/weather_to_kafka_dag.py
[2025-06-17T18:06:17.456+0000] {logging_mixin.py:188} INFO - [2025-06-17T18:06:17.456+0000] {dag.py:3036} INFO - Sync 1 DAGs
[2025-06-17T18:06:17.495+0000] {logging_mixin.py:188} INFO - [2025-06-17T18:06:17.495+0000] {dag.py:3823} INFO - Setting next_dagrun for weather_to_kafka_dag to 2025-06-17 18:05:00+00:00, run_after=2025-06-17 18:10:00+00:00
[2025-06-17T18:06:17.582+0000] {processor.py:183} INFO - Processing /opt/airflow/dags/weather_to_kafka_dag.py took 0.201 seconds
[2025-06-17T18:06:48.223+0000] {processor.py:161} INFO - Started process (PID=472) to work on /opt/airflow/dags/weather_to_kafka_dag.py
[2025-06-17T18:06:48.224+0000] {processor.py:830} INFO - Processing file /opt/airflow/dags/weather_to_kafka_dag.py for tasks to queue
[2025-06-17T18:06:48.225+0000] {logging_mixin.py:188} INFO - [2025-06-17T18:06:48.225+0000] {dagbag.py:538} INFO - Filling up the DagBag from /opt/airflow/dags/weather_to_kafka_dag.py
[2025-06-17T18:06:48.256+0000] {processor.py:840} INFO - DAG(s) 'weather_to_kafka_dag' retrieved from /opt/airflow/dags/weather_to_kafka_dag.py
[2025-06-17T18:06:48.295+0000] {logging_mixin.py:188} INFO - [2025-06-17T18:06:48.294+0000] {dag.py:3036} INFO - Sync 1 DAGs
[2025-06-17T18:06:48.332+0000] {logging_mixin.py:188} INFO - [2025-06-17T18:06:48.332+0000] {dag.py:3823} INFO - Setting next_dagrun for weather_to_kafka_dag to 2025-06-17 18:05:00+00:00, run_after=2025-06-17 18:10:00+00:00
[2025-06-17T18:06:48.410+0000] {processor.py:183} INFO - Processing /opt/airflow/dags/weather_to_kafka_dag.py took 0.190 seconds
[2025-06-17T18:07:19.192+0000] {processor.py:161} INFO - Started process (PID=473) to work on /opt/airflow/dags/weather_to_kafka_dag.py
[2025-06-17T18:07:19.193+0000] {processor.py:830} INFO - Processing file /opt/airflow/dags/weather_to_kafka_dag.py for tasks to queue
[2025-06-17T18:07:19.194+0000] {logging_mixin.py:188} INFO - [2025-06-17T18:07:19.194+0000] {dagbag.py:538} INFO - Filling up the DagBag from /opt/airflow/dags/weather_to_kafka_dag.py
[2025-06-17T18:07:19.222+0000] {processor.py:840} INFO - DAG(s) 'weather_to_kafka_dag' retrieved from /opt/airflow/dags/weather_to_kafka_dag.py
[2025-06-17T18:07:19.261+0000] {logging_mixin.py:188} INFO - [2025-06-17T18:07:19.260+0000] {dag.py:3036} INFO - Sync 1 DAGs
[2025-06-17T18:07:19.299+0000] {logging_mixin.py:188} INFO - [2025-06-17T18:07:19.298+0000] {dag.py:3823} INFO - Setting next_dagrun for weather_to_kafka_dag to 2025-06-17 18:05:00+00:00, run_after=2025-06-17 18:10:00+00:00
[2025-06-17T18:07:19.388+0000] {processor.py:183} INFO - Processing /opt/airflow/dags/weather_to_kafka_dag.py took 0.200 seconds
[2025-06-17T18:07:50.284+0000] {processor.py:161} INFO - Started process (PID=474) to work on /opt/airflow/dags/weather_to_kafka_dag.py
[2025-06-17T18:07:50.286+0000] {processor.py:830} INFO - Processing file /opt/airflow/dags/weather_to_kafka_dag.py for tasks to queue
[2025-06-17T18:07:50.288+0000] {logging_mixin.py:188} INFO - [2025-06-17T18:07:50.287+0000] {dagbag.py:538} INFO - Filling up the DagBag from /opt/airflow/dags/weather_to_kafka_dag.py
[2025-06-17T18:07:50.326+0000] {processor.py:840} INFO - DAG(s) 'weather_to_kafka_dag' retrieved from /opt/airflow/dags/weather_to_kafka_dag.py
[2025-06-17T18:07:50.361+0000] {logging_mixin.py:188} INFO - [2025-06-17T18:07:50.361+0000] {dag.py:3036} INFO - Sync 1 DAGs
[2025-06-17T18:07:50.397+0000] {logging_mixin.py:188} INFO - [2025-06-17T18:07:50.397+0000] {dag.py:3823} INFO - Setting next_dagrun for weather_to_kafka_dag to 2025-06-17 18:05:00+00:00, run_after=2025-06-17 18:10:00+00:00
[2025-06-17T18:07:50.477+0000] {processor.py:183} INFO - Processing /opt/airflow/dags/weather_to_kafka_dag.py took 0.196 seconds
[2025-06-17T18:08:21.382+0000] {processor.py:161} INFO - Started process (PID=475) to work on /opt/airflow/dags/weather_to_kafka_dag.py
[2025-06-17T18:08:21.384+0000] {processor.py:830} INFO - Processing file /opt/airflow/dags/weather_to_kafka_dag.py for tasks to queue
[2025-06-17T18:08:21.385+0000] {logging_mixin.py:188} INFO - [2025-06-17T18:08:21.385+0000] {dagbag.py:538} INFO - Filling up the DagBag from /opt/airflow/dags/weather_to_kafka_dag.py
[2025-06-17T18:08:21.419+0000] {processor.py:840} INFO - DAG(s) 'weather_to_kafka_dag' retrieved from /opt/airflow/dags/weather_to_kafka_dag.py
[2025-06-17T18:08:21.459+0000] {logging_mixin.py:188} INFO - [2025-06-17T18:08:21.459+0000] {dag.py:3036} INFO - Sync 1 DAGs
[2025-06-17T18:08:21.498+0000] {logging_mixin.py:188} INFO - [2025-06-17T18:08:21.498+0000] {dag.py:3823} INFO - Setting next_dagrun for weather_to_kafka_dag to 2025-06-17 18:05:00+00:00, run_after=2025-06-17 18:10:00+00:00
[2025-06-17T18:08:21.608+0000] {processor.py:183} INFO - Processing /opt/airflow/dags/weather_to_kafka_dag.py took 0.230 seconds
[2025-06-17T18:08:52.452+0000] {processor.py:161} INFO - Started process (PID=476) to work on /opt/airflow/dags/weather_to_kafka_dag.py
[2025-06-17T18:08:52.454+0000] {processor.py:830} INFO - Processing file /opt/airflow/dags/weather_to_kafka_dag.py for tasks to queue
[2025-06-17T18:08:52.455+0000] {logging_mixin.py:188} INFO - [2025-06-17T18:08:52.455+0000] {dagbag.py:538} INFO - Filling up the DagBag from /opt/airflow/dags/weather_to_kafka_dag.py
[2025-06-17T18:08:52.484+0000] {processor.py:840} INFO - DAG(s) 'weather_to_kafka_dag' retrieved from /opt/airflow/dags/weather_to_kafka_dag.py
[2025-06-17T18:08:52.522+0000] {logging_mixin.py:188} INFO - [2025-06-17T18:08:52.522+0000] {dag.py:3036} INFO - Sync 1 DAGs
[2025-06-17T18:08:52.559+0000] {logging_mixin.py:188} INFO - [2025-06-17T18:08:52.559+0000] {dag.py:3823} INFO - Setting next_dagrun for weather_to_kafka_dag to 2025-06-17 18:05:00+00:00, run_after=2025-06-17 18:10:00+00:00
[2025-06-17T18:08:52.635+0000] {processor.py:183} INFO - Processing /opt/airflow/dags/weather_to_kafka_dag.py took 0.186 seconds
[2025-06-17T18:09:23.487+0000] {processor.py:161} INFO - Started process (PID=477) to work on /opt/airflow/dags/weather_to_kafka_dag.py
[2025-06-17T18:09:23.488+0000] {processor.py:830} INFO - Processing file /opt/airflow/dags/weather_to_kafka_dag.py for tasks to queue
[2025-06-17T18:09:23.489+0000] {logging_mixin.py:188} INFO - [2025-06-17T18:09:23.489+0000] {dagbag.py:538} INFO - Filling up the DagBag from /opt/airflow/dags/weather_to_kafka_dag.py
[2025-06-17T18:09:23.523+0000] {processor.py:840} INFO - DAG(s) 'weather_to_kafka_dag' retrieved from /opt/airflow/dags/weather_to_kafka_dag.py
[2025-06-17T18:09:23.561+0000] {logging_mixin.py:188} INFO - [2025-06-17T18:09:23.561+0000] {dag.py:3036} INFO - Sync 1 DAGs
[2025-06-17T18:09:23.598+0000] {logging_mixin.py:188} INFO - [2025-06-17T18:09:23.598+0000] {dag.py:3823} INFO - Setting next_dagrun for weather_to_kafka_dag to 2025-06-17 18:05:00+00:00, run_after=2025-06-17 18:10:00+00:00
[2025-06-17T18:09:23.679+0000] {processor.py:183} INFO - Processing /opt/airflow/dags/weather_to_kafka_dag.py took 0.196 seconds
[2025-06-17T18:09:54.207+0000] {processor.py:161} INFO - Started process (PID=478) to work on /opt/airflow/dags/weather_to_kafka_dag.py
[2025-06-17T18:09:54.208+0000] {processor.py:830} INFO - Processing file /opt/airflow/dags/weather_to_kafka_dag.py for tasks to queue
[2025-06-17T18:09:54.209+0000] {logging_mixin.py:188} INFO - [2025-06-17T18:09:54.209+0000] {dagbag.py:538} INFO - Filling up the DagBag from /opt/airflow/dags/weather_to_kafka_dag.py
[2025-06-17T18:09:54.238+0000] {processor.py:840} INFO - DAG(s) 'weather_to_kafka_dag' retrieved from /opt/airflow/dags/weather_to_kafka_dag.py
[2025-06-17T18:09:54.275+0000] {logging_mixin.py:188} INFO - [2025-06-17T18:09:54.275+0000] {dag.py:3036} INFO - Sync 1 DAGs
[2025-06-17T18:09:54.313+0000] {logging_mixin.py:188} INFO - [2025-06-17T18:09:54.313+0000] {dag.py:3823} INFO - Setting next_dagrun for weather_to_kafka_dag to 2025-06-17 18:05:00+00:00, run_after=2025-06-17 18:10:00+00:00
[2025-06-17T18:09:54.397+0000] {processor.py:183} INFO - Processing /opt/airflow/dags/weather_to_kafka_dag.py took 0.194 seconds
[2025-06-17T18:10:25.416+0000] {processor.py:161} INFO - Started process (PID=490) to work on /opt/airflow/dags/weather_to_kafka_dag.py
[2025-06-17T18:10:25.418+0000] {processor.py:830} INFO - Processing file /opt/airflow/dags/weather_to_kafka_dag.py for tasks to queue
[2025-06-17T18:10:25.420+0000] {logging_mixin.py:188} INFO - [2025-06-17T18:10:25.419+0000] {dagbag.py:538} INFO - Filling up the DagBag from /opt/airflow/dags/weather_to_kafka_dag.py
[2025-06-17T18:10:25.451+0000] {processor.py:840} INFO - DAG(s) 'weather_to_kafka_dag' retrieved from /opt/airflow/dags/weather_to_kafka_dag.py
[2025-06-17T18:10:25.498+0000] {logging_mixin.py:188} INFO - [2025-06-17T18:10:25.497+0000] {dag.py:3036} INFO - Sync 1 DAGs
[2025-06-17T18:10:25.541+0000] {logging_mixin.py:188} INFO - [2025-06-17T18:10:25.540+0000] {dag.py:3823} INFO - Setting next_dagrun for weather_to_kafka_dag to 2025-06-17 18:10:00+00:00, run_after=2025-06-17 18:15:00+00:00
[2025-06-17T18:10:25.619+0000] {processor.py:183} INFO - Processing /opt/airflow/dags/weather_to_kafka_dag.py took 0.206 seconds
[2025-06-17T18:10:56.203+0000] {processor.py:161} INFO - Started process (PID=491) to work on /opt/airflow/dags/weather_to_kafka_dag.py
[2025-06-17T18:10:56.205+0000] {processor.py:830} INFO - Processing file /opt/airflow/dags/weather_to_kafka_dag.py for tasks to queue
[2025-06-17T18:10:56.206+0000] {logging_mixin.py:188} INFO - [2025-06-17T18:10:56.206+0000] {dagbag.py:538} INFO - Filling up the DagBag from /opt/airflow/dags/weather_to_kafka_dag.py
[2025-06-17T18:10:56.236+0000] {processor.py:840} INFO - DAG(s) 'weather_to_kafka_dag' retrieved from /opt/airflow/dags/weather_to_kafka_dag.py
[2025-06-17T18:10:56.275+0000] {logging_mixin.py:188} INFO - [2025-06-17T18:10:56.274+0000] {dag.py:3036} INFO - Sync 1 DAGs
[2025-06-17T18:10:56.319+0000] {logging_mixin.py:188} INFO - [2025-06-17T18:10:56.318+0000] {dag.py:3823} INFO - Setting next_dagrun for weather_to_kafka_dag to 2025-06-17 18:10:00+00:00, run_after=2025-06-17 18:15:00+00:00
[2025-06-17T18:10:56.402+0000] {processor.py:183} INFO - Processing /opt/airflow/dags/weather_to_kafka_dag.py took 0.202 seconds
[2025-06-17T18:11:27.459+0000] {processor.py:161} INFO - Started process (PID=503) to work on /opt/airflow/dags/weather_to_kafka_dag.py
[2025-06-17T18:11:27.460+0000] {processor.py:830} INFO - Processing file /opt/airflow/dags/weather_to_kafka_dag.py for tasks to queue
[2025-06-17T18:11:27.461+0000] {logging_mixin.py:188} INFO - [2025-06-17T18:11:27.461+0000] {dagbag.py:538} INFO - Filling up the DagBag from /opt/airflow/dags/weather_to_kafka_dag.py
[2025-06-17T18:11:27.494+0000] {processor.py:840} INFO - DAG(s) 'weather_to_kafka_dag' retrieved from /opt/airflow/dags/weather_to_kafka_dag.py
[2025-06-17T18:11:27.532+0000] {logging_mixin.py:188} INFO - [2025-06-17T18:11:27.532+0000] {dag.py:3036} INFO - Sync 1 DAGs
[2025-06-17T18:11:27.572+0000] {logging_mixin.py:188} INFO - [2025-06-17T18:11:27.572+0000] {dag.py:3823} INFO - Setting next_dagrun for weather_to_kafka_dag to 2025-06-17 18:10:00+00:00, run_after=2025-06-17 18:15:00+00:00
[2025-06-17T18:11:27.645+0000] {processor.py:183} INFO - Processing /opt/airflow/dags/weather_to_kafka_dag.py took 0.191 seconds
[2025-06-17T18:11:58.489+0000] {processor.py:161} INFO - Started process (PID=504) to work on /opt/airflow/dags/weather_to_kafka_dag.py
[2025-06-17T18:11:58.491+0000] {processor.py:830} INFO - Processing file /opt/airflow/dags/weather_to_kafka_dag.py for tasks to queue
[2025-06-17T18:11:58.492+0000] {logging_mixin.py:188} INFO - [2025-06-17T18:11:58.492+0000] {dagbag.py:538} INFO - Filling up the DagBag from /opt/airflow/dags/weather_to_kafka_dag.py
[2025-06-17T18:11:58.522+0000] {processor.py:840} INFO - DAG(s) 'weather_to_kafka_dag' retrieved from /opt/airflow/dags/weather_to_kafka_dag.py
[2025-06-17T18:11:58.561+0000] {logging_mixin.py:188} INFO - [2025-06-17T18:11:58.561+0000] {dag.py:3036} INFO - Sync 1 DAGs
[2025-06-17T18:11:58.600+0000] {logging_mixin.py:188} INFO - [2025-06-17T18:11:58.600+0000] {dag.py:3823} INFO - Setting next_dagrun for weather_to_kafka_dag to 2025-06-17 18:10:00+00:00, run_after=2025-06-17 18:15:00+00:00
[2025-06-17T18:11:58.704+0000] {processor.py:183} INFO - Processing /opt/airflow/dags/weather_to_kafka_dag.py took 0.219 seconds
[2025-06-17T18:12:29.366+0000] {processor.py:161} INFO - Started process (PID=505) to work on /opt/airflow/dags/weather_to_kafka_dag.py
[2025-06-17T18:12:29.369+0000] {processor.py:830} INFO - Processing file /opt/airflow/dags/weather_to_kafka_dag.py for tasks to queue
[2025-06-17T18:12:29.372+0000] {logging_mixin.py:188} INFO - [2025-06-17T18:12:29.371+0000] {dagbag.py:538} INFO - Filling up the DagBag from /opt/airflow/dags/weather_to_kafka_dag.py
[2025-06-17T18:12:29.409+0000] {processor.py:840} INFO - DAG(s) 'weather_to_kafka_dag' retrieved from /opt/airflow/dags/weather_to_kafka_dag.py
[2025-06-17T18:12:29.447+0000] {logging_mixin.py:188} INFO - [2025-06-17T18:12:29.447+0000] {dag.py:3036} INFO - Sync 1 DAGs
[2025-06-17T18:12:29.492+0000] {logging_mixin.py:188} INFO - [2025-06-17T18:12:29.492+0000] {dag.py:3823} INFO - Setting next_dagrun for weather_to_kafka_dag to 2025-06-17 18:10:00+00:00, run_after=2025-06-17 18:15:00+00:00
[2025-06-17T18:12:29.568+0000] {processor.py:183} INFO - Processing /opt/airflow/dags/weather_to_kafka_dag.py took 0.209 seconds
[2025-06-17T18:13:00.260+0000] {processor.py:161} INFO - Started process (PID=506) to work on /opt/airflow/dags/weather_to_kafka_dag.py
[2025-06-17T18:13:00.264+0000] {processor.py:830} INFO - Processing file /opt/airflow/dags/weather_to_kafka_dag.py for tasks to queue
[2025-06-17T18:13:00.268+0000] {logging_mixin.py:188} INFO - [2025-06-17T18:13:00.267+0000] {dagbag.py:538} INFO - Filling up the DagBag from /opt/airflow/dags/weather_to_kafka_dag.py
[2025-06-17T18:13:00.305+0000] {processor.py:840} INFO - DAG(s) 'weather_to_kafka_dag' retrieved from /opt/airflow/dags/weather_to_kafka_dag.py
[2025-06-17T18:13:00.345+0000] {logging_mixin.py:188} INFO - [2025-06-17T18:13:00.344+0000] {dag.py:3036} INFO - Sync 1 DAGs
[2025-06-17T18:13:00.384+0000] {logging_mixin.py:188} INFO - [2025-06-17T18:13:00.384+0000] {dag.py:3823} INFO - Setting next_dagrun for weather_to_kafka_dag to 2025-06-17 18:10:00+00:00, run_after=2025-06-17 18:15:00+00:00
[2025-06-17T18:13:00.478+0000] {processor.py:183} INFO - Processing /opt/airflow/dags/weather_to_kafka_dag.py took 0.233 seconds
[2025-06-17T18:13:30.974+0000] {processor.py:161} INFO - Started process (PID=507) to work on /opt/airflow/dags/weather_to_kafka_dag.py
[2025-06-17T18:13:30.976+0000] {processor.py:830} INFO - Processing file /opt/airflow/dags/weather_to_kafka_dag.py for tasks to queue
[2025-06-17T18:13:30.977+0000] {logging_mixin.py:188} INFO - [2025-06-17T18:13:30.977+0000] {dagbag.py:538} INFO - Filling up the DagBag from /opt/airflow/dags/weather_to_kafka_dag.py
[2025-06-17T18:13:31.007+0000] {processor.py:840} INFO - DAG(s) 'weather_to_kafka_dag' retrieved from /opt/airflow/dags/weather_to_kafka_dag.py
[2025-06-17T18:13:31.044+0000] {logging_mixin.py:188} INFO - [2025-06-17T18:13:31.044+0000] {dag.py:3036} INFO - Sync 1 DAGs
[2025-06-17T18:13:31.088+0000] {logging_mixin.py:188} INFO - [2025-06-17T18:13:31.087+0000] {dag.py:3823} INFO - Setting next_dagrun for weather_to_kafka_dag to 2025-06-17 18:10:00+00:00, run_after=2025-06-17 18:15:00+00:00
[2025-06-17T18:13:31.169+0000] {processor.py:183} INFO - Processing /opt/airflow/dags/weather_to_kafka_dag.py took 0.199 seconds
[2025-06-17T18:14:01.538+0000] {processor.py:161} INFO - Started process (PID=508) to work on /opt/airflow/dags/weather_to_kafka_dag.py
[2025-06-17T18:14:01.539+0000] {processor.py:830} INFO - Processing file /opt/airflow/dags/weather_to_kafka_dag.py for tasks to queue
[2025-06-17T18:14:01.540+0000] {logging_mixin.py:188} INFO - [2025-06-17T18:14:01.540+0000] {dagbag.py:538} INFO - Filling up the DagBag from /opt/airflow/dags/weather_to_kafka_dag.py
[2025-06-17T18:14:01.573+0000] {processor.py:840} INFO - DAG(s) 'weather_to_kafka_dag' retrieved from /opt/airflow/dags/weather_to_kafka_dag.py
[2025-06-17T18:14:01.611+0000] {logging_mixin.py:188} INFO - [2025-06-17T18:14:01.611+0000] {dag.py:3036} INFO - Sync 1 DAGs
[2025-06-17T18:14:01.651+0000] {logging_mixin.py:188} INFO - [2025-06-17T18:14:01.651+0000] {dag.py:3823} INFO - Setting next_dagrun for weather_to_kafka_dag to 2025-06-17 18:10:00+00:00, run_after=2025-06-17 18:15:00+00:00
[2025-06-17T18:14:01.725+0000] {processor.py:183} INFO - Processing /opt/airflow/dags/weather_to_kafka_dag.py took 0.191 seconds
[2025-06-17T18:14:32.054+0000] {processor.py:161} INFO - Started process (PID=509) to work on /opt/airflow/dags/weather_to_kafka_dag.py
[2025-06-17T18:14:32.055+0000] {processor.py:830} INFO - Processing file /opt/airflow/dags/weather_to_kafka_dag.py for tasks to queue
[2025-06-17T18:14:32.057+0000] {logging_mixin.py:188} INFO - [2025-06-17T18:14:32.056+0000] {dagbag.py:538} INFO - Filling up the DagBag from /opt/airflow/dags/weather_to_kafka_dag.py
[2025-06-17T18:14:32.089+0000] {processor.py:840} INFO - DAG(s) 'weather_to_kafka_dag' retrieved from /opt/airflow/dags/weather_to_kafka_dag.py
[2025-06-17T18:14:32.127+0000] {logging_mixin.py:188} INFO - [2025-06-17T18:14:32.127+0000] {dag.py:3036} INFO - Sync 1 DAGs
[2025-06-17T18:14:32.167+0000] {logging_mixin.py:188} INFO - [2025-06-17T18:14:32.167+0000] {dag.py:3823} INFO - Setting next_dagrun for weather_to_kafka_dag to 2025-06-17 18:10:00+00:00, run_after=2025-06-17 18:15:00+00:00
[2025-06-17T18:14:32.252+0000] {processor.py:183} INFO - Processing /opt/airflow/dags/weather_to_kafka_dag.py took 0.201 seconds
[2025-06-17T18:15:05.892+0000] {processor.py:161} INFO - Started process (PID=521) to work on /opt/airflow/dags/weather_to_kafka_dag.py
[2025-06-17T18:15:05.893+0000] {processor.py:830} INFO - Processing file /opt/airflow/dags/weather_to_kafka_dag.py for tasks to queue
[2025-06-17T18:15:05.895+0000] {logging_mixin.py:188} INFO - [2025-06-17T18:15:05.894+0000] {dagbag.py:538} INFO - Filling up the DagBag from /opt/airflow/dags/weather_to_kafka_dag.py
[2025-06-17T18:15:05.926+0000] {processor.py:840} INFO - DAG(s) 'weather_to_kafka_dag' retrieved from /opt/airflow/dags/weather_to_kafka_dag.py
[2025-06-17T18:15:05.965+0000] {logging_mixin.py:188} INFO - [2025-06-17T18:15:05.964+0000] {dag.py:3036} INFO - Sync 1 DAGs
[2025-06-17T18:15:06.013+0000] {logging_mixin.py:188} INFO - [2025-06-17T18:15:06.012+0000] {dag.py:3823} INFO - Setting next_dagrun for weather_to_kafka_dag to 2025-06-17 18:15:00+00:00, run_after=2025-06-17 18:20:00+00:00
[2025-06-17T18:15:06.086+0000] {processor.py:183} INFO - Processing /opt/airflow/dags/weather_to_kafka_dag.py took 0.198 seconds
[2025-06-17T18:15:36.398+0000] {processor.py:161} INFO - Started process (PID=522) to work on /opt/airflow/dags/weather_to_kafka_dag.py
[2025-06-17T18:15:36.401+0000] {processor.py:830} INFO - Processing file /opt/airflow/dags/weather_to_kafka_dag.py for tasks to queue
[2025-06-17T18:15:36.403+0000] {logging_mixin.py:188} INFO - [2025-06-17T18:15:36.402+0000] {dagbag.py:538} INFO - Filling up the DagBag from /opt/airflow/dags/weather_to_kafka_dag.py
[2025-06-17T18:15:36.434+0000] {processor.py:840} INFO - DAG(s) 'weather_to_kafka_dag' retrieved from /opt/airflow/dags/weather_to_kafka_dag.py
[2025-06-17T18:15:36.474+0000] {logging_mixin.py:188} INFO - [2025-06-17T18:15:36.474+0000] {dag.py:3036} INFO - Sync 1 DAGs
[2025-06-17T18:15:36.521+0000] {logging_mixin.py:188} INFO - [2025-06-17T18:15:36.521+0000] {dag.py:3823} INFO - Setting next_dagrun for weather_to_kafka_dag to 2025-06-17 18:15:00+00:00, run_after=2025-06-17 18:20:00+00:00
[2025-06-17T18:15:36.599+0000] {processor.py:183} INFO - Processing /opt/airflow/dags/weather_to_kafka_dag.py took 0.210 seconds
[2025-06-17T18:16:09.547+0000] {processor.py:161} INFO - Started process (PID=534) to work on /opt/airflow/dags/weather_to_kafka_dag.py
[2025-06-17T18:16:09.548+0000] {processor.py:830} INFO - Processing file /opt/airflow/dags/weather_to_kafka_dag.py for tasks to queue
[2025-06-17T18:16:09.550+0000] {logging_mixin.py:188} INFO - [2025-06-17T18:16:09.549+0000] {dagbag.py:538} INFO - Filling up the DagBag from /opt/airflow/dags/weather_to_kafka_dag.py
[2025-06-17T18:16:09.578+0000] {processor.py:840} INFO - DAG(s) 'weather_to_kafka_dag' retrieved from /opt/airflow/dags/weather_to_kafka_dag.py
[2025-06-17T18:16:09.614+0000] {logging_mixin.py:188} INFO - [2025-06-17T18:16:09.613+0000] {dag.py:3036} INFO - Sync 1 DAGs
[2025-06-17T18:16:09.651+0000] {logging_mixin.py:188} INFO - [2025-06-17T18:16:09.651+0000] {dag.py:3823} INFO - Setting next_dagrun for weather_to_kafka_dag to 2025-06-17 18:15:00+00:00, run_after=2025-06-17 18:20:00+00:00
[2025-06-17T18:16:09.731+0000] {processor.py:183} INFO - Processing /opt/airflow/dags/weather_to_kafka_dag.py took 0.188 seconds
[2025-06-17T18:16:40.404+0000] {processor.py:161} INFO - Started process (PID=535) to work on /opt/airflow/dags/weather_to_kafka_dag.py
[2025-06-17T18:16:40.406+0000] {processor.py:830} INFO - Processing file /opt/airflow/dags/weather_to_kafka_dag.py for tasks to queue
[2025-06-17T18:16:40.408+0000] {logging_mixin.py:188} INFO - [2025-06-17T18:16:40.407+0000] {dagbag.py:538} INFO - Filling up the DagBag from /opt/airflow/dags/weather_to_kafka_dag.py
[2025-06-17T18:16:40.439+0000] {processor.py:840} INFO - DAG(s) 'weather_to_kafka_dag' retrieved from /opt/airflow/dags/weather_to_kafka_dag.py
[2025-06-17T18:16:40.481+0000] {logging_mixin.py:188} INFO - [2025-06-17T18:16:40.481+0000] {dag.py:3036} INFO - Sync 1 DAGs
[2025-06-17T18:16:40.524+0000] {logging_mixin.py:188} INFO - [2025-06-17T18:16:40.524+0000] {dag.py:3823} INFO - Setting next_dagrun for weather_to_kafka_dag to 2025-06-17 18:15:00+00:00, run_after=2025-06-17 18:20:00+00:00
[2025-06-17T18:16:40.605+0000] {processor.py:183} INFO - Processing /opt/airflow/dags/weather_to_kafka_dag.py took 0.205 seconds
